run,universe,direction,horizon_h,bucket,bucket_type,n_obs,n_days,n_symbols,mean_ret_gross,se_gross,t_stat_gross,median_ret_gross,mean_ret_net,se_net,t_stat_clustered,p_value_raw,ci_lo_net,ci_hi_net,median_ret_net,mean_ret_neutral,t_stat_neutral,ci_lo_neutral,ci_hi_neutral,mean_ret_neutral_net,t_stat_neutral_net,hit_rate_gross,hit_rate_net,mean_ret_net_dayeq,sharpe_daily_ann,max_dd,mean_net_slip5bp,mean_net_slip10bp,mean_net_slip20bp,funding_cov,mean_stop_pct_1atr,mean_funding_paid,reliable,boot_ci_lo_net,boot_ci_hi_net,n_tests_bonferroni,p_value_bonferroni,n_tests_family,p_value_bonferroni_family
R1,exec,long,24,D1,decile,29126,730,652,-0.0030575251205792217,0.0014051749605167776,-2.1759035041833963,-0.006903132044256799,-0.0015993281609729287,0.0014063464551748576,-1.1372220231280612,0.255819644720332,-0.004360306802613975,0.0011616504806681175,-0.00684309934426236,-0.0021004837186660657,-3.5305799525965913,-0.003268484143776794,-0.0009324832935553372,-0.0006300661237605046,-1.0470715863504316,0.43348096268067426,0.4310433618292306,-0.0011178830384810886,-0.5426906144407946,-0.8087434580991218,-0.00109932816097293,-0.0015993281609729304,-0.0025993281609729304,0.9965667593641638,0.11990918139978811,-0.0034616138419402624,True,,,194,1.0,30,1.0
R1,exec,long,24,D10,decile,24651,729,591,0.0017782629989841518,0.001610269679851707,1.1043262015266384,-0.0023677979479084232,-0.0013019869741913836,0.001608140882344271,-0.8096224581352656,0.41842210132583135,-0.0044591413033489135,0.001855167354966146,-0.005467599423821827,0.002542342198590367,2.9194854831675214,0.0008327268422088823,0.004251957554971852,-0.0005232678045038254,-0.6059705827278693,0.4513001500953308,0.4267981014968967,-0.0012188982271784526,-0.49601223455001325,-0.9125224878650724,-0.000801986974191385,-0.0013019869741913855,-0.0023019869741913853,0.9935905237110056,0.15769253955549767,0.0010710259449638626,True,,,194,1.0,30,1.0
R1,exec,long,24,D2,decile,27592,705,676,-0.000808580022827523,0.001513055201097376,-0.5344021964572626,-0.0024699525869328887,-0.0024015443779691003,0.0015168675687139883,-1.5832261348992698,0.11381967203792177,-0.005379677520895949,0.0005765887649577489,-0.004316882120147544,-0.0002760392290301413,-0.7612960103621523,-0.0009879288018553888,0.00043585034379510615,-0.0018534117371279406,-5.028327443781525,0.4683241519280951,0.4482096259785445,-0.0027700415110706728,-1.2799843672578077,-0.9329851705459158,-0.001901544377969101,-0.0024015443779691007,-0.0034015443779691016,0.9977167294868078,0.0922664115511922,-0.0004070566682407643,True,,,194,1.0,30,1.0
R1,exec,long,24,D3,decile,27073,672,658,0.0006487980394588557,0.0016949271193104417,0.3827881636130823,-0.001051524710830809,-0.0012331709608518588,0.0016949745863095273,-0.7275453985046733,0.4671460691048974,-0.004561272178609511,0.0020949302569057936,-0.0030285433451910076,-0.0003041584612206519,-0.7792282912831324,-0.0010705793875081416,0.0004622624650668378,-0.002177468114796491,-5.5621780310463675,0.4822708133264387,0.46103272512373494,-0.002332956712164663,-1.0654367688458566,-0.9217266404214678,-0.00073317096085186,-0.0012331709608518608,-0.0022331709608518603,0.9984117603604935,0.08740371205630079,-0.0001099452683955458,True,,,194,1.0,30,1.0
R1,exec,long,24,D4,decile,27698,638,669,0.0012968011015746992,0.0017353346056815859,0.7472916735071711,-0.0009667690799325945,-0.0006669320786803806,0.0017362206142972245,-0.3841286488528054,0.7010114899213022,-0.004076350163163676,0.0027424860058029156,-0.0030243752263673356,4.6964984605428335e-06,0.012477196511833533,-0.0007344511871794701,0.0007438441841005557,-0.001948683512286738,-5.18540568567281,0.48093725178713265,0.4593472452884685,-0.0008081235829240725,-0.3599707371665865,-0.8182738433967089,-0.00016693207868038204,-0.0006669320786803829,-0.001666932078680382,0.9977254675427829,0.0867108951562205,-8.823673602316663e-06,True,,,194,1.0,30,1.0
R1,exec,long,24,D5,decile,28355,628,634,-0.002592434713205634,0.0019477606998723692,-1.3309821444572263,-0.0035407182599899167,-0.004718400848403962,0.0019520596728158882,-2.4171396572101544,0.015927790665967414,-0.008551779050976184,-0.0008850226458317397,-0.0057122359062296135,-0.0007939033867118327,-2.168984215680982,-0.0015126875515128813,-7.511922191078392e-05,-0.0029094600475284933,-7.910383591424768,0.4549109504496561,0.4327984482454594,-0.0021652618254863576,-0.9663497852275227,-0.9147009471276649,-0.004218400848403963,-0.004718400848403964,-0.005718400848403962,0.9975312995944278,0.087584423518433,9.523344882446331e-05,True,,,194,1.0,30,0.4778337199790224
R1,exec,long,24,D6,decile,31834,586,641,-0.004709603898280026,0.0024765433938017294,-1.9016843839955238,-0.004872276957762101,-0.006884571689881976,0.002481904672970289,-2.7739065745996894,0.005715842833961103,-0.011759117799002166,-0.0020100255807617862,-0.0070999276934202,-0.00038569120593215226,-1.1023988012396364,-0.0010728364560257126,0.0003014540441614081,-0.002547309732786872,-7.261095284593809,0.435760507633348,0.41663001821951373,-0.0028789130826094482,-1.3243531991620616,-0.9093087903950529,-0.006384571689881979,-0.00688457168988198,-0.00788457168988198,0.997581202487906,0.08895733614260105,0.0001557822265957083,True,,,194,1.0,30,0.17147528501883308
R1,exec,long,24,D7,decile,34917,528,639,-0.0021277556428984275,0.0027658634353045003,-0.769291648943679,-0.001823154056517784,-0.0043129207969753195,0.0027643992540870863,-1.5601656636966559,0.11932216584242299,-0.009743539523041696,0.0011176979290910567,-0.0040772059376681016,4.583539925675343e-05,0.09749190576409304,-0.0008777543494996268,0.0009694251480131338,-0.0021370419051449548,-4.550590599965448,0.4643583354812842,0.44668785978176817,-0.002372695450232269,-1.016144458744836,-0.8863584006922111,-0.0038129207969753226,-0.004312920796975323,-0.005312920796975322,0.9997422458974139,0.0910669975946245,0.00018078774578892518,True,,,194,1.0,30,1.0
R1,exec,long,24,D8,decile,43814,508,637,0.0017103636169736247,0.0018257002927410707,0.9368260627299995,-0.0002789442818718624,-0.0005403431981557405,0.0018310203066229111,-0.29510497300400573,0.7680347353083271,-0.0041376816166237935,0.0030569952203123125,-0.0026126620332865124,0.0002370658098393254,0.7386092974796533,-0.0003935142519320843,0.0008676458716107352,-0.0019953349949037536,-6.187102629752337,0.46617519514310496,0.4446980417218241,-0.0012284796189532129,-0.5774371611922018,-0.8144455037285432,-4.034319815574427e-05,-0.0005403431981557444,-0.0015403431981557442,0.9965079654904825,0.09931201058703272,0.00022389096630859854,True,,,194,1.0,30,1.0
R1,exec,long,24,D9,decile,22545,536,669,-0.00012013671559257801,0.002150928358293099,-0.05585342493132327,0.0,-0.0024207392985657146,0.002155113265230387,-1.1232538621615935,0.26183442478661084,-0.006654279043484385,0.0018128004463529562,-0.0023000000000000086,0.0006779426100929561,1.1707498121610742,-0.0004595812934783789,0.0018154665136642912,-0.0016186161945356819,-2.7827553433561203,0.43573139359531626,0.4179898873414353,-0.002170182029938614,-0.9579645924321363,-0.9312154152574316,-0.0019207392985657174,-0.0024207392985657176,-0.003420739298565717,0.997471835358822,0.1047597504434506,0.0002978655569389419,True,,,194,1.0,30,1.0
R1,exec,long,24,Q1,quintile,56718,730,698,-0.001963465154833517,0.0014041223048699904,-1.398357641655238,-0.0046649716247610384,-0.001989812110291968,0.0014046845779256824,-1.4165543934641553,0.1570409980683862,-0.004747528108099328,0.0007679038875153922,-0.005577449379457334,-0.001212933516648462,-3.589164909654528,-0.0018763913345240656,-0.0005494756987728586,-0.0012255375395323438,-3.6028027473870403,0.4504310724801213,0.43939420652691336,-0.0017423447516008528,-0.8496187322130461,-0.8804955376687684,-0.001489812110291969,-0.0019898121102919697,-0.0029898121102919697,0.997126183465858,0.10646184795486738,-0.001974788316182191,True,,,194,1.0,30,1.0
R1,exec,long,24,Q2,quintile,54771,689,689,0.0009764968000161694,0.0015845247704524977,0.6162710853281947,-0.0010138560324434165,-0.0009469181206651069,0.0015849491436749604,-0.5974438513967233,0.5504079471843326,-0.004058843818860545,0.002165007577530331,-0.0030273801393728827,-0.00014796878651597743,-0.45745173441345066,-0.0007830621976225299,0.00048712462459057514,-0.002061809786975087,-6.396221244949947,0.4815964361352516,0.46018038413788065,-0.002102734182771154,-0.9560455180538893,-0.9261293688462768,-0.00044691812066510815,-0.0009469181206651089,-0.0019469181206651083,0.998064704593588,0.08705335708481128,-5.882582903450077e-05,True,,,194,1.0,30,1.0
R1,exec,long,24,Q3,quintile,60189,696,667,-0.0037122068283372716,0.0017847779716983398,-2.0799264038455436,-0.004210526315789442,-0.005864116970665333,0.0017884343804230214,-3.2789108925977386,0.0010940903735331613,-0.00937550776992291,-0.002352726171407755,-0.006433112361007888,-0.0005779997072531215,-1.9852872051820822,-0.0011496222400875801,-6.377174418662791e-06,-0.002717914004004799,-9.30496575142021,0.4447822691853993,0.4242469554237485,-0.002800982071058419,-1.2574425367174864,-0.9494196618633761,-0.005364116970665337,-0.005864116970665337,-0.006864116970665335,0.9975576932662115,0.08831055786985546,0.00012725849022350775,True,,,194,0.21225353246543327,30,0.03282271120599484
R1,exec,long,24,Q4,quintile,78731,674,647,8.167402052533274e-06,0.0016652697411662838,0.004904552007780538,-0.000956937799043156,-0.002216489500381732,0.001667465927783097,-1.329256246530065,0.18421453823517384,-0.005490559531093419,0.001057580530329955,-0.003247137867755918,0.00015225560488433108,0.5547453611049156,-0.0003866459559102325,0.0006911571656788947,-0.002058295002320163,-7.48467655353599,0.46536942246383256,0.445580521014594,-0.0019344497733669473,-0.8995758128366457,-0.9124092897022914,-0.0017164895003817344,-0.0022164895003817346,-0.003216489500381735,0.997942360696549,0.0956553681125828,0.0002047403188280304,True,,,194,1.0,30,1.0
R1,exec,long,24,Q5,quintile,47196,730,681,0.0008714187417349702,0.0015769478117156055,0.552598339184687,-0.00018687942914552558,-0.0018374907367875379,0.0015798300739698777,-1.163093909315321,0.24517249692711512,-0.004939057264439996,0.00126407579086492,-0.003054716981132131,0.001651739420332164,3.1374138312482884,0.0006181704581374504,0.0026853083825268773,-0.001047569002754957,-2.002553198184007,0.4438629573913596,0.4225904188825561,-0.0021861202529138463,-0.9936734744995519,-0.9435637523934665,-0.0013374907367875407,-0.001837490736787541,-0.0028374907367875414,0.9954446257177363,0.1324065539352207,0.0007009351875186187,True,,,194,1.0,30,1.0
R1,exec,long,48,D1,decile,29125,730,652,-0.005792466562981358,0.001973409137611784,-2.935258813076841,-0.011737089201877993,-0.0015500166695223395,0.0019879428525040417,-0.7797088671688505,0.43581601216504123,-0.005452810542750471,0.002352777203705792,-0.00992870077151353,-0.004050658564768198,-4.937266952556845,-0.005661336687830716,-0.0024399804417056794,0.00025771791699404816,0.3046131762225483,0.42201393895698147,0.4279191128506197,-0.0007981662688130097,-0.1934104217773618,-0.6731349873241761,-0.0010500166695223403,-0.0015500166695223414,-0.0025500166695223416,0.9938201668554949,0.11990918139978811,-0.006186045557743463,True,-0.005467928445244695,0.002265458903458908,194,1.0,30,1.0
R1,exec,long,48,D10,decile,24651,729,591,0.0032049505970919,0.002339570742532529,1.3698883042205503,-0.0053241465706233004,-0.0007514854413805063,0.0023369389482729773,-0.3215682814203863,0.7478723347821952,-0.005339450305228032,0.003836479422467019,-0.00930057727979419,0.005404620399863092,4.194215596704915,0.0028748263343202725,0.007934414465405912,0.001499880578311241,1.1682746287826493,0.44448501075007096,0.4190905034278528,0.0009629106028211653,0.18386918904451902,-0.7387690513875035,-0.0002514854413805061,-0.0007514854413805076,-0.0017514854413805078,0.9892093627033386,0.15769253955549767,0.0019781398835349495,True,-0.0053040953712074545,0.0037107320521376354,194,1.0,30,1.0
R1,exec,long,48,D2,decile,27592,705,676,-0.0010926841264012823,0.002142989197241322,-0.5098878369559205,-0.0039727362752985385,-0.0022150357291283833,0.0021529984258390703,-1.0288143746622276,0.3039212530492692,-0.006442123085252088,0.002012051626995321,-0.005659663437021732,-0.0005093004428127331,-0.9361355826156348,-0.0015774465953756625,0.0005588457097501965,-0.0015701713832633843,-2.8182134105754564,0.46401130762539866,0.4502391997680487,-0.002755330950238712,-0.6201752309857427,-0.820540332500502,-0.001715035729128384,-0.002215035729128384,-0.003215035729128385,0.9956146709191069,0.0922664115511922,-0.000885840435732227,True,-0.006677496599901168,0.0020033040065389096,194,1.0,30,1.0
R1,exec,long,48,D3,decile,27073,672,658,0.000728371746482074,0.002279007830788823,0.3196003702321487,-0.0018201674554059188,-0.0009813797373206094,0.002282352762531614,-0.4299860010387048,0.6673442903642425,-0.005462816578274408,0.0035000571036331897,-0.003840228619792682,-0.00021368767400645406,-0.3803857231201007,-0.001316717935027114,0.0008893425870142057,-0.0018842371729039418,-3.327736010637243,0.48023934402009305,0.46254709315210163,-0.0017768113955575475,-0.4005183717512364,-0.7900022500076361,-0.00048137973732061053,-0.000981379737320611,-0.0019813797373206114,0.9970451355544064,0.08740371205630079,-0.0002996024768467065,True,-0.00522419229293499,0.0036648702520113183,194,1.0,30,1.0
R1,exec,long,48,D4,decile,27698,638,669,0.0016774182740874088,0.0027308201755600415,0.6142543874180221,-0.0011707876955805996,-0.00020001444486862738,0.002735628393981786,-0.07311462525708785,0.9417379274553569,-0.005571986673625484,0.005171957783888229,-0.003328332119446579,2.8965674017836513e-05,0.05261981915876816,-0.0010519911307880366,0.0011099224788237096,-0.0018021988186594092,-3.262190196663854,0.4826702288973933,0.4660625315907286,0.00018929371115922503,0.041966451607096396,-0.7044755547628887,0.0002999855551313717,-0.00020001444486862912,-0.0012000144448686295,0.9955592461549571,0.0867108951562205,-0.00011248234016319313,True,-0.00540211187631164,0.005093667755191529,194,1.0,30,1.0
R1,exec,long,48,D5,decile,28355,628,634,-0.002996820379391093,0.0029744482041821857,-1.0075214539548718,-0.0036310820624546603,-0.005128068449708915,0.0029858751262489287,-1.7174423687808953,0.08639373954789825,-0.010991631054563893,0.0007354941551460641,-0.005930380541385446,-0.0014713663312884429,-2.834694785424601,-0.002490665680578696,-0.0004520669819981899,-0.003559929403051332,-6.835673871229354,0.4624581202609769,0.4438723329218833,-0.0020358231888806633,-0.4340598234293741,-0.7944777490165595,-0.004628068449708918,-0.005128068449708919,-0.006128068449708918,0.9953800035267149,0.087584423518433,9.888023278060832e-05,True,-0.011247830796417745,0.0003776338644680275,194,1.0,30,1.0
R1,exec,long,48,D6,decile,31834,586,641,-0.010211818929645516,0.003322899702552936,-3.073164959447895,-0.011673820999589135,-0.012535693457808639,0.003335971945351322,-3.757733477128647,0.00018870563683429345,-0.01908768039264562,-0.005983706522971656,-0.01421744620178028,-0.0015315058737172126,-3.204145493195906,-0.002470264591099919,-0.0005927471563345061,-0.003789672959317746,-7.8530994180059075,0.4009863667776591,0.38518565056229187,-0.004637184791478536,-1.0128858253260307,-0.8689091087529035,-0.012035693457808642,-0.012535693457808642,-0.013535693457808641,0.9956964252057549,0.08895733614260105,0.00023902642174337686,True,-0.019204062399616636,-0.006066152508602561,194,0.03660889354585293,30,0.005661169105028803
R1,exec,long,48,D7,decile,34917,528,639,-0.0047778852028362295,0.003868626286575109,-1.235034053151225,-0.004016064257028162,-0.007076443280693257,0.0038710070100933095,-1.8280626364772925,0.06810747122737543,-0.014681008891542516,0.000528122330156003,-0.006594985983278774,-0.00047884680004602645,-0.709115389784172,-0.0018054050469857364,0.0008477114468936836,-0.002749716506645868,-4.068050538448167,0.4567116304378956,0.44199100724575424,-0.0015637055199646701,-0.33596315651402436,-0.7275164141484094,-0.006576443280693259,-0.0070764432806932585,-0.008076443280693258,0.9984534753844833,0.0910669975946245,0.0002869021902876861,True,-0.014647169133073859,-6.34392646621636e-05,194,1.0,30,1.0
R1,exec,long,48,D8,decile,43813,508,637,0.0008474538348649848,0.002520811948998624,0.33618288551894177,-0.0015988743924277848,-0.0016436732434579888,0.0025325688040131514,-0.6490142502163796,0.5166242067169403,-0.006619341878428142,0.0033319953915121638,-0.004258533962264164,0.0006809696864690885,1.5796603183652966,-0.00016596545320770608,0.001527904826145883,-0.0017304885726806272,-3.9862318421205853,0.4592367736339983,0.4388323366960332,-0.0001998338741332532,-0.04672234491539632,-0.6613674498708,-0.0011436732434579923,-0.0016436732434579927,-0.002643673243457992,0.99342675857032,0.09931201058703272,0.000394974922804748,True,-0.006611692613752101,0.0035068692782685104,194,1.0,30,1.0
R1,exec,long,48,D9,decile,22544,536,669,0.004560324004719296,0.0029086214060579357,1.5678644168750442,0.0,0.001949061507531003,0.002915892166354325,0.6684271558532534,0.5041503296911087,-0.003778989165325921,0.007677112180387927,-0.0025999999999999964,0.0013486316436336554,1.594493433715734,-0.0003128758627253716,0.0030101391499926826,-0.0012856516903188026,-1.5125545671594542,0.4587509979597268,0.4419852745498093,0.0003810801645331569,0.0807668801554659,-0.7566598938982485,0.002449061507531001,0.0019490615075309998,0.0009490615075309997,0.9956089772021645,0.1047597504434506,0.0005280073145631815,True,-0.0037479915358459726,0.007960759590556265,194,1.0,30,1.0
R1,exec,long,48,Q1,quintile,56717,730,698,-0.0035060903972794107,0.0019791782225031668,-1.7714879627389397,-0.007684098185699151,-0.001873827130482275,0.001986781592098494,-0.9431470162269254,0.3459190215619692,-0.005774341179624777,0.002026686918660227,-0.007645756535628952,-0.00232783906971389,-4.884750386280098,-0.003263417733922673,-0.0013922604055051071,-0.0006323162381935149,-1.2958797082707547,0.4424443308238862,0.4387771293570056,-0.0016027101421432666,-0.3869971937899043,-0.7495160351563759,-0.0013738271304822756,-0.0018738271304822767,-0.0028738271304822763,0.994693136338793,0.10646184795486738,-0.003605274617497962,True,-0.00576373581338144,0.002005507551084012,194,1.0,30,1.0
R1,exec,long,48,Q2,quintile,54771,689,689,0.0012083098655891274,0.002295874788365174,0.5262960644511149,-0.0014760147601476925,-0.0005865302295621547,0.0022992830525746942,-0.2550926598207946,0.7987279906878564,-0.005101007211287074,0.003927946752162764,-0.003539876531217871,-9.097652333225029e-05,-0.19617007947993,-0.0010015381448549156,0.0008195850981904151,-0.001842780501992547,-3.9669215090919323,0.4814686336084131,0.4643248375082159,-0.0014663900505227545,-0.33073668984407895,-0.8001224807801128,-8.653022956215536e-05,-0.0005865302295621555,-0.0015865302295621558,0.9962937267216826,0.08705335708481128,-0.00020504626784438132,True,-0.004903659008917902,0.003769128395681397,194,1.0,30,1.0
R1,exec,long,48,Q3,quintile,60189,696,667,-0.006812837655783779,0.002513466509793268,-2.710534486629835,-0.007973944294698998,-0.009046552618560183,0.002523317131156509,-3.58518257846325,0.00036048845583540697,-0.014000815962535662,-0.0040922892745847055,-0.01037050596943105,-0.0015031741731478768,-3.750659091437731,-0.002290051041816621,-0.0007162973044791326,-0.0036814591088802835,-9.134434937051394,0.42994567113592186,0.4128329096678795,-0.00419467428181393,-0.8993134026375641,-0.8959812810153208,-0.008546552618560186,-0.009046552618560189,-0.010046552618560188,0.9955473591520045,0.08831055786985546,0.00017301473907310803,True,-0.013995463317791331,-0.004249643491942203,194,0.06993476043206895,30,0.01081465367506221
R1,exec,long,48,Q4,quintile,78730,674,647,-0.0016474015338561283,0.002322566579807926,-0.7093021781069315,-0.0027257243368642436,-0.004059893351231284,0.0023294617315461766,-1.742846124600869,0.08181858722377068,-0.008633804712131078,0.0005140180096685106,-0.00535922194281748,0.00016658746546504582,0.43456954322861513,-0.0005860968510140469,0.0009192717819441385,-0.0021837893771638416,-5.674853473820295,0.4581168789930269,0.4402331991210578,-0.0012212347158230671,-0.2825035162472048,-0.7694752876620377,-0.003559893351231287,-0.004059893351231288,-0.005059893351231288,0.9956560948038257,0.0956553681125828,0.00034691027503857766,True,-0.008851263449729304,0.0006169838582352426,194,1.0,30,1.0
R1,exec,long,48,Q5,quintile,47195,730,681,0.003852382276328091,0.0022359040231800325,1.722964061243116,0.0,0.0005428510153420815,0.0022400853097649534,0.2423349740189321,0.8085889622113203,-0.003854957106479281,0.004940659137163444,-0.00270000000000002,0.0034671649380464517,4.274618758740859,0.0018747844513870154,0.005059545424705888,0.0001648117811854383,0.20467582036695564,0.4512998707544971,0.43002733224569356,-0.0019187568454075567,-0.42050150615823706,-0.877479612396853,0.0010428510153420816,0.0005428510153420795,-0.00045714898465792,0.9922664576138314,0.1324065539352207,0.0012830782637939758,True,-0.003991672423672118,0.005055610666901518,194,1.0,30,1.0
R1,exec,long,72,D1,decile,29125,730,652,-0.008869842091096954,0.0023676826091376343,-3.7462124597551356,-0.016688061617458283,-0.002111651951363752,0.002393829538912962,-0.8821229402669386,0.3780022932993664,-0.006811306524149834,0.0025880026214223297,-0.013916692463057767,-0.006330271067446909,-6.50749609349564,-0.00824002812360023,-0.004420514011293589,0.0005218364697325759,0.5226392337894363,0.4112335633604559,0.4212929584234559,-0.000944944971384631,-0.1533343634023488,-0.6375570102153859,-0.0016116519513637512,-0.002111651951363751,-0.0031116519513637517,0.9910392419404676,0.11990918139978811,-0.008558153067276381,True,,,194,1.0,30,1.0
R1,exec,long,72,D10,decile,24650,729,591,0.006592843911249626,0.002974204532542821,2.2166746903626766,-0.007335413920202316,0.0019689023831514765,0.002995708472360243,0.6572409836662871,0.5112345656529875,-0.003912396689752283,0.007850201456055236,-0.012035313649716354,0.009197473092900293,5.060842515957484,0.0056295422563176906,0.012765403929482895,0.004639334921779849,2.529688313673033,0.4403066812705367,0.4126404608332319,0.0038314821858971494,0.4631782924973531,-0.7007004691265459,0.002468902383151477,0.0019689023831514765,0.0009689023831514765,0.9853555636688167,0.15769253955549767,0.002802111198023861,True,,,194,1.0,30,1.0
R1,exec,long,72,D2,decile,27591,705,676,-0.002327229860933224,0.00253049517538684,-0.9196737000604863,-0.006188860051906664,-0.0029334758740133505,0.002544306168478489,-1.1529571049098966,0.24932098045828313,-0.007928849211380306,0.002061897463353605,-0.007679816090534862,-0.0011529925526932387,-1.883699706684238,-0.0023547317085362155,4.874660314973839e-05,-0.0016783267202628185,-2.680414796101264,0.45556683096549727,0.44288199478109597,-0.0035908216637898257,-0.5549650920651996,-0.7888484831402967,-0.0024334758740133505,-0.002933475874013351,-0.003933475874013351,0.9933314004059147,0.0922664115511922,-0.0013892600795388217,True,,,194,1.0,30,1.0
R1,exec,long,72,D3,decile,27073,672,658,0.0008565979527856651,0.0028295450322670204,0.30273345821231273,-0.004108448562947897,-0.0006342085474242547,0.0028334317811636355,-0.22383053357430668,0.822957607177098,-0.006197713116056532,0.004929296021208022,-0.006082233787545766,-0.00023671351450920032,-0.3334124177619596,-0.0016307477721109768,0.001157320743092576,-0.0016765177317856128,-2.353842526233372,0.470636034571914,0.4579301174558617,-0.0016933676275074322,-0.2575849494954972,-0.7418560949089299,-0.0001342085474242544,-0.0006342085474242549,-0.0016342085474242544,0.9961956120262982,0.08740371205630079,-0.0005083916069111265,True,,,194,1.0,30,1.0
R1,exec,long,72,D4,decile,27698,638,669,0.0011183010123560705,0.0032620740100503328,0.3428190190996971,-0.0039767330509793974,-0.0006646475901479528,0.0032730200817139635,-0.20306859522838636,0.8391465715557733,-0.007091918918515648,0.005762623738219742,-0.0062049510463272235,-0.0003403760716762437,-0.52963140306275,-0.0016023760470991301,0.0009216239037466426,-0.002066285279742651,-3.184246840723781,0.47010614484800345,0.45440103978626617,-0.0003373536690577091,-0.05223018342850759,-0.6299543149285711,-0.00016464759014795324,-0.0006646475901479539,-0.0016646475901479537,0.9931402989385515,0.0867108951562205,-0.00023032781336338812,True,,,194,1.0,30,1.0
R1,exec,long,72,D5,decile,28355,628,634,-0.0028916630141867933,0.003587247264769117,-0.806095259333317,-0.006691246756793667,-0.00492986032404046,0.0036048044893258065,-1.3675804994801462,0.1719357724872323,-0.012008877908279869,0.002149157260198949,-0.009022547103351533,-0.0019061505372252475,-3.029654610180321,-0.003141674898994807,-0.0006706261754556876,-0.0038967557550114214,-6.214420420490934,0.4529007229765473,0.4373831775700935,-0.0016341584956839326,-0.24593384938688687,-0.7139304743010927,-0.004429860324040458,-0.004929860324040459,-0.00592986032404046,0.993334508904955,0.087584423518433,5.695312965986776e-05,True,,,194,1.0,30,1.0
R1,exec,long,72,D6,decile,31834,586,641,-0.017992787111995697,0.004472133414883063,-4.023311793900533,-0.01846037513771709,-0.020394030711485298,0.004496696182984725,-4.535336585259039,6.986865031093856e-06,-0.02922575964445621,-0.011562301778514385,-0.021279443234747706,-0.0028317125477463337,-4.691253790760448,-0.004017229534700878,-0.001646195560791789,-0.005104058196124213,-8.346084015976462,0.38267261418609033,0.3680655902494189,-0.006386500801497333,-0.9328027093069622,-0.8573178711462076,-0.019894030711485294,-0.020394030711485295,-0.021394030711485296,0.9937488220141987,0.08895733614260105,0.0002748403420262282,True,,,194,0.001355451816032208,30,0.0002096059509328157
R1,exec,long,72,D7,decile,34917,528,639,-0.0039611199007368115,0.00401341221699703,-0.9869706091891689,-0.006556481355006083,-0.006333347399144549,0.004016422406147329,-1.576862879126223,0.11543057068423547,-0.01422361530884512,0.0015569205105560226,-0.009207821478280444,-0.0003774131173752072,-0.4798709797456896,-0.0019224510591439553,0.0011676248243935408,-0.0027329543837679646,-3.471629450526953,0.44640146633445027,0.4320531546238222,-8.157713955239481e-05,-0.012133592403454074,-0.602905605503447,-0.005833347399144549,-0.0063333473991445495,-0.007333347399144549,0.9980238852135063,0.0910669975946245,0.0003607641276400196,True,,,194,1.0,30,1.0
R1,exec,long,72,D8,decile,43813,508,637,0.0006039218048871931,0.0031056237629240825,0.19446071095185527,-0.004763795156808359,-0.0020189874739602884,0.0031309300689549755,-0.6448523057029424,0.5193163091601256,-0.008170269434307409,0.004132294486386832,-0.007776349207232079,0.0006899436661315681,1.2044662468969822,-0.00043545158765218625,0.0018153389199153224,-0.001857063668253201,-3.2107164188169404,0.4441959191126124,0.424567489843429,0.00011060316083288902,0.01722431967505778,-0.5944659617538832,-0.0015189874739602878,-0.0020189874739602875,-0.0030189874739602876,0.9889304788423792,0.09931201058703272,0.0005276771762560688,True,,,194,1.0,30,1.0
R1,exec,long,72,D9,decile,22543,536,669,0.005204860589292449,0.0034617912932811707,1.5035165751887818,0.0,0.0023357768962006683,0.0034748751354611823,0.6721901665944799,0.5017544590170357,-0.004490382944701974,0.009161936737103311,-0.002900000000000026,0.0023540968663588596,2.1394161245397143,0.0001925693834922593,0.00451562434922546,-0.0005987497867602115,-0.5425492042231649,0.44868269316064935,0.4332919364854076,0.0011192814086603677,0.16372318164796779,-0.6732679697852058,0.002835776896200667,0.0023357768962006674,0.001335776896200667,0.9945444868269316,0.1047597504434506,0.0006963249877357895,True,,,194,1.0,30,1.0
R1,exec,long,72,Q1,quintile,56716,730,698,-0.0056870151279393355,0.0023599761392744385,-2.40977653684574,-0.011252285645250881,-0.0025119101257645745,0.0023748303668941644,-1.057721915965596,0.29053404893104096,-0.007174264822262123,0.002150444570732973,-0.01047885237521509,-0.0038116468432320754,-6.744165951161767,-0.00492121539576759,-0.0027020782906965607,-0.0005497231156494683,-0.9554624000019086,0.4328002961970416,0.431795341948906,-0.0018703361141284589,-0.30288025442619404,-0.7153388211839513,-0.002011910125764574,-0.002511910125764576,-0.003511910125764576,0.9921543045540295,0.10646184795486738,-0.005066575802324342,True,,,194,1.0,30,1.0
R1,exec,long,72,Q2,quintile,54771,689,689,0.0009889426487740733,0.0027527091744779923,0.35926158053424245,-0.004031097034264408,-0.0006495783698708117,0.0027594983863486948,-0.23539726389560203,0.8139707649490076,-0.006067669054646179,0.0047685123149045555,-0.006142939425884246,-0.0002891362474958678,-0.5114834186474534,-0.0013990359998817484,0.0008207635048900127,-0.0018733260894566392,-3.303631821577605,0.47036807127729496,0.4561454757905499,-0.001556632122134736,-0.23822166740356693,-0.7618093401603977,-0.00014957836987081042,-0.000649578369870811,-0.0016495783698708111,0.9946505513766158,0.08705335708481128,-0.00036798927146239964,True,,,194,1.0,30,1.0
R1,exec,long,72,Q3,quintile,60189,696,667,-0.010878657058441533,0.003239987969703051,-3.3576226702590426,-0.013050570962479635,-0.013110476537930151,0.0032583433165454903,-4.0236633357070355,6.361589288467865e-05,-0.019507901367249746,-0.006713051708610557,-0.015563659707351822,-0.002395680867400666,-4.8557223982772015,-0.0033643605247152646,-0.0014270012100860675,-0.004535424217488691,-9.163111013614511,0.4157570320158168,0.4007210619880709,-0.005664313612113916,-0.8410866187903111,-0.8767008952998305,-0.012610476537930149,-0.013110476537930151,-0.014110476537930152,0.99355363936932,0.08831055786985546,0.00017221645240045422,True,,,194,0.012341483219627658,30,0.0019084767865403594
R1,exec,long,72,Q4,quintile,78730,674,647,-0.001420688397516889,0.002612459262852486,-0.5438126510595503,-0.005517041131002376,-0.003942171247405093,0.002625411434641414,-1.5015441752821979,0.13368598742701618,-0.009097195436746735,0.0012128529419365474,-0.008376694153100606,0.00021656761113720633,0.4564222610350188,-0.0007150903934522577,0.0011482256157266703,-0.002247503696577219,-4.711035345667831,0.4451740737447765,0.4278873633003518,-0.0003538518911788173,-0.05625749449051711,-0.6654690450003043,-0.003442171247405093,-0.003942171247405093,-0.004942171247405093,0.9929633816412848,0.0956553681125828,0.0004532743989920132,True,,,194,1.0,30,1.0
R1,exec,long,72,Q5,quintile,47193,730,681,0.0059298365155155,0.0027219683664279604,2.178510444372734,-0.000550964187327807,0.002144995865972347,0.0027369086364823375,0.7837294374317305,0.43345449270891917,-0.0032282042636337105,0.0075181959955784045,-0.0047426188009797015,0.005928551213068039,5.2794725522873405,0.003723961525344152,0.008133140900791926,0.002125143974114078,1.8922547805792358,0.44430790092590633,0.42250566773311865,-0.0004872579770603246,-0.06887717203928985,-0.7944428819003541,0.002644995865972347,0.002144995865972347,0.0011449958659723468,0.9897451109180668,0.1324065539352207,0.0017912995568685206,True,,,194,1.0,30,1.0
R1,exec,short,24,D1,decile,29126,730,652,0.0030575251205792217,0.0014051749605167776,2.1759035041833963,0.006903132044256799,-0.002400671839027072,0.0014063464551748576,-1.70702733326731,0.08824338561791205,-0.005161650480668118,0.0003603068026139743,0.00284309934426236,0.0021004837186660657,3.5305799525965913,0.0009324832935553372,0.003268484143776794,-0.003369933876239497,-5.600304280176466,0.5583135921996772,0.5236721941840904,-0.002882116961518914,-1.3991605301232015,-0.9528970244911518,-0.0019006718390270716,-0.0024006718390270723,-0.003400671839027072,0.9965667593641638,0.11990918139978811,-0.0034616138419402624,True,,,194,1.0,30,1.0
R1,exec,short,24,D10,decile,24651,729,591,-0.0017782629989841518,0.001610269679851707,-1.1043262015266384,0.0023677979479084232,-0.002698013025808616,0.0016081408823442709,-1.6777218062360193,0.09383123315580394,-0.005855167354966145,0.000459141303348913,0.0014675994238218266,-0.002542342198590367,-2.9194854831675214,-0.004251957554971852,-0.0008327268422088823,-0.0034767321954961763,-4.026231723717984,0.5177883250172407,0.5091882682244128,-0.00278110177282155,-1.1317273863310497,-0.952522858583669,-0.002198013025808616,-0.0026980130258086165,-0.0036980130258086174,0.9935905237110056,0.15769253955549767,0.0010710259449638626,True,,,194,1.0,30,1.0
R1,exec,short,24,D2,decile,27592,705,676,0.000808580022827523,0.001513055201097376,0.5344021964572626,0.0024699525869328887,-0.0015984556220309007,0.0015168675687139883,-1.0537871960609477,0.29234240126558286,-0.004576588764957749,0.0013796775208959485,0.0003168821201475439,0.0002760392290301413,0.7612960103621523,-0.00043585034379510615,0.0009879288018553888,-0.002146588262872061,-5.823718743372674,0.5243911278631488,0.5023919976804871,-0.0012299584889293301,-0.5683408107472985,-0.845494314100707,-0.0010984556220309004,-0.0015984556220309009,-0.002598455622030901,0.9977167294868078,0.0922664115511922,-0.0004070566682407643,True,,,194,1.0,30,1.0
R1,exec,short,24,D3,decile,27073,672,658,-0.0006487980394588557,0.0016949271193104417,-0.3827881636130823,0.001051524710830809,-0.0027668290391481424,0.0016949745863095273,-1.6323719904098188,0.10307100544581209,-0.0060949302569057945,0.0005612721786095098,-0.0009714566548089925,0.0003041584612206519,0.7792282912831324,-0.0004622624650668378,0.0010705793875081416,-0.0018225318852035097,-4.655520208941348,0.5110807416709758,0.4901012041072616,-0.0016670432878353398,-0.761321118757259,-0.8873059808879322,-0.0022668290391481415,-0.002766829039148142,-0.0037668290391481415,0.9984117603604935,0.08740371205630079,-0.0001099452683955458,True,,,194,1.0,30,1.0
R1,exec,short,24,D4,decile,27698,638,669,-0.0012968011015746992,0.0017353346056815859,-0.7472916735071711,0.0009667690799325945,-0.0033330679213196207,0.0017362206142972245,-1.9197260381963366,0.055339550882106424,-0.006742486005802917,7.635016316367548e-05,-0.0009756247736326645,-4.6964984605428335e-06,-0.012477196511833533,-0.0007438441841005557,0.0007344511871794701,-0.002051316487713263,-5.458509866499846,0.5092064408982598,0.48880785616289985,-0.0031918764170759295,-1.4217900963142887,-0.9519278631236867,-0.002833067921319619,-0.0033330679213196203,-0.00433306792131962,0.9977254675427829,0.0867108951562205,-8.823673602316663e-06,True,,,194,1.0,30,1.0
R1,exec,short,24,D5,decile,28355,628,634,0.002592434713205634,0.0019477606998723692,1.3309821444572263,0.0035407182599899167,0.000718400848403961,0.0019520596728158882,0.3680219710536063,0.7129812562058827,-0.0031149773541682612,0.004551779050976183,0.0017122359062296134,0.0007939033867118327,2.168984215680982,7.511922191078392e-05,0.0015126875515128813,-0.0010905399524715074,-2.9650138530521533,0.5335919590901076,0.5154293775348263,-0.0018347381745136445,-0.8188380823144792,-0.897455086624029,0.0012184008484039616,0.0007184008484039611,-0.0002815991515960391,0.9975312995944278,0.087584423518433,9.523344882446331e-05,True,,,194,1.0,30,1.0
R1,exec,short,24,D6,decile,31834,586,641,0.004709603898280026,0.0024765433938017294,1.9016843839955238,0.004872276957762101,0.002884571689881977,0.002481904672970289,1.1622411292814825,0.2456122735580313,-0.001989974419238213,0.007759117799002167,0.0030999276934202003,0.00038569120593215226,1.1023988012396364,-0.0003014540441614081,0.0010728364560257126,-0.0014526902672131288,-4.140887271567265,0.5431613997612615,0.5268266633159515,-0.001121086917390555,-0.5157206914489996,-0.7915306694696191,0.0033845716898819778,0.0028845716898819765,0.0018845716898819764,0.997581202487906,0.08895733614260105,0.0001557822265957083,True,,,194,1.0,30,1.0
R1,exec,short,24,D7,decile,34917,528,639,0.0021277556428984275,0.0027658634353045003,0.769291648943679,0.001823154056517784,0.00031292079697532065,0.0027643992540870863,0.1131966724823399,0.909917822441856,-0.005117697929091056,0.0057435395230416965,7.720593766810148e-05,-4.583539925675343e-05,-0.09749190576409304,-0.0009694251480131338,0.0008777543494996268,-0.0018629580948550466,-3.966959924448409,0.5161382707563651,0.500701663945929,-0.001627304549767734,-0.6969189833338576,-0.8428626476286439,0.0008129207969753209,0.00031292079697532027,-0.00068707920302468,0.9997422458974139,0.0910669975946245,0.00018078774578892518,True,,,194,1.0,30,1.0
R1,exec,short,24,D8,decile,43814,508,637,-0.0017103636169736247,0.0018257002927410707,-0.9368260627299995,0.0002789442818718624,-0.003459656801844258,0.0018310203066229111,-1.8894693790836017,0.05940039236942843,-0.007056995220312311,0.00013768161662379517,-0.0013873379667134877,-0.0002370658098393254,-0.7386092974796533,-0.0008676458716107352,0.0003935142519320843,-0.0020046650050962473,-6.216032975155506,0.5010727164833159,0.4851189117633633,-0.00277152038104679,-1.3027313081365324,-0.892170353903657,-0.002959656801844258,-0.0034596568018442587,-0.004459656801844257,0.9965079654904825,0.09931201058703272,0.00022389096630859854,True,,,194,1.0,30,1.0
R1,exec,short,24,D9,decile,22545,536,669,0.00012013671559257801,0.002150928358293099,0.05585342493132327,0.0,-0.0015792607014342844,0.002155113265230387,-0.7327970770322634,0.46400373916422083,-0.005812800446352955,0.002654279043484386,-0.0016999999999999914,-0.0006779426100929561,-1.1707498121610742,-0.0018154665136642912,0.0004595812934783789,-0.002381383805464319,-4.094119737346715,0.48212543244921496,0.4690410715869777,-0.0018298179700613883,-0.8077206435832661,-0.8249705729648178,-0.001079260701434284,-0.0015792607014342844,-0.0025792607014342842,0.997471835358822,0.1047597504434506,0.0002978655569389419,True,,,194,1.0,30,1.0
R1,exec,short,24,Q1,quintile,56718,730,698,0.001963465154833517,0.0014041223048699904,1.398357641655238,0.0046649716247610384,-0.0020101878897080317,0.0014046845779256824,-1.4310599840688112,0.15284213743343472,-0.0047679038875153915,0.0007475281080993284,0.0015774493794573343,0.001212933516648462,3.589164909654528,0.0005494756987728586,0.0018763913345240656,-0.0027744624604676576,-8.156291139730754,0.5418113859553236,0.5133200514818668,-0.0022576552483991492,-1.100899341623773,-0.9216903580937402,-0.001510187889708032,-0.0020101878897080326,-0.0030101878897080326,0.997126183465858,0.10646184795486738,-0.001974788316182191,True,,,194,1.0,30,1.0
R1,exec,short,24,Q2,quintile,54771,689,689,-0.0009764968000161694,0.0015845247704524977,-0.6162710853281947,0.0010138560324434165,-0.0030530818793348923,0.0015849491436749604,-1.9262964313516264,0.05447962982488575,-0.00616500757753033,5.8843818860545606e-05,-0.0009726198606271174,0.00014796878651597743,0.45745173441345066,-0.00048712462459057514,0.0007830621976225299,-0.001938190213024914,-6.01272411044861,0.5101329146279121,0.4894471627839042,-0.0018972658172288486,-0.8626256689887551,-0.9057791105381513,-0.0025530818793348935,-0.0030530818793348944,-0.004053081879334894,0.998064704593588,0.08705335708481128,-5.882582903450077e-05,True,,,194,1.0,30,1.0
R1,exec,short,24,Q3,quintile,60189,696,667,0.0037122068283372716,0.0017847779716983398,2.0799264038455436,0.004210526315789442,0.0018641169706653346,0.0017884343804230214,1.0423177898338165,0.2976273187550917,-0.001647273828592243,0.005375507769922913,0.002433112361007888,0.0005779997072531215,1.9852872051820822,6.377174418662791e-06,0.0011496222400875801,-0.001282085995995201,-4.389309693217854,0.5386532422867966,0.5214574091611424,-0.0011990179289415833,-0.5382741152528446,-0.8620684861832351,0.002364116970665334,0.0018641169706653342,0.0008641169706653341,0.9975576932662115,0.08831055786985546,0.00012725849022350775,True,,,194,1.0,30,1.0
R1,exec,short,24,Q4,quintile,78731,674,647,-8.167402052533274e-06,0.0016652697411662838,-0.004904552007780538,0.000956937799043156,-0.0017835104996182665,0.001667465927783097,-1.0695933691367543,0.2851864147117806,-0.0050575805303299535,0.0014905595310934206,-0.000752862132244082,-0.00015225560488433108,-0.5547453611049156,-0.0006911571656788947,0.0003866459559102325,-0.0019417049976798383,-7.060714743822402,0.5077542518194866,0.49202982306842286,-0.002065550226633056,-0.9605413640925174,-0.9064751698013713,-0.001283510499618267,-0.0017835104996182679,-0.0027835104996182677,0.997942360696549,0.0956553681125828,0.0002047403188280304,True,,,194,1.0,30,1.0
R1,exec,short,24,Q5,quintile,47196,730,681,-0.0008714187417349702,0.0015769478117156055,-0.552598339184687,0.00018687942914552558,-0.00216250926321246,0.0015798300739698777,-1.3688239633129633,0.171476511411041,-0.005264075790864918,0.0009390572644399978,-0.000945283018867869,-0.001651739420332164,-3.1374138312482884,-0.0026853083825268773,-0.0006181704581374504,-0.0029524309972450446,-5.643924286039289,0.5007521664512575,0.4900099582600589,-0.0018138797470861566,-0.824476232818882,-0.8915302901420978,-0.0016625092632124605,-0.0021625092632124618,-0.0031625092632124614,0.9954446257177363,0.1324065539352207,0.0007009351875186187,True,,,194,1.0,30,1.0
R1,exec,short,48,D1,decile,29125,730,652,0.005792466562981358,0.001973409137611784,2.935258813076841,0.011737089201877993,-0.002449983330477661,0.0019879428525040417,-1.2324214085890983,0.21819011951348738,-0.006352777203705792,0.0014528105427504706,0.0059287007715135304,0.004050658564768198,4.937266952556845,0.0024399804417056794,0.005661336687830716,-0.0042577179169940495,-5.032467254440684,0.5710509149586295,0.5337659216534487,-0.0032018337311869936,-0.7758634217038548,-0.8284796969010213,-0.0019499833304776608,-0.0024499833304776615,-0.003449983330477662,0.9938201668554949,0.11990918139978811,-0.006186045557743463,True,-0.0062654589034588995,0.0014679284452446932,194,1.0,30,1.0
R1,exec,short,48,D10,decile,24651,729,591,-0.0032049505970919,0.002339570742532529,-1.3698883042205503,0.0053241465706233004,-0.003248514558619493,0.0023369389482729773,-1.390072496767697,0.16493290329460414,-0.007836479422467018,0.0013394503052280324,0.00530057727979419,-0.005404620399863092,-4.194215596704915,-0.007934414465405912,-0.0028748263343202725,-0.005499880578311242,-4.283921689425421,0.5256581883087907,0.5217638229686422,-0.004962910602821168,-0.9476750439424235,-0.9140121984008216,-0.0027485145586194945,-0.0032485145586194945,-0.004248514558619495,0.9892093627033386,0.15769253955549767,0.0019781398835349495,True,-0.0077107320521376055,0.001304095371207501,194,1.0,30,1.0
R1,exec,short,48,D2,decile,27592,705,676,0.0010926841264012823,0.002142989197241322,0.5098878369559205,0.0039727362752985385,-0.0017849642708716179,0.0021529984258390703,-0.8290597194356881,0.40735241685621804,-0.006012051626995322,0.0024421230852520867,0.0016596634370217318,0.0005093004428127331,0.9361355826156348,-0.0005588457097501965,0.0015774465953756625,-0.0024298286167366177,-4.3611644347096625,0.529936213395187,0.5093142939982603,-0.0012446690497612905,-0.2801525222839883,-0.7192629132517216,-0.0012849642708716177,-0.001784964270871618,-0.0027849642708716177,0.9956146709191069,0.0922664115511922,-0.000885840435732227,True,-0.00600330400653892,0.0026774965999011645,194,1.0,30,1.0
R1,exec,short,48,D3,decile,27073,672,658,-0.000728371746482074,0.002279007830788823,-0.3196003702321487,0.0018201674554059188,-0.0030186202626793918,0.002282352762531614,-1.3225914557270722,0.18642321721503194,-0.007500057103633191,0.0014628165782744071,-0.00015977138020731828,0.00021368767400645406,0.3803857231201007,-0.0008893425870142057,0.001316717935027114,-0.0021157628270960594,-3.7366315933807073,0.5145527073945483,0.4975253010268154,-0.0022231886044424554,-0.5011380961274099,-0.7955996411066987,-0.0025186202626793905,-0.003018620262679391,-0.004018620262679391,0.9970451355544064,0.08740371205630079,-0.0002996024768467065,True,-0.0076648702520113075,0.001224192292935052,194,1.0,30,1.0
R1,exec,short,48,D4,decile,27698,638,669,-0.0016774182740874088,0.0027308201755600415,-0.6142543874180221,0.0011707876955805996,-0.0037999855551313732,0.002735628393981786,-1.3890722743962987,0.16529770819394374,-0.00917195778388823,0.0015719866736254831,-0.0006716678805534209,-2.8965674017836513e-05,-0.05261981915876816,-0.0011099224788237096,0.0010519911307880366,-0.0021978011813405924,-3.9782766439269777,0.5093508556574482,0.4919488771752473,-0.00418929371115923,-0.928767209014113,-0.8937826739800439,-0.0032999855551313724,-0.0037999855551313732,-0.004799985555131374,0.9955592461549571,0.0867108951562205,-0.00011248234016319313,True,-0.00909366775519145,0.0014021118763117067,194,1.0,30,1.0
R1,exec,short,48,D5,decile,28355,628,634,0.002996820379391093,0.0029744482041821857,1.0075214539548718,0.0036310820624546603,0.001128068449708915,0.0029858751262489282,0.37780161661552,0.7057062403254352,-0.0047354941551460625,0.006991631054563893,0.0019303805413854458,0.0014713663312884429,2.834694785424601,0.0004520669819981899,0.002490665680578696,-0.000440070596948669,-0.8450108809685698,0.5271028037383177,0.5121495327102804,-0.00196417681111934,-0.4187840302021965,-0.8371637013350124,0.0016280684497089158,0.001128068449708916,0.00012806844970891543,0.9953800035267149,0.087584423518433,9.888023278060832e-05,True,-0.004377633864468052,0.007247830796417709,194,1.0,30,1.0
R1,exec,short,48,D6,decile,31834,586,641,0.010211818929645516,0.003322899702552936,3.073164959447895,0.011673820999589135,0.008535693457808637,0.003335971945351322,2.558682626124338,0.010758399892338904,0.001983706522971654,0.01508768039264562,0.01021744620178028,0.0015315058737172126,3.204145493195906,0.0005927471563345061,0.002470264591099919,-0.00021032704068225572,-0.4358474144085736,0.579788904944399,0.5678519821574417,0.000637184791478533,0.13917828864356052,-0.6131394779488475,0.009035693457808639,0.008535693457808639,0.0075356934578086395,0.9956964252057549,0.08895733614260105,0.00023902642174337686,True,0.002066152508602853,0.015204062399616813,194,1.0,30,0.32275199677016714
R1,exec,short,48,D7,decile,34917,528,639,0.0047778852028362295,0.003868626286575109,1.235034053151225,0.004016064257028162,0.0030764432806932554,0.003871007010093309,0.7947397854541987,0.4271240015350566,-0.004528122330156004,0.010681008891542514,0.0025949859832787737,0.00047884680004602645,0.709115389784172,-0.0008477114468936836,0.0018054050469857364,-0.0012502834933541332,-1.849723935561763,0.5255606151731248,0.5166824183062692,-0.0024362944800353325,-0.5234394668689644,-0.7376346114056256,0.0035764432806932563,0.0030764432806932563,0.002076443280693256,0.9984534753844833,0.0910669975946245,0.0002869021902876861,True,-0.003936560735337807,0.01064716913307389,194,1.0,30,1.0
R1,exec,short,48,D8,decile,43813,508,637,-0.0008474538348649848,0.002520811948998624,-0.33618288551894177,0.0015988743924277848,-0.0023563267565420098,0.0025325688040131514,-0.9304097692462034,0.3526035071568609,-0.007331995391512162,0.002619341878428143,0.0002585339622641642,-0.0006809696864690885,-1.5796603183652966,-0.001527904826145883,0.00016596545320770608,-0.0022695114273193744,-5.227887002815057,0.509449034555165,0.49833386588761586,-0.0038001661258667487,-0.8885013776500973,-0.8206501038524014,-0.0018563267565420106,-0.0023563267565420093,-0.00335632675654201,0.99342675857032,0.09931201058703272,0.000394974922804748,True,-0.007506869278268541,0.0026116926137520337,194,1.0,30,1.0
R1,exec,short,48,D9,decile,22544,536,669,-0.004560324004719296,0.0029086214060579357,-1.5678644168750442,0.0,-0.005949061507530999,0.002915892166354325,-2.040219997219231,0.04182077609516801,-0.011677112180387923,-0.0002210108346740753,-0.0014000000000000037,-0.0013486316436336554,-1.594493433715734,-0.0030101391499926826,0.0003128758627253716,-0.0027143483096811983,-3.1933998637311922,0.4591501818504391,0.45054555131730684,-0.00438108016453316,-0.9285347533997668,-0.8083538688256704,-0.005449061507531002,-0.005949061507531002,-0.006949061507531003,0.9956089772021645,0.1047597504434506,0.0005280073145631815,True,-0.01196075959055623,-0.000252008464153979,194,1.0,30,1.0
R1,exec,short,48,Q1,quintile,56717,730,698,0.0035060903972794107,0.0019791782225031668,1.7714879627389397,0.007684098185699151,-0.002126172869517726,0.001986781592098494,-1.070159336070757,0.28490275832026324,-0.006026686918660228,0.001774341179624776,0.0036457565356289518,0.00232783906971389,4.884750386280098,0.0013922604055051071,0.003263417733922673,-0.003367683761806488,-6.901788673442782,0.5510499127276574,0.5218709779791604,-0.002397289857856737,-0.578859784621382,-0.7888343136658161,-0.001626172869517726,-0.0021261728695177264,-0.0031261728695177265,0.994693136338793,0.10646184795486738,-0.003605274617497962,True,-0.006005507551083972,0.001763735813381423,194,1.0,30,1.0
R1,exec,short,48,Q2,quintile,54771,689,689,-0.0012083098655891274,0.002295874788365174,-0.5262960644511149,0.0014760147601476925,-0.0034134697704378465,0.0022992830525746942,-1.4845800592560827,0.13811443674328971,-0.007927946752162766,0.0011010072112870727,-0.0004601234687821292,9.097652333225029e-05,0.19617007947993,-0.0008195850981904151,0.0010015381448549156,-0.0021572194980074544,-4.643808862328022,0.5119221500036515,0.494705323888118,-0.0025336099494772473,-0.5714426170222614,-0.8337724380000175,-0.0029134697704378465,-0.003413469770437847,-0.004413469770437846,0.9962937267216826,0.08705335708481128,-0.00020504626784438132,True,-0.007769128395681376,0.0009036590089178868,194,1.0,30,1.0
R1,exec,short,48,Q3,quintile,60189,696,667,0.006812837655783779,0.002513466509793268,2.710534486629835,0.007973944294698998,0.005046552618560186,0.002523317131156509,1.9999676442759318,0.045893577451976475,9.228927458470801e-05,0.010000815962535664,0.00637050596943105,0.0015031741731478768,3.750659091437731,0.0007162973044791326,0.002290051041816621,-0.00031854089111971895,-0.7903635375725869,0.5549685158417651,0.5416105932977786,0.00019467428181392654,0.04173701675554128,-0.6939579702854172,0.005546552618560185,0.005046552618560186,0.004046552618560185,0.9955473591520045,0.08831055786985546,0.00017301473907310803,True,0.0002496434919423757,0.00999546331779157,194,1.0,30,1.0
R1,exec,short,48,Q4,quintile,78730,674,647,0.0016474015338561283,0.002322566579807926,0.7093021781069315,0.0027257243368642436,5.98933512312858e-05,0.002329461731546176,0.02571124067856298,0.9794953024486746,-0.004514018009668508,0.004633804712131079,0.0013592219428174802,-0.00016658746546504582,-0.43456954322861513,-0.0009192717819441385,0.0005860968510140469,-0.0018162106228361606,-4.719653493129814,0.5165944799380168,0.5064714026241252,-0.0027787652841769358,-0.6428010548951512,-0.8230430080268886,0.0005598933512312854,5.9893351231285684e-05,-0.0009401066487687143,0.9956560948038257,0.0956553681125828,0.00034691027503857766,True,-0.004616983858235187,0.004851263449729341,194,1.0,30,1.0
R1,exec,short,48,Q5,quintile,47195,730,681,-0.003852382276328091,0.0022359040231800325,-1.722964061243116,0.0,-0.004542851015342081,0.002240085309764953,-2.027981253900885,0.04292634506211976,-0.008940659137163444,-0.00014504289352071983,-0.00129999999999998,-0.0034671649380464517,-4.274618758740859,-0.005059545424705888,-0.0018747844513870154,-0.00416481178118544,-5.172180422156662,0.4938873233468229,0.4877428650126067,-0.0020812431545924465,-0.45611088412912126,-0.7486007755458024,-0.004042851015342083,-0.004542851015342082,-0.0055428510153420815,0.9922664576138314,0.1324065539352207,0.0012830782637939758,True,-0.009055610666901501,-8.327576327883012e-06,194,1.0,30,1.0
R1,exec,short,72,D1,decile,29125,730,652,0.008869842091096954,0.0023676826091376343,3.7462124597551356,0.016688061617458283,-0.0018883480486362495,0.002393829538912962,-0.7888398141722941,0.430463153473824,-0.006588002621422331,0.0028113065241498324,0.009916692463057765,0.006330271067446909,6.50749609349564,0.004420514011293589,0.00824002812360023,-0.004521836469732576,-4.528792610208465,0.5820716173996635,0.542623682493906,-0.003055055028615371,-0.4957377753812146,-0.7587214490413567,-0.0013883480486362502,-0.0018883480486362508,-0.0028883480486362515,0.9910392419404676,0.11990918139978811,-0.008558153067276381,True,,,194,1.0,30,1.0
R1,exec,short,72,D10,decile,24650,729,591,-0.006592843911249626,0.002974204532542821,-2.2166746903626766,0.007335413920202316,-0.00596890238315148,0.0029957084723602426,-1.9924843950014715,0.04669247034449623,-0.01185020145605524,-8.760331024772108e-05,0.008035313649716354,-0.009197473092900293,-5.060842515957484,-0.012765403929482895,-0.0056295422563176906,-0.008639334921779852,-4.710766727992419,0.5304450123727232,0.5282138655632631,-0.007831482185897153,-0.9467282817962324,-0.9083855174371694,-0.005468902383151477,-0.005968902383151479,-0.00696890238315148,0.9853555636688167,0.15769253955549767,0.002802111198023861,True,,,194,1.0,30,1.0
R1,exec,short,72,D2,decile,27591,705,676,0.002327229860933224,0.00253049517538684,0.9196737000604863,0.006188860051906664,-0.00106652412598665,0.002544306168478489,-0.41918073351385937,0.6752124676023221,-0.006061897463353606,0.0039288492113803055,0.0036798160905348615,0.0011529925526932387,1.883699706684238,-4.874660314973839e-05,0.0023547317085362155,-0.0023216732797371837,-3.707887943144941,0.5388155987242679,0.5191359814438968,-0.0004091783362101772,-0.06323892253292855,-0.6230086427004996,-0.0005665241259866503,-0.0010665241259866505,-0.002066524125986651,0.9933314004059147,0.0922664115511922,-0.0013892600795388217,True,,,194,1.0,30,1.0
R1,exec,short,72,D3,decile,27073,672,658,-0.0008565979527856651,0.0028295450322670204,-0.30273345821231273,0.004108448562947897,-0.003365791452575748,0.0028334317811636355,-1.1878851204222334,0.2353008578077958,-0.008929296021208025,0.002197713116056529,0.0020822337875457658,0.00023671351450920032,0.3334124177619596,-0.001157320743092576,0.0016307477721109768,-0.002323482268214388,-3.262185223682186,0.5244145674817168,0.5094186304203294,-0.0023066323724925705,-0.3508711124044267,-0.7541377374166099,-0.002865791452575747,-0.003365791452575747,-0.004365791452575748,0.9961956120262982,0.08740371205630079,-0.0005083916069111265,True,,,194,1.0,30,1.0
R1,exec,short,72,D4,decile,27698,638,669,-0.0011183010123560705,0.0032620740100503328,-0.3428190190996971,0.0039767330509793974,-0.003335352409852049,0.0032730200817139635,-1.0190442852722872,0.3085706421328737,-0.009762623738219744,0.003091918918515646,0.0022049510463272234,0.0003403760716762437,0.52963140306275,-0.0009216239037466426,0.0016023760470991301,-0.0019337147202573507,-2.9799491140968812,0.5222037692252148,0.5080872265145497,-0.0036626463309422943,-0.5670627215444384,-0.8024581286609062,-0.0028353524098520483,-0.0033353524098520483,-0.004335352409852047,0.9931402989385515,0.0867108951562205,-0.00023032781336338812,True,,,194,1.0,30,1.0
R1,exec,short,72,D5,decile,28355,628,634,0.0028916630141867933,0.003587247264769117,0.806095259333317,0.006691246756793667,0.0009298603240404566,0.0036048044893258065,0.25795027907723367,0.7965303291184289,-0.0061491572601989515,0.008008877908279866,0.005022547103351533,0.0019061505372252475,3.029654610180321,0.0006706261754556876,0.003141674898994807,-0.00010324424498858025,-0.16465059261927523,0.5368365367660025,0.5242461646975842,-0.0023658415043160707,-0.3560490060985186,-0.7951003009891952,0.0014298603240404575,0.0009298603240404572,-7.01396759595426e-05,0.993334508904955,0.087584423518433,5.695312965986776e-05,True,,,194,1.0,30,1.0
R1,exec,short,72,D6,decile,31834,586,641,0.017992787111995697,0.004472133414883063,4.023311793900533,0.01846037513771709,0.0163940307114853,0.004496696182984725,3.64579461105678,0.0002904426669726756,0.007562301778514389,0.025225759644456214,0.017279443234747702,0.0028317125477463337,4.691253790760448,0.001646195560791789,0.004017229534700878,0.0011040581961242117,1.805340399601479,0.5985110259471006,0.5878620343029466,0.0023865008014973283,0.348568720586087,-0.6133581970767727,0.01689403071148529,0.016394030711485295,0.015394030711485292,0.9937488220141987,0.08895733614260105,0.0002748403420262282,True,,,194,0.05634587739269907,30,0.008713280009180268
R1,exec,short,72,D7,decile,34917,528,639,0.0039611199007368115,0.00401341221699703,0.9869706091891689,0.006556481355006083,0.0023333473991445494,0.004016422406147329,0.5809516936199859,0.5615227906518369,-0.005556920510556022,0.010223615308845121,0.005207821478280445,0.0003774131173752072,0.4798709797456896,-0.0011676248243935408,0.0019224510591439553,-0.0012670456162320373,-1.6095083410823863,0.5354411891055932,0.5282527135779134,-0.003918422860447608,-0.5828170258717034,-0.7373922581606096,0.002833347399144547,0.0023333473991445468,0.001333347399144546,0.9980238852135063,0.0910669975946245,0.0003607641276400196,True,,,194,1.0,30,1.0
R1,exec,short,72,D8,decile,43813,508,637,-0.0006039218048871931,0.0031056237629240825,-0.19446071095185527,0.004763795156808359,-0.0019810125260397117,0.0031309300689549755,-0.6327233385640335,0.5272012800196639,-0.008132294486386832,0.0041702694343074085,0.0037763492072320787,-0.0006899436661315681,-1.2044662468969822,-0.0018153389199153224,0.00043545158765218625,-0.002142936331746801,-3.7049676768974935,0.525334368010225,0.5148582644816725,-0.0041106031608328895,-0.6401475542499578,-0.7553671060881841,-0.0014810125260397138,-0.0019810125260397156,-0.0029810125260397147,0.9889304788423792,0.09931201058703272,0.0005276771762560688,True,,,194,1.0,30,1.0
R1,exec,short,72,D9,decile,22543,536,669,-0.005204860589292449,0.0034617912932811707,-1.5035165751887818,0.0,-0.006335776896200667,0.0034748751354611823,-1.823310665624763,0.06881735613862593,-0.01316193673710331,0.0004903829447019756,-0.0010999999999999743,-0.0023540968663588596,-2.1394161245397143,-0.00451562434922546,-0.0001925693834922593,-0.0034012502132397897,-3.08199791859992,0.47019426949348,0.4652266477423933,-0.005119281408660371,-0.7488242308789136,-0.737838543834777,-0.0058357768962006675,-0.006335776896200668,-0.007335776896200669,0.9945444868269316,0.1047597504434506,0.0006963249877357895,True,,,194,1.0,30,1.0
R1,exec,short,72,Q1,quintile,56716,730,698,0.0056870151279393355,0.0023599761392744385,2.40977653684574,0.011252285645250881,-0.0014880898742354245,0.0023748303668941644,-0.6266089127795551,0.5311126004364413,-0.006150444570732972,0.0031742648222621234,0.00647885237521509,0.0038116468432320754,6.744165951161767,0.0027020782906965607,0.00492121539576759,-0.0034502768843505333,-5.996855032551981,0.5610289321038805,0.5311976586329096,-0.0021296638858715427,-0.3448755198183313,-0.7250938580474142,-0.0009880898742354262,-0.0014880898742354266,-0.0024880898742354264,0.9921543045540295,0.10646184795486738,-0.005066575802324342,True,,,194,1.0,30,1.0
R1,exec,short,72,Q2,quintile,54771,689,689,-0.0009889426487740733,0.0027527091744779923,-0.35926158053424245,0.004031097034264408,-0.00335042163012919,0.0027594983863486948,-1.2141415435152296,0.22511209318401051,-0.008768512314904556,0.002067669054646177,0.0021429394258842462,0.0002891362474958678,0.5114834186474534,-0.0008207635048900127,0.0013990359998817484,-0.002126673910543362,-3.7504135796388565,0.5232965748922808,0.5087453443365223,-0.0024433678778652654,-0.37392468115533156,-0.7706725416593387,-0.0028504216301291907,-0.003350421630129191,-0.004350421630129192,0.9946505513766158,0.08705335708481128,-0.00036798927146239964,True,,,194,1.0,30,1.0
R1,exec,short,72,Q3,quintile,60189,696,667,0.010878657058441533,0.003239987969703051,3.3576226702590426,0.013050570962479635,0.009110476537930151,0.0032583433165454903,2.796045613630769,0.00531672432945643,0.0027130517086105567,0.015507901367249746,0.011563659707351822,0.002395680867400666,4.8557223982772015,0.0014270012100860675,0.0033643605247152646,0.000535424217488689,1.0817403861161021,0.5694562129292728,0.5578926381897025,0.001664313612113912,0.24713178056134572,-0.6450738289021545,0.009610476537930148,0.009110476537930148,0.008110476537930148,0.99355363936932,0.08831055786985546,0.00017221645240045422,True,,,194,1.0,30,0.1595017298836929
R1,exec,short,72,Q4,quintile,78730,674,647,0.001420688397516889,0.002612459262852486,0.5438126510595503,0.005517041131002376,-5.7828752594905086e-05,0.0026254114346414142,-0.022026548613247543,0.9824333360082711,-0.005212852941936547,0.0050971954367467365,0.0043766941531006055,-0.00021656761113720633,-0.4564222610350188,-0.0011482256157266703,0.0007150903934522577,-0.0017524963034227826,-3.673440911866053,0.5298167176842666,0.5207986688851913,-0.0036461481088211857,-0.5796864797310329,-0.7925701995640075,0.0004421712474050914,-5.782875259490962e-05,-0.0010578287525949092,0.9929633816412848,0.0956553681125828,0.0004532743989920132,True,,,194,1.0,30,1.0
R1,exec,short,72,Q5,quintile,47193,730,681,-0.0059298365155155,0.0027219683664279604,-2.178510444372734,0.000550964187327807,-0.006144995865972347,0.0027369086364823375,-2.2452323705881234,0.025053409152849135,-0.011518195995578405,-0.0007717957363662896,0.0007426188009797014,-0.005928551213068039,-5.2794725522873405,-0.008133140900791926,-0.003723961525344152,-0.006125143974114079,-5.453904821476954,0.5016632413077102,0.4981248808186961,-0.003512742022939677,-0.49654956518794025,-0.7633773700881934,-0.005644995865972347,-0.006144995865972351,-0.00714499586597235,0.9897451109180668,0.1324065539352207,0.0017912995568685206,True,,,194,1.0,30,0.751602274585474
R1,full,long,24,D1,decile,31321,730,684,-0.003148737008122993,0.0013942153788255747,-2.2584294047705527,-0.006673763511300335,-0.0015532326037700917,0.0013970301283954295,-1.1118103841855365,0.26658671177391363,-0.004295921172462256,0.0011894559649220724,-0.006673647693691274,-0.0021241974838801625,-3.714602994613988,-0.0032468677427047402,-0.001001527225055585,-0.0005153826845815121,-0.8923641124671282,0.43458272140987164,0.43154970946938254,-0.001059588431086635,-0.5194021920966595,-0.7939233994231182,-0.0010532326037700926,-0.001553232603770093,-0.0025532326037700933,0.9965838707617649,0.11907696453016572,-0.0035941113531955796,True,,,194,1.0,30,1.0
R1,full,long,24,D10,decile,26348,729,624,0.0020872233054347895,0.0015662379310968607,1.3326348851563534,-0.001896064231906025,-0.0009692641833716457,0.0015661687441397005,-0.6188759589274426,0.5361919429006173,-0.004044017449729635,0.002105489082986344,-0.004949981770817501,0.002762527267777807,3.238900439520761,0.0010880482913865313,0.004437006244169083,-0.00027899337371448357,-0.3283428482588664,0.45301351146197055,0.4266737513283741,-0.001030297240188149,-0.43860421540296524,-0.893294794572701,-0.00046926418337164697,-0.0009692641833716471,-0.001969264183371648,0.9937376650979202,0.15552322855175077,0.0010558726605049032,True,,,194,1.0,30,1.0
R1,full,long,24,D2,decile,30523,705,707,-0.0008324832749188167,0.001473263096965208,-0.5650608344386409,-0.0022799365582870657,-0.00245452243440169,0.0014766687619526193,-1.6622024503017465,0.09691797382863479,-0.005353731483233995,0.000444686614430615,-0.004120305541706613,-9.84291105497674e-05,-0.2896689357503845,-0.0007655691661081319,0.0005687109450085971,-0.0017042477602180394,-4.949035311630792,0.4684991645644268,0.44661402876519346,-0.0025889688360854358,-1.2163670359205485,-0.9224990913409298,-0.001954522434401691,-0.0024545224344016915,-0.003454522434401692,0.9977066474461881,0.09029456412337303,-0.0003720142560667258,True,,,194,1.0,30,1.0
R1,full,long,24,D3,decile,30554,674,693,0.0004499006272474163,0.001645380361791477,0.273432598136499,-0.001070422137966598,-0.0014439305885755491,0.0016463038544443937,-0.8770741711364437,0.3807597892340993,-0.0046764488796375465,0.0017885877024864485,-0.0030558041207987535,-0.00039652835876348045,-1.0763244091011888,-0.0011198990271069965,0.0003268423095800355,-0.0022770980047318867,-6.175460772549686,0.4812632956962854,0.45884470626738666,-0.00250590965038669,-1.1593367868431923,-0.9300746658330582,-0.0009439305885755504,-0.001443930588575551,-0.0024439305885755507,0.9978072328587793,0.08519622248192674,-8.873988323274728e-05,True,,,194,1.0,30,1.0
R1,full,long,24,D4,decile,30504,639,704,0.0011203908518641794,0.001721249698742072,0.6509170939480694,-0.0010709505453102564,-0.000852357535029976,0.0017221774818319618,-0.4949301358436547,0.6208201013570289,-0.004234188984751002,0.0025294739146910503,-0.0031141996417520645,-9.490436066089321e-05,-0.26392740430628964,-0.0008010177354341518,0.0006112090141123654,-0.0020568311903792985,-5.7374696543635855,0.4799042748492001,0.45675976921059536,-0.0008765124075650341,-0.397883783092091,-0.8234640520223486,-0.0003523575350299777,-0.000852357535029978,-0.001852357535029978,0.9977052189876737,0.08535341763292327,3.1122060852986435e-06,True,,,194,1.0,30,1.0
R1,full,long,24,D5,decile,30844,628,672,-0.0025347056386666954,0.0019274901071639327,-1.3150291299788857,-0.003336082855281197,-0.0046623159894643934,0.0019317773624355763,-2.413485156273995,0.0160868900681966,-0.008455864586624227,-0.0008687673923045594,-0.0055528178617838524,-0.0008926282511843312,-2.5871667906739315,-0.0015701659078149388,-0.00021509059455372367,-0.00300912681807439,-8.680220916938719,0.45574503955388407,0.4328232395279471,-0.0023466208539594576,-1.0599018017769446,-0.9200448516362411,-0.004162315989464395,-0.004662315989464395,-0.005662315989464395,0.9975035663338089,0.08687004361627952,0.00010220911561087996,True,,,194,1.0,30,0.482606702045898
R1,full,long,24,D6,decile,34372,587,667,-0.004942389883579556,0.0025178644068597953,-1.9629293261838336,-0.004910220008490562,-0.007121285177855787,0.002523097911205928,-2.822437110437831,0.004928069875156705,-0.012076718631837537,-0.002165851723874036,-0.0071321681699346145,-0.00042483523174447635,-1.2862084091689407,-0.0010735520973555917,0.0002238816338666389,-0.0025913437854921334,-7.827252445510352,0.434947049924357,0.4157453741417433,-0.002898266736839503,-1.3565772117471757,-0.9083707468017468,-0.006621285177855787,-0.007121285177855787,-0.008121285177855786,0.9977016175957174,0.08854617779511974,0.00016086405855422113,True,,,194,0.9560455557804008,30,0.14784209625470116
R1,full,long,24,D7,decile,36645,528,654,-0.002221330362096869,0.002726794991430666,-0.8146304981040782,-0.0019128688250202863,-0.00440916128444071,0.0027253546082260647,-1.6178303077083374,0.10629864229170369,-0.009763077419645074,0.0009447548507636547,-0.004156241745325145,2.7631778081389006e-05,0.06164671948926164,-0.0008529009583802584,0.0009081645145430364,-0.0021580006892907427,-4.8201232188105845,0.46317369354618637,0.4452994951562287,-0.0025182636374719448,-1.0904184458465451,-0.8898523128030428,-0.003909161284440713,-0.004409161284440713,-0.005409161284440712,0.9997544003274662,0.09077154096116702,0.00018363699448629208,True,,,194,1.0,30,1.0
R1,full,long,24,D8,decile,45452,509,646,0.0019073018934415232,0.0018353682481248418,1.0391930313658713,0.0,-0.00034449981832959295,0.0018404944664957325,-0.18717786149366386,0.851596061707954,-0.003960434671682986,0.0032714350350238003,-0.0024000000000000115,0.0003297906499230114,1.0633897180973897,-0.00027950758137628914,0.000939088881222312,-0.001904605508232123,-6.11315008094995,0.4676801900906451,0.44611898266302913,-0.001046680190755201,-0.49565969021454814,-0.7936549994072638,0.00015550018167040462,-0.0003444998183295959,-0.001344499818329596,0.9966118102613747,0.09892196265842895,0.00022579639962028609,True,,,194,1.0,30,1.0
R1,full,long,24,D9,decile,23937,536,694,-0.00026209547641028585,0.002119370989765697,-0.12366663395692762,0.0,-0.0025618014387053067,0.002123729846116659,-1.2062746320534519,0.22824576704457109,-0.006733691081843733,0.0016100882044331201,-0.0023000000000000086,0.0005343415579657552,0.9447705736724535,-0.0005766846192238318,0.0016453677351553422,-0.0017599799122440247,-3.09763259805711,0.43727808179121935,0.41822966707047077,-0.0023468561055724523,-1.0530352888174352,-0.9309751320556858,-0.0020618014387053106,-0.002561801438705311,-0.0035618014387053107,0.9973265382848072,0.10344559926846067,0.0003008411254450204,True,,,194,1.0,30,1.0
R1,full,long,24,Q1,quintile,61844,730,727,-0.002005553955626533,0.001381549977444944,-1.4516694932279106,-0.004418357845740906,-0.0019983091298812683,0.001383037289814142,-1.444870029606945,0.14892466891012052,-0.004713526567034894,0.0007169083072723578,-0.005347969146643294,-0.0011243829819209807,-3.566572026313228,-0.0017433008158215487,-0.0005054651480204126,-0.0011024701229346158,-3.4822669164579776,0.4513218530196459,0.43898455816961757,-0.0016597966025210281,-0.8200456430033966,-0.8704112486551256,-0.0014983091298812696,-0.0019983091298812704,-0.00299830912988127,0.9971380063060878,0.10487168993049666,-0.00200296970924953,True,,,194,1.0,30,1.0
R1,full,long,24,Q2,quintile,61058,691,720,0.0007848712095087046,0.0015544788269927401,0.5049095528866732,-0.0010709505453102564,-0.001148401389914891,0.0015553260045213933,-0.7383669961001381,0.46054288684736167,-0.004202148689775309,0.0019053459099455266,-0.003095394580178044,-0.0002458398586796041,-0.8171554434366929,-0.0008365278947015987,0.0003448481773423904,-0.0021670604113239217,-7.24913050304091,0.4805843528390573,0.45780310846885797,-0.002307542069403265,-1.0627942152098127,-0.9358479192404042,-0.000648401389914892,-0.001148401389914892,-0.002148401389914892,0.9977562685271623,0.08527475440819474,-4.285454646925609e-05,True,,,194,1.0,30,1.0
R1,full,long,24,Q3,quintile,65216,696,705,-0.003803672193900761,0.0017928605560858751,-2.121566108969922,-0.00412859309994279,-0.005958433886444196,0.0017965152268318836,-3.316662056325438,0.0009584666017634629,-0.00948569052346518,-0.0024311772494232105,-0.006335094404933841,-0.0006460786059410367,-2.3572239485972393,-0.001184211550700585,-0.00010794566118148827,-0.0027889141907097522,-10.145665945735832,0.4447834887144259,0.4238223748773307,-0.0028909132751619225,-1.315738383363677,-0.9501254355327171,-0.005458433886444198,-0.0059584338864441975,-0.006958433886444198,0.997607948969578,0.08775344775015918,0.00013312602244082154,True,,,194,0.1859425207421118,30,0.028753998052903885
R1,full,long,24,Q4,quintile,82097,674,662,6.44363928239074e-05,0.001660141546113355,0.03881379450731948,-0.0008517887563883608,-0.0021619740960707855,0.00166219913848859,-1.3006709280553668,0.19381696314513702,-0.00542570278385012,0.0011017545917085493,-0.0031651076666470417,0.0001949183420599199,0.7424529008046182,-0.00032056380883730676,0.0007104004929571465,-0.0020179087261058214,-7.671619103583118,0.46566866024337067,0.44575319439199973,-0.0019051720952780768,-0.8934886665395765,-0.9092181190704131,-0.0016619740960707881,-0.0021619740960707886,-0.003161974096070788,0.9980145437713924,0.09528392225383239,0.00020694522713402878,True,,,194,1.0,30,1.0
R1,full,long,24,Q5,quintile,50285,730,707,0.0009688849603810835,0.001541422158192081,0.6285656108106551,0.0,-0.0017287863564693863,0.0015447889763559775,-1.1191084238233255,0.26346299388801786,-0.00476155922254888,0.001303986509610107,-0.002715072706087453,0.0017018514929787408,3.2975672794808752,0.0006886455534662276,0.002715057432491254,-0.000985314127156943,-1.9142177504478763,0.44552269970370073,0.4226539662338179,-0.0020430222772910246,-0.9500423098953544,-0.9334900604314893,-0.001228786356469388,-0.0017287863564693893,-0.002728786356469389,0.9954461391612146,0.1307318039805359,0.000695762829917291,True,,,194,1.0,30,1.0
R1,full,long,48,D1,decile,31320,730,684,-0.006328382023421861,0.0019571370219095656,-3.2334895066505362,-0.01149994902911955,-0.0018524100294974495,0.0019712600898961047,-0.9397085848753123,0.34767916912200614,-0.0057224517621835315,0.002017631703188632,-0.009744046854173604,-0.00436149945009348,-5.512379167947742,-0.0059148392551995515,-0.002808159644987409,0.00018267375318605373,0.2256718989230684,0.42219526211608455,0.42832513888002044,-0.0008907382685588091,-0.21776456418128504,-0.6776013040526692,-0.00135241002949745,-0.0018524100294974504,-0.0028524100294974506,0.9938701232360642,0.11907696453016572,-0.006426237557982654,True,-0.00572811494334348,0.0018766592672065986,194,1.0,30,1.0
R1,full,long,48,D10,decile,26348,729,624,0.0038464398820283285,0.0023294805720859403,1.651200670278191,-0.004235518692353335,-8.496305413641922e-05,0.002326929781095265,-0.03651294286002385,0.9708833956932285,-0.004653277551267408,0.004483351442994571,-0.008257626459963308,0.005938672791731898,4.587252484222933,0.003397071181911556,0.008480274401552239,0.0020661101398413775,1.601653957567875,0.4462957340215576,0.4197282526187946,0.0010800988665439538,0.21513019160136881,-0.7362153834759106,0.00041503694586358063,-8.496305413642103e-05,-0.0010849630541364208,0.9892971003491726,0.15552322855175077,0.0019246420885444544,True,-0.004596314231721551,0.00423769510192723,194,1.0,30,1.0
R1,full,long,48,D2,decile,30523,705,707,-0.0012805064596707514,0.002101352376947485,-0.6093725515617092,-0.003617856266862951,-0.002470254760252386,0.0021106318195705086,-1.1703863920496835,0.24224267283370066,-0.006614161681346318,0.0016736521608415461,-0.005360211811361105,-0.0002976957089009739,-0.5901202974375157,-0.0012881339536671905,0.0006927425358652427,-0.0014225179938705964,-2.7612525764109117,0.46479703829898766,0.44979196016118994,-0.0025829161186213716,-0.5925177103596935,-0.7984953399679792,-0.001970254760252386,-0.0024702547602523865,-0.003470254760252387,0.9955443436097369,0.09029456412337303,-0.0008130137762859121,True,-0.006758221682831819,0.0017639365808242908,194,1.0,30,1.0
R1,full,long,48,D3,decile,30554,674,693,0.00046424477573364355,0.002211417211740059,0.20993088652337633,-0.0018120736897542788,-0.0012846197628164264,0.0022157032716764117,-0.579779693083396,0.5622578068907635,-0.005635165740653491,0.0030659262150206385,-0.0038125625715431082,-0.00028482053193738533,-0.5292348689637008,-0.0013415228854001496,0.0007718818215253791,-0.0019889748814517507,-3.675389164775732,0.47933235149729997,0.460612011127475,-0.0018584767166402746,-0.4252714693538704,-0.7985152336599648,-0.0007846197628164266,-0.001284619762816427,-0.0022846197628164267,0.9964326624120439,0.08519622248192674,-0.00025068956348945655,True,-0.0055741414144842,0.003160396711637119,194,1.0,30,1.0
R1,full,long,48,D4,decile,30504,639,704,0.001727220202819047,0.002691291796623858,0.6417810974587709,-0.001082055941414084,-0.0002333893143009678,0.0026968032428002628,-0.08654295226173964,0.9310620516466803,-0.005529104427105403,0.005062325798503468,-0.0031718376396735106,-3.339540967447695e-05,-0.06384748200893929,-0.0010605025715920635,0.0009937117522431096,-0.0019332471807143859,-3.6898288825451417,0.4834447941253606,0.46547993705743507,6.140032713242219e-05,0.013792393493662307,-0.7115835550264359,0.00026661068569903187,-0.00023338931430096885,-0.0012333893143009684,0.9948859166011015,0.08535341763292327,-7.976797087122883e-05,True,-0.005536694630036159,0.005115554915767493,194,1.0,30,1.0
R1,full,long,48,D5,decile,30844,628,672,-0.0029842038479554922,0.002976811082087965,-1.0024834514732932,-0.003469296800688304,-0.0051375248819816016,0.002987896051691714,-1.7194456544339256,0.0860283557226869,-0.011005056113236707,0.0007300063492735051,-0.00582006876106189,-0.0014874799246343447,-3.031139474747659,-0.0024511590028294507,-0.0005238008464392385,-0.003597793851050142,-7.315791628598872,0.4632667617689016,0.4441706652833614,-0.002219604608426759,-0.47857709033145013,-0.8001738014171162,-0.0046375248819816,-0.005137524881981601,-0.006137524881981602,0.9954286084813903,0.08687004361627952,0.00011817113604533386,True,-0.011205414788147391,0.0005255943003880474,194,1.0,30,1.0
R1,full,long,48,D6,decile,34372,587,667,-0.010602009336813321,0.0034107873313579794,-3.108375957463232,-0.011647386342371058,-0.012935251735012851,0.0034239407148795985,-3.7778842603201186,0.0001743832389959022,-0.019659989018979578,-0.0062105144510461235,-0.014157096744856703,-0.0015573682853625246,-3.370595582054149,-0.002464834963987232,-0.0006499016067378174,-0.0038258526531586502,-8.206001611946611,0.40157686489002675,0.38548818806004886,-0.0046356128943403595,-1.029289760772041,-0.8664434787147742,-0.01243525173501285,-0.012935251735012853,-0.013935251735012854,0.995839636913767,0.08854617779511974,0.00025194829121504605,True,-0.01977795724011641,-0.006243378275088389,194,0.03383034836520503,30,0.005231497169877066
R1,full,long,48,D7,decile,36645,528,654,-0.0047031753216998365,0.0038254700666813394,-1.2294372298617726,-0.0038137294259333876,-0.007006053668791112,0.003827798270262075,-1.8303090116375003,0.06777050667708003,-0.014525736018992177,0.000513628681409954,-0.006316261069412644,-0.00042646554437883043,-0.6575894097608851,-0.0017004841885051088,0.000847553099747448,-0.0027029427600642406,-4.162627784260118,0.4576067676354209,0.44246145449583846,-0.0015866354864489769,-0.3438437500128509,-0.7264699458351548,-0.006506053668791114,-0.0070060536687911144,-0.008006053668791115,0.9984991131122937,0.09077154096116702,0.0002917543227657719,True,-0.014542148813140258,-6.645226562838847e-05,194,1.0,30,1.0
R1,full,long,48,D8,decile,45451,509,646,0.0010828396229698768,0.002533853311790141,0.4273489779109833,-0.001280819724623683,-0.0014101201868356057,0.0025452783790639354,-0.5540141300199151,0.579813920597984,-0.006410735234950669,0.003590494861279457,-0.003943634531407511,0.0008490835940708909,2.010285775219686,1.9277374481340413e-05,0.0016788898136604414,-0.0015669077055662803,-3.684795472809913,0.46024377365132446,0.4398046290592273,3.1425501655355545e-06,0.0007421673927133808,-0.644175260772037,-0.0009101201868356089,-0.0014101201868356103,-0.0024101201868356103,0.9936196426999911,0.09892196265842895,0.000397341267437214,True,-0.006576891646358263,0.0035200485960418717,194,1.0,30,1.0
R1,full,long,48,D9,decile,23935,536,694,0.004278984353264396,0.002867005847238055,1.4924923705288489,0.0,0.0016673925958143548,0.002874379668755771,0.5800878060538596,0.5621005436897109,-0.003979109900280373,0.007313895091909082,-0.0026,0.0010434396616792437,1.289443049769844,-0.0005461933462334635,0.0026330726695919507,-0.0015903802891222016,-1.9546865928723953,0.4589164125485609,0.4417060027570074,0.0002791247528181704,0.06036392567331066,-0.7393902817477671,0.002167392595814354,0.0016673925958143533,0.0006673925958143532,0.9955303061949121,0.10344559926846067,0.000535560129657592,True,-0.003943762210349019,0.007630337573027238,194,1.0,30,1.0
R1,full,long,48,Q1,quintile,61843,730,727,-0.003836971421860244,0.001955559081435461,-1.9620841212548528,-0.007299270072992803,-0.0021576012422264545,0.001963305766604154,-1.0989634314365433,0.2721478165211666,-0.0060120267894822575,0.0016968243050293486,-0.007374905726062265,-0.002355783660231751,-5.2723682477087195,-0.003232985232543638,-0.0014785820879198643,-0.0006102283977284973,-1.3471601917298188,0.44322095561484354,0.43891988034602636,-0.0016071442651082526,-0.39287956187445927,-0.7428887788047724,-0.0016576012422264551,-0.0021576012422264562,-0.0031576012422264562,0.9946964184655186,0.10487168993049666,-0.0036535238194320275,True,-0.005986155349348945,0.0016629516772730794,194,1.0,30,1.0
R1,full,long,48,Q2,quintile,61058,691,720,0.001095215368085394,0.0022451677092816856,0.48781004802344813,-0.0014151610956533722,-0.0007598431988773685,0.0022493156593578717,-0.3378108340268642,0.735608790526944,-0.005176190105979652,0.003656503708224915,-0.003489358420589587,-0.00015921091600650412,-0.3667207073992203,-0.0010116197902885573,0.0006931979582755492,-0.0019611554900419246,-4.519480895248852,0.4813868553366416,0.4630439411061432,-0.001601146280357924,-0.36584866809821165,-0.8131953766485962,-0.000259843198877368,-0.0007598431988773691,-0.0017598431988773704,0.9956599354722482,0.08527475440819474,-0.00016536653008520657,True,-0.005104627881364971,0.003335020549718559,194,1.0,30,1.0
R1,full,long,48,Q3,quintile,65216,696,705,-0.006999157390997406,0.0025453669472096352,-2.7497636042890594,-0.007827677648732934,-0.009248108145278688,0.0025551202979597815,-3.619441383117319,0.0003167375688463234,-0.01426481360624783,-0.004231402684309547,-0.010221321982397223,-0.0015243144857075318,-3.9929703849922755,-0.002273835049788409,-0.0007747939216266545,-0.0037180153864621447,-9.693612219794908,0.4307531894013739,0.4132421491658489,-0.004273014233881127,-0.929145674357876,-0.8965034048902077,-0.008748108145278691,-0.009248108145278693,-0.01024810814527869,0.9956452404317959,0.08775344775015918,0.00018869196159058241,True,-0.014318579800423182,-0.004311805688766748,194,0.06144708835618674,30,0.009502127065389701
R1,full,long,48,Q4,quintile,82096,674,662,-0.001499850369812008,0.002318793005510318,-0.6468237424590308,-0.002422996647931497,-0.00391474038848148,0.002325499562857184,-1.6833976023937427,0.09276328589996596,-0.00848087200862187,0.0006513912316589085,-0.005061306880400044,0.00027971970084235306,0.7554535478524306,-0.0004472982290367463,0.0010067376307214524,-0.002075372710814906,-5.584609879755008,0.45906671376542385,0.4409905355859532,-0.0010788698616568035,-0.25185496246108097,-0.7613861895104377,-0.0034147403884814834,-0.003914740388481485,-0.004914740388481486,0.9957976539946648,0.09528392225383239,0.0003500833862168394,True,-0.008627950736320701,0.0007307482755207422,194,1.0,30,1.0
R1,full,long,48,Q5,quintile,50283,730,707,0.0040523335621793785,0.0022040579150283176,1.838578530332001,0.0,0.000751913733193261,0.002208007747305911,0.3405394451675745,0.7335487014812901,-0.0035829186777943866,0.005086746144180909,-0.0026500000000000187,0.0036085133945636646,4.46458581510978,0.002021732806918664,0.005195293982208665,0.0003198710341103446,0.3985060015485112,0.4523037763239008,0.4301907053512836,-0.0016578945298140208,-0.36953842798477404,-0.8518598763587064,0.00125191373319326,0.0007519137331932582,-0.0002480862668067411,0.9922644023306222,0.1307318039805359,0.0012611966349352574,True,-0.0036575157442193065,0.005068546143434111,194,1.0,30,1.0
R1,full,long,72,D1,decile,31320,730,684,-0.009515076602261583,0.002356652288828951,-4.037539456866477,-0.01650796735136545,-0.002452332519985356,0.0023818702181435205,-1.0295827628663814,0.3035487910712892,-0.007128508112489891,0.0022238430725191782,-0.013625789604909577,-0.006575462362863432,-6.892339946543132,-0.008448425969216388,-0.004702498756510475,0.0005859264906666161,0.6030059049460564,0.41118063980588726,0.4212055424302407,-0.00101270823277012,-0.16584621809340627,-0.6258095526548761,-0.0019523325199853566,-0.0024523325199853575,-0.003452332519985357,0.9911883021518422,0.11907696453016572,-0.008891235610706693,True,,,194,1.0,30,1.0
R1,full,long,72,D10,decile,26347,729,624,0.00690822944911273,0.002926153117277298,2.3608571295615044,-0.006197183098591519,0.002330511609829186,0.0029486307360488072,0.7903707918856239,0.4295697000907338,-0.0034583624993381294,0.008119385718996501,-0.011084215700771225,0.009384718083655999,5.281018459292889,0.005895932575783488,0.01287350359152851,0.004881065829061816,2.721894495792552,0.44265219371489295,0.41376954607560346,0.0035170207516367425,0.44721558267203143,-0.6983880874224836,0.0028305116098291854,0.0023305116098291854,0.0013305116098291845,0.9854637923182025,0.15552322855175077,0.002704026417099927,True,,,194,1.0,30,1.0
R1,full,long,72,D2,decile,30522,705,707,-0.0024950826892371127,0.002492924613445733,-1.0008656803257265,-0.0058063096220318244,-0.003207888536204514,0.0025062510150643848,-1.2799550072689363,0.20098437394823046,-0.008128546141216072,0.0017127690688070445,-0.0074076440726330555,-0.0007959512936074802,-1.4004534059591924,-0.0019118202834743875,0.00031991769625942714,-0.0014225715965108295,-2.4552230806735325,0.45582020115978117,0.44232218327163125,-0.0033083314355431244,-0.5204013620070661,-0.7690514022879937,-0.002707888536204512,-0.0032078885362045134,-0.004207888536204514,0.9933492775939455,0.09029456412337303,-0.0012770534877968344,True,,,194,1.0,30,1.0
R1,full,long,72,D3,decile,30554,674,693,0.0005867305067824392,0.0027349881312853713,0.21452762447882784,-0.0039913574797295626,-0.0009801162822606676,0.0027400574937636152,-0.3576991667114348,0.720681108778524,-0.006360249267956873,0.004400016703435538,-0.0060375684424455785,-0.0003615083699641746,-0.5356126243717463,-0.0016867570607019054,0.0009637403207735561,-0.0018659519367999389,-2.7581627612395896,0.4699394534446081,0.45583374243168057,-0.0017645522333552943,-0.2722080958322533,-0.7477106747507938,-0.0004801162822606664,-0.0009801162822606667,-0.001980116282260667,0.9956144657175585,0.08519622248192674,-0.00043156612110055535,True,,,194,1.0,30,1.0
R1,full,long,72,D4,decile,30504,639,704,0.0013663320599359022,0.003228348095258213,0.42322947204570854,-0.0035065539176790117,-0.0005576932695525534,0.0032437725782137154,-0.17192736423577037,0.863549410125751,-0.006927511715984107,0.005812125176879,-0.005855822878969805,-0.00026946095474007455,-0.44401429695925304,-0.0014611738707306654,0.0009222519612505163,-0.002124070002283254,-3.479665811388128,0.4715447154471545,0.4537765538945712,-0.00033342592191515396,-0.052139106792021765,-0.6341746862833784,-5.769326955255297e-05,-0.0005576932695525534,-0.0015576932695525539,0.9914765276685025,0.08535341763292327,-0.00017711105971432615,True,,,194,1.0,30,1.0
R1,full,long,72,D5,decile,30844,628,672,-0.002836907939463414,0.00362606206018028,-0.7823660743750119,-0.006279308473572109,-0.0049219256952545525,0.003643675084682296,-1.3508135552332627,0.17724478357784615,-0.012077276303615863,0.0022334249131067572,-0.00871793557122604,-0.0018630142730562751,-3.1464084761606492,-0.0030257695430066286,-0.0007002590031059217,-0.003898481231517027,-6.6124467446062,0.4542860848139022,0.43830242510699,-0.0019266102549295254,-0.29366101476553047,-0.7258725974240785,-0.004421925695254551,-0.0049219256952545525,-0.005921925695254552,0.9933860718454156,0.08687004361627952,8.939197650129992e-05,True,,,194,1.0,30,1.0
R1,full,long,72,D6,decile,34372,587,667,-0.018402504531314298,0.00449734667923079,-4.091858120766842,-0.018500463047283255,-0.020822880764608104,0.004521496278870599,-4.605307508913696,5.060151910552973e-06,-0.029703286544505728,-0.01194247498471048,-0.021312706380514076,-0.002817824400651939,-4.780655985222915,-0.003975461510625417,-0.0016601872906784607,-0.005112128580467901,-8.5623822504309,0.3826079366926568,0.36800302571860816,-0.00658691829288435,-0.977586738827681,-0.8603665422925799,-0.020322880764608104,-0.0208228807646081,-0.021822880764608105,0.9939485627836612,0.08854617779511974,0.00029479871560706366,True,,,194,0.000981669470647277,30,0.0001518045573165892
R1,full,long,72,D7,decile,36645,528,654,-0.0039083999792534595,0.0039927765066571285,-0.9788677059026498,-0.006249999999999978,-0.006290482260655522,0.0039961274964345405,-1.574144535245202,0.1160575863665086,-0.014140880789438391,0.0015599162681273456,-0.008795466933284243,-0.0003475679252781562,-0.4622294101514082,-0.0018247320852619335,0.0011295962347056211,-0.0027145777710723437,-3.6031502911607336,0.4474553145040251,0.43310137808705146,-0.0002441504141431473,-0.03680487680922107,-0.6064959740393763,-0.005790482260655524,-0.006290482260655524,-0.007290482260655525,0.9980352026197299,0.09077154096116702,0.00036952984387387936,True,,,194,1.0,30,1.0
R1,full,long,72,D8,decile,45451,509,646,0.0009020704763311976,0.0031073084132879868,0.29030606439760354,-0.0042615012106537176,-0.0017188190950731402,0.0031320802783162205,-0.5487787484161046,0.5833998347953128,-0.007872331520216982,0.004434693330070702,-0.007327001443597136,0.0008897476719393645,1.595304163451962,-0.00020599202914492194,0.001985487373023651,-0.0016591443773716018,-2.9435698061290783,0.4457889641819942,0.42642787996127784,0.00031373135832471027,0.04936756643239079,-0.5735453679565601,-0.0012188190950731398,-0.00171881909507314,-0.00271881909507314,0.989241397518261,0.09892196265842895,0.0005317488248114939,True,,,194,1.0,30,1.0
R1,full,long,72,D9,decile,23933,536,694,0.0049637345590944635,0.0034211668016874493,1.4508893739545705,0.0,0.002096740162317315,0.003433548967614228,0.61066266480953,0.5416837197679076,-0.004648237185304792,0.008841717509939421,-0.002900000000000026,0.0020933952896493527,1.9739966472025108,1.016860853751472e-05,0.00417662197076119,-0.0008523734194898403,-0.801772101498807,0.4493922051881866,0.4341451188437278,0.0009960407097065165,0.148802271750834,-0.6610877997751297,0.0025967401623173156,0.002096740162317315,0.0010967401623173153,0.9945277580517148,0.10344559926846067,0.0007027063944892304,True,,,194,1.0,30,1.0
R1,full,long,72,Q1,quintile,61842,730,727,-0.006050372126123474,0.002340320537753274,-2.5852749777309896,-0.010767950689004047,-0.002825634937580869,0.0023547258906274748,-1.1999846558904181,0.23053673266151054,-0.007448519783663284,0.0017972499085015469,-0.01004671432098776,-0.0037229958052516117,-6.957249905039472,-0.004773565032450696,-0.002672426578052527,-0.00040642506975272733,-0.7553739499170024,0.43321206241409976,0.4316274557361145,-0.001837796771955151,-0.3018500960012984,-0.7051532595741956,-0.002325634937580869,-0.0028256349375808698,-0.0038256349375808698,0.9922548306249495,0.10487168993049666,-0.00512918493172115,True,,,194,1.0,30,1.0
R1,full,long,72,Q2,quintile,61058,691,720,0.0009762120780326157,0.002692131802735996,0.3626167474566058,-0.003754918487746728,-0.000769517548310643,0.0027013489937218194,-0.2848641734552151,0.7758340548172564,-0.006073408456674888,0.004534373360053601,-0.00592761230036643,-0.000315522350867644,-0.5933175841536001,-0.0013596496830482951,0.0007286049813130072,-0.0019946365400650935,-3.7428532068736935,0.47074141404215597,0.4548060073044105,-0.0016792045329351005,-0.25965648274185316,-0.7712141377324382,-0.00026951754831064313,-0.0007695175483106449,-0.0017695175483106438,0.9935472248153425,0.08527475440819474,-0.00030470979741201805,True,,,194,1.0,30,1.0
R1,full,long,72,Q3,quintile,65216,696,705,-0.011040733473919663,0.0032594209200124433,-3.3873297572985797,-0.012792602698966204,-0.013304745104386622,0.003277558031643333,-4.059346921072138,5.482759840632921e-05,-0.019739896067361637,-0.006869594141411607,-0.015389593742720236,-0.0023662455921454276,-5.026196116136793,-0.00329057219565016,-0.0014419189886406953,-0.004538303588617787,-9.606754079126375,0.41650821884200195,0.40125122669283614,-0.00578878320583756,-0.871549528443207,-0.8787841277978227,-0.012804745104386624,-0.013304745104386622,-0.014304745104386625,0.9936825318940138,0.08775344775015918,0.00019768028948829623,True,,,194,0.010636554090827867,30,0.0016448279521898764
R1,full,long,72,Q4,quintile,82096,674,662,-0.0012451679986846347,0.002610675572736068,-0.4769524071425162,-0.005118382122332676,-0.00376946528327262,0.0026234332221352647,-1.4368443806641196,0.15122901006270256,-0.008920605230629822,0.0013816746640845832,-0.007994937216338953,0.000337449995316435,0.7402861854706577,-0.0005575841690181492,0.001232484159651019,-0.0021325651844828694,-4.649926811680848,0.44653276002777204,0.4294066774668989,-0.0002258066335799099,-0.036334347984016704,-0.6575372642274506,-0.0032694652832726185,-0.00376946528327262,-0.004769465283272619,0.9931666199739333,0.09528392225383239,0.00045898544679648986,True,,,194,1.0,30,1.0
R1,full,long,72,Q5,quintile,50280,730,707,0.005982660709995645,0.0026748862768565477,2.2366037620957484,0.0,0.0022187060359815064,0.002689574257062737,0.8249283432704095,0.4096832309812974,-0.003061565491536061,0.007498977563499074,-0.004221590208078189,0.005914089037733941,5.392720783436159,0.00376106114514347,0.008067116930324412,0.0021389411079810487,1.9502841224167624,0.4458607592419512,0.4234692862966572,-0.0005176119371311438,-0.07511296448601296,-0.7692221417413533,0.0027187060359815055,0.0022187060359815038,0.0012187060359815042,0.989778670431722,0.1307318039805359,0.0017467317573784825,True,,,194,1.0,30,1.0
R1,full,short,24,D1,decile,31321,730,684,0.003148737008122993,0.0013942153788255747,2.2584294047705527,0.006673763511300335,-0.0024467673962299077,0.0013970301283954295,-1.7514063200914374,0.08029704623608551,-0.005189455964922072,0.0002959211724622565,0.002673647693691274,0.0021241974838801625,3.714602994613988,0.001001527225055585,0.0032468677427047402,-0.0034846173154184893,-6.033472856166952,0.557276036013026,0.5224442883596194,-0.0029404115689133682,-1.4413673929921458,-0.9537708574301481,-0.0019467673962299085,-0.00244676739622991,-0.0034467673962299094,0.9965838707617649,0.11907696453016572,-0.0035941113531955796,True,,,194,1.0,30,1.0
R1,full,short,24,D10,decile,26348,729,624,-0.0020872233054347895,0.0015662379310968607,-1.3326348851563534,0.001896064231906025,-0.0030307358166283545,0.0015661687441397003,-1.9351272511144026,0.05336221351513693,-0.006105489082986344,4.401744972963454e-05,0.0009499817708175009,-0.002762527267777807,-3.238900439520761,-0.004437006244169083,-0.0010880482913865313,-0.003721006626285517,-4.379193304121387,0.5151814179444361,0.5054273569151359,-0.0029697027598118535,-1.2642217198499306,-0.9551410910373762,-0.0025307358166283545,-0.003030735816628355,-0.004030735816628356,0.9937376650979202,0.15552322855175077,0.0010558726605049032,True,,,194,1.0,30,1.0
R1,full,short,24,D2,decile,30523,705,707,0.0008324832749188167,0.001473263096965208,0.5650608344386409,0.0022799365582870657,-0.0015454775655983103,0.0014766687619526193,-1.0465973178403964,0.2956450470906593,-0.0044446866144306155,0.0013537314832339949,0.00012030554170661296,9.84291105497674e-05,0.2896689357503845,-0.0005687109450085971,0.0007655691661081319,-0.002295752239781961,-6.666729548749879,0.524522491236117,0.5003440028830718,-0.001411031163914567,-0.6629403067815238,-0.8567818078598518,-0.0010454775655983101,-0.0015454775655983106,-0.0025454775655983104,0.9977066474461881,0.09029456412337303,-0.0003720142560667258,True,,,194,1.0,30,1.0
R1,full,short,24,D3,decile,30554,674,693,-0.0004499006272474163,0.001645380361791477,-0.273432598136499,0.001070422137966598,-0.0025560694114244516,0.0016463038544443937,-1.5526109621404562,0.12098690961739768,-0.005788587702486449,0.000676448879637546,-0.0009441958792012466,0.00039652835876348045,1.0763244091011888,-0.0003268423095800355,0.0011198990271069965,-0.0017229019952681142,-4.672488256814655,0.5123220422189494,0.48862706594665356,-0.0014940903496133125,-0.6912275966960058,-0.8758464360080683,-0.002056069411424451,-0.0025560694114244516,-0.0035560694114244525,0.9978072328587793,0.08519622248192674,-8.873988323274728e-05,True,,,194,1.0,30,1.0
R1,full,short,24,D4,decile,30504,639,704,-0.0011203908518641794,0.001721249698742072,-0.6509170939480694,0.0010709505453102564,-0.0031476424649700234,0.0017221774818319618,-1.8277108475612671,0.06806058143545803,-0.0065294739146910495,0.00023418898475100272,-0.0008858003582479356,9.490436066089321e-05,0.26392740430628964,-0.0006112090141123654,0.0008010177354341518,-0.001943168809620702,-5.420411811456747,0.5105887752425912,0.4893456595856281,-0.0031234875924349686,-1.4178750340473896,-0.9482659571014973,-0.002647642464970024,-0.0031476424649700243,-0.004147642464970024,0.9977052189876737,0.08535341763292327,3.1122060852986435e-06,True,,,194,1.0,30,1.0
R1,full,short,24,D5,decile,30844,628,672,0.0025347056386666954,0.0019274901071639327,1.3150291299788857,0.003336082855281197,0.0006623159894643927,0.0019317773624355763,0.34285316845692176,0.7318240206007451,-0.003131232607695441,0.004455864586624227,0.0015528178617838524,0.0008926282511843312,2.5871667906739315,0.00021509059455372367,0.0015701659078149388,-0.0009908731819256102,-2.8583036341712855,0.5329075346907016,0.5138762806380496,-0.0016533791460405457,-0.7467842676638367,-0.8852655531769058,0.0011623159894643934,0.0006623159894643934,-0.000337684010535607,0.9975035663338089,0.08687004361627952,0.00010220911561087996,True,,,194,1.0,30,1.0
R1,full,short,24,D6,decile,34372,587,667,0.004942389883579556,0.0025178644068597953,1.9629293261838336,0.004910220008490562,0.003121285177855784,0.002523097911205928,1.2370844444811693,0.2165520890541805,-0.001834148276125967,0.008076718631837536,0.0031321681699346144,0.00042483523174447635,1.2862084091689407,-0.0002238816338666389,0.0010735520973555917,-0.0014086562145078662,-4.254899663108989,0.5441056674037007,0.5276387757477016,-0.0011017332631604998,-0.5156827766160689,-0.7886744171914106,0.003621285177855785,0.0031212851778557845,0.002121285177855785,0.9977016175957174,0.08854617779511974,0.00016086405855422113,True,,,194,1.0,30,1.0
R1,full,short,24,D7,decile,36645,528,654,0.002221330362096869,0.002726794991430666,0.8146304981040782,0.0019128688250202863,0.00040916128444071,0.0027253546082260647,0.15013139325272368,0.8807185025832619,-0.004944754850763655,0.005763077419645074,0.00015624174532514502,-2.7631778081389006e-05,-0.06164671948926164,-0.0009081645145430364,0.0008529009583802584,-0.0018419993107092582,-4.114300653676292,0.5168781552735707,0.5012962204939282,-0.0014817363625280575,-0.6415979000531304,-0.825623611768063,0.0009091612844407104,0.00040916128444071036,-0.0005908387155592898,0.9997544003274662,0.09077154096116702,0.00018363699448629208,True,,,194,1.0,30,1.0
R1,full,short,24,D8,decile,45452,509,646,-0.0019073018934415232,0.0018353682481248418,-1.0391930313658713,0.0,-0.0036555001816704065,0.0018404944664957325,-1.9861511393894118,0.0475545752289031,-0.0072714350350237995,-3.956532831701342e-05,-0.0015999999999999886,-0.0003297906499230114,-1.0633897180973897,-0.000939088881222312,0.00027950758137628914,-0.002095394491767878,-6.725519248793296,0.49863592361172226,0.48270703159376926,-0.002953319809244801,-1.3985566887423129,-0.9003849089385096,-0.003155500181670406,-0.003655500181670407,-0.004655500181670407,0.9966118102613747,0.09892196265842895,0.00022579639962028609,True,,,194,1.0,30,1.0
R1,full,short,24,D9,decile,23937,536,694,0.00026209547641028585,0.002119370989765697,0.12366663395692762,0.0,-0.0014381985612946925,0.002123729846116659,-0.6772041010416212,0.49856973140674704,-0.005610088204433119,0.0027336910818437344,-0.0016999999999999914,-0.0005343415579657552,-0.9447705736724535,-0.0016453677351553422,0.0005766846192238318,-0.0022400200877559766,-3.9425218412229177,0.47967751368060485,0.4659760223902419,-0.0016531438944275502,-0.7417663376087855,-0.8056776097537859,-0.0009381985612946904,-0.0014381985612946916,-0.002438198561294691,0.9973265382848072,0.10344559926846067,0.0003008411254450204,True,,,194,1.0,30,1.0
R1,full,short,24,Q1,quintile,61844,730,727,0.002005553955626533,0.001381549977444944,1.4516694932279106,0.004418357845740906,-0.0020016908701187314,0.0013830372898141418,-1.4473151843850334,0.14823913225236782,-0.004716908307272357,0.0007135265670348942,0.001347969146643294,0.0011243829819209807,3.566572026313228,0.0005054651480204126,0.0017433008158215487,-0.002897529877065386,-9.152150448753476,0.5411108416201795,0.5115369067830867,-0.0023402033974789754,-1.1562101024484213,-0.9234451241665934,-0.0015016908701187316,-0.002001690870118732,-0.003001690870118732,0.9971380063060878,0.10487168993049666,-0.00200296970924953,True,,,194,1.0,30,1.0
R1,full,short,24,Q2,quintile,61058,691,720,-0.0007848712095087046,0.0015544788269927401,-0.5049095528866732,0.0010709505453102564,-0.0028515986100851078,0.0015553260045213933,-1.8334410932469458,0.06716823445829896,-0.005905345909945525,0.00020214868977530987,-0.000904605419821956,0.0002458398586796041,0.8171554434366929,-0.0003448481773423904,0.0008365278947015987,-0.0018329395886760797,-6.131448026585226,0.5114561325930658,0.4889860626607052,-0.0016924579305967378,-0.7795023639977838,-0.8909072266899103,-0.002351598610085109,-0.0028515986100851104,-0.003851598610085109,0.9977562685271623,0.08527475440819474,-4.285454646925609e-05,True,,,194,1.0,30,1.0
R1,full,short,24,Q3,quintile,65216,696,705,0.003803672193900761,0.0017928605560858751,2.121566108969922,0.00412859309994279,0.001958433886444196,0.0017965152268318836,1.090129299876769,0.2760345497692431,-0.0015688227505767892,0.0054856905234651815,0.002335094404933841,0.0006460786059410367,2.3572239485972393,0.00010794566118148827,0.001184211550700585,-0.0012110858092902479,-4.405754789304935,0.5388094946025516,0.5211297841020608,-0.0011090867248380793,-0.504777499514175,-0.8536919786854225,0.0024584338864441966,0.0019584338864441957,0.0009584338864441958,0.997607948969578,0.08775344775015918,0.00013312602244082154,True,,,194,1.0,30,1.0
R1,full,short,24,Q4,quintile,82097,674,662,-6.44363928239074e-05,0.001660141546113355,-0.03881379450731948,0.0008517887563883608,-0.0018380259039292104,0.00166219913848859,-1.105779603279362,0.26921764030929907,-0.005101754591708545,0.0014257027838501244,-0.0008348923333529584,-0.0001949183420599199,-0.7424529008046182,-0.0007104004929571465,0.00032056380883730676,-0.0019820912738941795,-7.535449490421884,0.5067785668173015,0.491004543405971,-0.002094827904721925,-0.9824335533041155,-0.9066094154491756,-0.0013380259039292134,-0.0018380259039292139,-0.002838025903929214,0.9980145437713924,0.09528392225383239,0.00020694522713402878,True,,,194,1.0,30,1.0
R1,full,short,24,Q5,quintile,50285,730,707,-0.0009688849603810835,0.001541422158192081,-0.6285656108106551,0.0,-0.0022712136435306123,0.0015447889763559777,-1.4702420060558736,0.14192826808686138,-0.005303986509610106,0.0007615592225488814,-0.001284927293912547,-0.0017018514929787408,-3.2975672794808752,-0.002715057432491254,-0.0006886455534662276,-0.0030146858728430565,-5.856777093485689,0.498279873525961,0.4866466482391075,-0.001956977722708978,-0.9100300357769163,-0.8988469422043928,-0.001771213643530613,-0.002271213643530613,-0.0032712136435306136,0.9954461391612146,0.1307318039805359,0.000695762829917291,True,,,194,1.0,30,1.0
R1,full,short,48,D1,decile,31320,730,684,0.006328382023421861,0.0019571370219095656,3.2334895066505362,0.01149994902911955,-0.0021475899705025512,0.0019712600898961047,-1.0894503376344113,0.2763163319387844,-0.006017631703188633,0.0017224517621835305,0.005744046854173604,0.00436149945009348,5.512379167947742,0.002808159644987409,0.0059148392551995515,-0.004182673753186055,-5.167200607608898,0.5708767000830087,0.5327246025158036,-0.003109261731441193,-0.7601413903192327,-0.8219298769984864,-0.001647589970502551,-0.002147589970502552,-0.003147589970502552,0.9938701232360642,0.11907696453016572,-0.006426237557982654,True,-0.005876659267206621,0.0017281149433434808,194,1.0,30,1.0
R1,full,short,48,D10,decile,26348,729,624,-0.0038464398820283285,0.0023294805720859403,-1.651200670278191,0.004235518692353335,-0.00391503694586358,0.002326929781095265,-1.682490368927595,0.09290377623979515,-0.00848335144299457,0.0006532775512674092,0.004257626459963306,-0.005938672791731898,-4.587252484222933,-0.008480274401552239,-0.003397071181911556,-0.006066110139841378,-4.7024643677831595,0.5228859875512373,0.5183695157127676,-0.005080098866543955,-1.0118357461205836,-0.9142504279460397,-0.0034150369458635812,-0.003915036945863581,-0.004915036945863581,0.9892971003491726,0.15552322855175077,0.0019246420885444544,True,-0.00823769510192726,0.0005963142317215287,194,1.0,30,1.0
R1,full,short,48,D2,decile,30523,705,707,0.0012805064596707514,0.002101352376947485,0.6093725515617092,0.003617856266862951,-0.0015297452397476155,0.0021106318195705086,-0.724780715216784,0.4688280686064624,-0.005673652160841548,0.0026141616813463164,0.001360211811361105,0.0002976957089009739,0.5901202974375157,-0.0006927425358652427,0.0012881339536671905,-0.0025774820061294046,-5.003155573949815,0.5293712937784621,0.5074861579792288,-0.001417083881378631,-0.3250772608249681,-0.7220135054593138,-0.0010297452397476162,-0.0015297452397476162,-0.0025297452397476158,0.9955443436097369,0.09029456412337303,-0.0008130137762859121,True,-0.005763936580824299,0.0027582216828317923,194,1.0,30,1.0
R1,full,short,48,D3,decile,30554,674,693,-0.00046424477573364355,0.002211417211740059,-0.20993088652337633,0.0018120736897542788,-0.0027153802371835743,0.0022157032716764117,-1.225516192485966,0.22081076432669589,-0.007065926215020639,0.0016351657406534904,-0.00018743742845689186,0.00028482053193738533,0.5292348689637008,-0.0007718818215253791,0.0013415228854001496,-0.0020110251185482503,-3.716135381965794,0.5155948289968908,0.49687448862706596,-0.0021415232833597274,-0.4900404429151619,-0.7919984329112508,-0.002215380237183575,-0.002715380237183575,-0.0037153802371835756,0.9964326624120439,0.08519622248192674,-0.00025068956348945655,True,-0.00716039671163708,0.0015741414144842482,194,1.0,30,1.0
R1,full,short,48,D4,decile,30504,639,704,-0.001727220202819047,0.002691291796623858,-0.6417810974587709,0.001082055941414084,-0.003766610685699033,0.0026968032428002628,-1.3966946590393152,0.16299259297868324,-0.009062325798503468,0.0015291044271054026,-0.0008281623603264895,3.339540967447695e-05,0.06384748200893929,-0.0009937117522431096,0.0010605025715920635,-0.0020667528192856157,-3.944640044871898,0.5089496459480723,0.49085365853658536,-0.004061400327132425,-0.9123148696958651,-0.8915390364766878,-0.0032666106856990332,-0.003766610685699034,-0.004766610685699033,0.9948859166011015,0.08535341763292327,-7.976797087122883e-05,True,-0.009115554915767465,0.001536694630036187,194,1.0,30,1.0
R1,full,short,48,D5,decile,30844,628,672,0.0029842038479554922,0.002976811082087965,1.0024834514732932,0.003469296800688304,0.0011375248819815989,0.0029878960516917137,0.38071099606612646,0.7035470707265867,-0.004730006349273507,0.007005056113236705,0.00182006876106189,0.0014874799246343447,3.031139474747659,0.0005238008464392385,0.0024511590028294507,-0.00040220614894985896,-0.8178501879977116,0.5263908701854494,0.5109259499416418,-0.0017803953915732445,-0.3838775802247852,-0.8318264839202898,0.001637524881981599,0.001137524881981599,0.00013752488198159936,0.9954286084813903,0.08687004361627952,0.00011817113604533386,True,-0.004525594300388057,0.0072054147881473705,194,1.0,30,1.0
R1,full,short,48,D6,decile,34372,587,667,0.010602009336813321,0.0034107873313579794,3.108375957463232,0.011647386342371058,0.008935251735012851,0.003423940714879598,2.6096397335918993,0.009296143463159417,0.0022105144510461243,0.015659989018979577,0.010157096744856703,0.0015573682853625246,3.370595582054149,0.0006499016067378174,0.002464834963987232,-0.0001741473468413504,-0.37352546960126937,0.579192365879204,0.567380425928081,0.0006356128943403571,0.14113125035914087,-0.6100183442836976,0.009435251735012848,0.008935251735012851,0.00793525173501285,0.995839636913767,0.08854617779511974,0.00025194829121504605,True,0.0022433782750885325,0.015777957240116755,194,1.0,30,0.2788843038947825
R1,full,short,48,D7,decile,36645,528,654,0.0047031753216998365,0.0038254700666813394,1.2294372298617726,0.0038137294259333876,0.003006053668791112,0.003827798270262075,0.7853218630001886,0.43261913308931116,-0.004513628681409953,0.010525736018992178,0.002316261069412644,0.00042646554437883043,0.6575894097608851,-0.000847553099747448,0.0017004841885051088,-0.0012970572399357604,-1.9975141850965492,0.5241642788920726,0.5151043798608268,-0.002413364513551025,-0.523006268027278,-0.7350164809381676,0.0035060536687911126,0.0030060536687911113,0.0020060536687911117,0.9984991131122937,0.09077154096116702,0.0002917543227657719,True,-0.003933547734371626,0.010542148813140294,194,1.0,30,1.0
R1,full,short,48,D8,decile,45451,509,646,-0.0010828396229698768,0.002533853311790141,-0.4273489779109833,0.001280819724623683,-0.002589879813164391,0.0025452783790639354,-1.017523204717929,0.30939086353267464,-0.007590494861279454,0.002410735234950672,-5.636546859248833e-05,-0.0008490835940708909,-2.010285775219686,-0.0016788898136604414,-1.9277374481340413e-05,-0.002433092294433721,-5.7217457286151685,0.5076124262958726,0.49647980286896065,-0.004003142550165538,-0.9454111191921204,-0.8212352978503467,-0.0020898798131643924,-0.002589879813164392,-0.003589879813164393,0.9936196426999911,0.09892196265842895,0.000397341267437214,True,-0.007520048596041944,0.0025768916463581822,194,1.0,30,1.0
R1,full,short,48,D9,decile,23935,536,694,-0.004278984353264396,0.002867005847238055,-1.4924923705288489,0.0,-0.005667392595814355,0.002874379668755771,-1.9716924167737353,0.04916143275686244,-0.011313895091909082,-2.0890099719627492e-05,-0.0014,-0.0010434396616792437,-1.289443049769844,-0.0026330726695919507,0.0005461933462334635,-0.0024096197108778,-2.9615881025371427,0.4581227286018631,0.4493504323488868,-0.004279124752818173,-0.9254097528720677,-0.801746733216171,-0.005167392595814355,-0.005667392595814355,-0.0066673925958143565,0.9955303061949121,0.10344559926846067,0.000535560129657592,True,-0.011630337573027224,-5.623778965091436e-05,194,1.0,30,1.0
R1,full,short,48,Q1,quintile,61843,730,727,0.003836971421860244,0.001955559081435461,1.9620841212548528,0.007299270072992803,-0.001842398757773545,0.0019633057666041537,-0.9384166180901428,0.3483420050731964,-0.005696824305029347,0.0020120267894822574,0.003374905726062265,0.002355783660231751,5.2723682477087195,0.0014785820879198643,0.003232985232543638,-0.003389771602271504,-7.483370781554696,0.5503921093055218,0.5202684129679036,-0.00239285573489175,-0.5849531576990914,-0.7843289151356725,-0.0013423987577735458,-0.0018423987577735465,-0.002842398757773547,0.9946964184655186,0.10487168993049666,-0.0036535238194320275,True,-0.0056629516772730626,0.0019861553493489186,194,1.0,30,1.0
R1,full,short,48,Q2,quintile,61058,691,720,-0.001095215368085394,0.0022451677092816856,-0.48781004802344813,0.0014151610956533722,-0.0032401568011226336,0.002249315659357871,-1.4405078218535257,0.15017868712520324,-0.007656503708224916,0.0011761901059796484,-0.0005106415794104129,0.00015921091600650412,0.3667207073992203,-0.0006931979582755492,0.0010116197902885573,-0.0020388445099580764,-4.698515165129283,0.5122750126926415,0.4938665880541771,-0.002398853719642079,-0.548118213219913,-0.8273455615404877,-0.0027401568011226323,-0.003240156801122633,-0.004240156801122633,0.9956599354722482,0.08527475440819474,-0.00016536653008520657,True,-0.007335020549718499,0.0011046278813650096,194,1.0,30,1.0
R1,full,short,48,Q3,quintile,65216,696,705,0.006999157390997406,0.0025453669472096352,2.7497636042890594,0.007827677648732934,0.005248108145278691,0.0025551202979597815,2.0539573614084676,0.04035444410477661,0.00023140268430954947,0.01026481360624783,0.006221321982397223,0.0015243144857075318,3.9929703849922755,0.0007747939216266545,0.002273835049788409,-0.0002819846135378562,-0.7351904743422014,0.5542198233562315,0.5406802011776252,0.0002730142338811241,0.05936558610954369,-0.6942358284434427,0.00574810814527869,0.00524810814527869,0.00424810814527869,0.9956452404317959,0.08775344775015918,0.00018869196159058241,True,0.000311805688767209,0.01031857980042342,194,1.0,30,1.0
R1,full,short,48,Q4,quintile,82096,674,662,0.001499850369812008,0.002318793005510318,0.6468237424590308,0.002422996647931497,-8.525961151851679e-05,0.002325499562857184,-0.03666292304685023,0.9707646761068665,-0.004651391231658906,0.004480872008621872,0.0010613068804000442,-0.00027971970084235306,-0.7554535478524306,-0.0010067376307214524,0.0004472982290367463,-0.0019246272891850957,-5.178969790832805,0.5150005481320876,0.5047931105886939,-0.0029211301383431994,-0.6819183179392501,-0.8247133919034968,0.00041474038848148215,-8.525961151851763e-05,-0.0010852596115185178,0.9957976539946648,0.09528392225383239,0.0003500833862168394,True,-0.004730748275520672,0.004627950736320764,194,1.0,30,1.0
R1,full,short,48,Q5,quintile,50283,730,707,-0.0040523335621793785,0.0022040579150283176,-1.838578530332001,0.0,-0.004751913733193259,0.002208007747305911,-2.1521272916688274,0.031715905243821,-0.009086746144180907,-0.00041708132220561085,-0.0013499999999999814,-0.0036085133945636646,-4.46458581510978,-0.005195293982208665,-0.002021732806918664,-0.004319871034110347,-5.381839395981975,0.4920556008511146,0.485513154493209,-0.002342105470185982,-0.5220464619810029,-0.7909243614454793,-0.004251913733193261,-0.004751913733193261,-0.005751913733193261,0.9922644023306222,0.1307318039805359,0.0012611966349352574,True,-0.009068546143434069,-0.00034248425578066726,194,1.0,30,0.95147715731463
R1,full,short,72,D1,decile,31320,730,684,0.009515076602261583,0.002356652288828951,4.037539456866477,0.01650796735136545,-0.0015476674800146437,0.0023818702181435205,-0.649769860769714,0.5160464206083506,-0.006223843072519178,0.003128508112489891,0.009625789604909573,0.006575462362863432,6.892339946543132,0.004702498756510475,0.008448425969216388,-0.004585926490666618,-4.719603563877703,0.5820828810420791,0.5419832705446651,-0.0029872917672298833,-0.48921399659353304,-0.748228168057623,-0.0010476674800146443,-0.001547667480014645,-0.0025476674800146456,0.9911883021518422,0.11907696453016572,-0.008891235610706693,True,,,194,1.0,30,1.0
R1,full,short,72,D10,decile,26347,729,624,-0.00690822944911273,0.002926153117277298,-2.3608571295615044,0.006197183098591519,-0.006330511609829187,0.0029486307360488072,-2.1469326533278057,0.03212969595577233,-0.012119385718996501,-0.0005416375006618715,0.007084215700771225,-0.009384718083655999,-5.281018459292889,-0.01287350359152851,-0.005895932575783488,-0.008881065829061816,-4.952468383640096,0.5271747381205405,0.5253909215120692,-0.007517020751636745,-0.9558456013762517,-0.8975636411166926,-0.005830511609829186,-0.006330511609829186,-0.0073305116098291885,0.9854637923182025,0.15552322855175077,0.002704026417099927,True,,,194,1.0,30,0.9638908786731699
R1,full,short,72,D2,decile,30522,705,707,0.0024950826892371127,0.002492924613445733,1.0008656803257265,0.0058063096220318244,-0.0007921114637954873,0.0025062510150643848,-0.3160543213885295,0.7520553573871777,-0.0057127690688070455,0.004128546141216071,0.0034076440726330554,0.0007959512936074802,1.4004534059591924,-0.00031991769625942714,0.0019118202834743875,-0.002577428403489172,-4.448395933499136,0.5387412770697507,0.5178390066507224,-0.000691668564456878,-0.10879963812989007,-0.6313943515312244,-0.00029211146379548824,-0.0007921114637954885,-0.001792111463795489,0.9933492775939455,0.09029456412337303,-0.0012770534877968344,True,,,194,1.0,30,1.0
R1,full,short,72,D3,decile,30554,674,693,-0.0005867305067824392,0.0027349881312853713,-0.21452762447882784,0.0039913574797295626,-0.003019883717739335,0.0027400574937636152,-1.10212421622999,0.2708034140623512,-0.00840001670343554,0.0023602492679568703,0.0020375684424455785,0.0003615083699641746,0.5356126243717463,-0.0009637403207735561,0.0016867570607019054,-0.0021340480632000627,-3.1544498990195406,0.5253150057273769,0.509441989854361,-0.002235447766644709,-0.3448506473133664,-0.7488266242509766,-0.0025198837177393347,-0.003019883717739336,-0.004019883717739335,0.9956144657175585,0.08519622248192674,-0.00043156612110055535,True,,,194,1.0,30,1.0
R1,full,short,72,D4,decile,30504,639,704,-0.0013663320599359022,0.003228348095258213,-0.42322947204570854,0.0035065539176790117,-0.003442306730447448,0.0032437725782137154,-1.0612047076195033,0.28900032297242884,-0.009812125176879002,0.002927511715984105,0.001855822878969805,0.00026946095474007455,0.44401429695925304,-0.0009222519612505163,0.0014611738707306654,-0.0018759299977167488,-3.0731611814090742,0.5210792027275112,0.5057041699449253,-0.003666574078084848,-0.5733564334772138,-0.8049859447235741,-0.0029423067304474486,-0.0034423067304474495,-0.00444230673044745,0.9914765276685025,0.08535341763292327,-0.00017711105971432615,True,,,194,1.0,30,1.0
R1,full,short,72,D5,decile,30844,628,672,0.002836907939463414,0.00362606206018028,0.7823660743750119,0.006279308473572109,0.0009219256952545493,0.003643675084682296,0.25302083029583167,0.8003354478884489,-0.00623342491310676,0.00807727630361586,0.00471793557122604,0.0018630142730562751,3.1464084761606492,0.0007002590031059217,0.0030257695430066286,-0.00010151876848297471,-0.1721920435950019,0.535598495655557,0.5229866424588251,-0.0020733897450704772,-0.3160336840229854,-0.7862590779538646,0.001421925695254551,0.0009219256952545485,-7.807430474545108e-05,0.9933860718454156,0.08687004361627952,8.939197650129992e-05,True,,,194,1.0,30,1.0
R1,full,short,72,D6,decile,34372,587,667,0.018402504531314298,0.00449734667923079,4.091858120766842,0.018500463047283255,0.016822880764608108,0.004521496278870599,3.720644611214898,0.0002179433162286525,0.007942474984710483,0.02570328654450573,0.017312706380514072,0.002817824400651939,4.780655985222915,0.0016601872906784607,0.003975461510625417,0.0011121285804678999,1.8627211478948542,0.5985976957989061,0.5878913068776911,0.002586918292884346,0.3839332606093526,-0.6073101621920174,0.017322880764608105,0.016822880764608104,0.0158228807646081,0.9939485627836612,0.08854617779511974,0.00029479871560706366,True,,,194,0.04228100334835858,30,0.006538299486859574
R1,full,short,72,D7,decile,36645,528,654,0.0039083999792534595,0.0039927765066571285,0.9788677059026498,0.006249999999999978,0.0022904822606555236,0.0039961274964345405,0.5731754711778234,0.5667717749343995,-0.005559916268127345,0.010140880789438391,0.004795466933284242,0.0003475679252781562,0.4622294101514082,-0.0011295962347056211,0.0018247320852619335,-0.0012854222289276581,-1.7061841173905858,0.5339063992359121,0.526429253649884,-0.0037558495858568577,-0.5661820472701653,-0.7296352318636514,0.0027904822606555227,0.0022904822606555214,0.0012904822606555207,0.9980352026197299,0.09077154096116702,0.00036952984387387936,True,,,194,1.0,30,1.0
R1,full,short,72,D8,decile,45451,509,646,-0.0009020704763311976,0.0031073084132879868,-0.29030606439760354,0.0042615012106537176,-0.0022811809049268603,0.00313208027831622,-0.7283277254161582,0.4667505779373546,-0.008434693330070702,0.0038723315202169807,0.003327001443597136,-0.0008897476719393645,-1.595304163451962,-0.001985487373023651,0.00020599202914492194,-0.0023408556226283996,-4.153027322548175,0.5228812813517557,0.5125187010472586,-0.004313731358324712,-0.6787922652703775,-0.7571583959347303,-0.0017811809049268622,-0.0022811809049268633,-0.0032811809049268625,0.989241397518261,0.09892196265842895,0.0005317488248114939,True,,,194,1.0,30,1.0
R1,full,short,72,D9,decile,23933,536,694,-0.0049637345590944635,0.0034211668016874493,-1.4508893739545705,0.0,-0.006096740162317317,0.003433548967614228,-1.7756380409374457,0.0763641759923426,-0.012841717509939423,0.0006482371853047892,-0.0010999999999999743,-0.0020933952896493527,-1.9739966472025108,-0.00417662197076119,-1.016860853751472e-05,-0.0031476265805101614,-2.9607671009961805,0.46852416558753496,0.46317724215714945,-0.00499604070970652,-0.7463773318894049,-0.7335506459405987,-0.005596740162317317,-0.006096740162317317,-0.007096740162317318,0.9945277580517148,0.10344559926846067,0.0007027063944892304,True,,,194,1.0,30,1.0
R1,full,short,72,Q1,quintile,61842,730,727,0.006050372126123474,0.002340320537753274,2.5852749777309896,0.010767950689004047,-0.0011743650624191314,0.0023547258906274743,-0.4987268654468283,0.6181228831419503,-0.0057972499085015465,0.0034485197836632833,0.006046714320987761,0.0037229958052516117,6.957249905039472,0.002672426578052527,0.004773565032450696,-0.003593574930247275,-6.678950417687379,0.5606920527124263,0.5300671032419759,-0.002162203228044851,-0.35513244006045247,-0.7176514640390297,-0.0006743650624191322,-0.001174365062419133,-0.002174365062419133,0.9922548306249495,0.10487168993049666,-0.00512918493172115,True,,,194,1.0,30,1.0
R1,full,short,72,Q2,quintile,61058,691,720,-0.0009762120780326157,0.002692131802735996,-0.3626167474566058,0.003754918487746728,-0.003230482451689358,0.0027013489937218194,-1.1958774890609443,0.23215696301798133,-0.008534373360053603,0.0020734084566748864,0.00192761230036643,0.000315522350867644,0.5933175841536001,-0.0007286049813130072,0.0013596496830482951,-0.002005363459934908,-3.7629818296218267,0.523198873220983,0.5075746409210763,-0.002320795467064902,-0.3588661037544967,-0.7651416817433093,-0.0027304824516893567,-0.0032304824516893585,-0.004230482451689358,0.9935472248153425,0.08527475440819474,-0.00030470979741201805,True,,,194,1.0,30,1.0
R1,full,short,72,Q3,quintile,65216,696,705,0.011040733473919663,0.0032594209200124433,3.3873297572985797,0.012792602698966204,0.009304745104386622,0.003277558031643333,2.8389261195541122,0.0046593072634328585,0.002869594141411607,0.015739896067361637,0.011389593742720236,0.0023662455921454276,5.026196116136793,0.0014419189886406953,0.00329057219565016,0.0005383035886177855,1.139489700233407,0.5688021344455348,0.5571945534838076,0.0017887832058375577,0.26931621104115666,-0.6427768029068681,0.009804745104386623,0.00930474510438662,0.008304745104386621,0.9936825318940138,0.08775344775015918,0.00019768028948829623,True,,,194,0.9039056091059745,30,0.13977921790298575
R1,full,short,72,Q4,quintile,82096,674,662,0.0012451679986846347,0.002610675572736068,0.4769524071425162,0.005118382122332676,-0.0002305347167273791,0.0026234332221352647,-0.0878751991025494,0.930002126114827,-0.005381674664084582,0.004920605230629824,0.0039949372163389524,-0.000337449995316435,-0.7402861854706577,-0.001232484159651019,0.0005575841690181492,-0.0018674348155171315,-4.071826399925522,0.5278024775570362,0.5187278463281241,-0.003774193366420093,-0.6073021547701613,-0.7922160806898675,0.0002694652832726176,-0.00023053471672738362,-0.001230534716727384,0.9931666199739333,0.09528392225383239,0.00045898544679648986,True,,,194,1.0,30,1.0
R1,full,short,72,Q5,quintile,50280,730,707,-0.005982660709995645,0.0026748862768565477,-2.2366037620957484,0.0,-0.006218706035981506,0.002689574257062737,-2.312152571973568,0.02104819531161033,-0.011498977563499074,-0.0009384345084639386,0.00022159020807818904,-0.005914089037733941,-5.392720783436159,-0.008067116930324412,-0.00376106114514347,-0.0061389411079810505,-5.59747967191488,0.49925428043032993,0.49577425577186945,-0.0034823880628688593,-0.5053447807686702,-0.7834706541054761,-0.005718706035981506,-0.006218706035981506,-0.007218706035981506,0.989778670431722,0.1307318039805359,0.0017467317573784825,True,,,194,1.0,30,0.6314458593483099
R1,live_diag,long,24,D1,decile,29012,730,649,-0.003069539385840011,0.0014106656937034015,-2.1759509709076363,-0.007146417960083695,-0.0015965724251568918,0.0014118954834726348,-1.1308007170828493,0.2585113667934319,-0.0043684450741427495,0.0011753002238289658,-0.007027985710015032,-0.0021258181219233198,-3.576583101793391,-0.003292701670052205,-0.0009589345737944345,-0.0006406279506715901,-1.0652315593653823,0.4351842277599697,0.4327370489091097,-0.0010866733728077246,-0.5199788656869674,-0.8227541500808611,-0.0010965724251568924,-0.0015965724251568929,-0.002596572425156893,0.9965532692241409,0.12030463667782339,-0.0034764384529450427,True,,,194,1.0,30,1.0
R1,live_diag,long,24,D10,decile,24034,729,585,0.0018239145039509993,0.001651892965750053,1.1041360074578674,-0.004009973653721632,-0.001276515306536672,0.0016498730065353108,-0.7737051891147185,0.439356660690308,-0.0045155994951991815,0.0019625688821258373,-0.0071349262758217385,0.00276042001271631,3.104983053734829,0.001015053427192247,0.004505786598240373,-0.0003238504685684174,-0.36718272794520745,0.46288591162519765,0.4377548472996588,-0.0010802418028911646,-0.4296014001000303,-0.9077270731996261,-0.0007765153065366726,-0.0012765153065366734,-0.0022765153065366726,0.9934259798618623,0.16129115117280804,0.0010912695162506234,True,,,194,1.0,30,1.0
R1,live_diag,long,24,D2,decile,27507,705,673,-0.0008110786341606504,0.0015177089522352832,-0.5344098636079685,-0.0026697620429484425,-0.002401880290085678,0.0015215610893743053,-1.5785631657243395,0.11488612104759495,-0.005389228429577687,0.000585467849406331,-0.004462433083151916,-0.0002558259517069151,-0.709157024701216,-0.0009640938677542459,0.0004524419643404157,-0.0018309353322255328,-4.99227636547141,0.4697713309339441,0.44959464863489296,-0.0027357033563820215,-1.260202517438101,-0.9334059521184073,-0.0019018802900856793,-0.0024018802900856798,-0.00340188029008568,0.9977096739011888,0.09254373312758588,-0.00040922516834280724,True,,,194,1.0,30,1.0
R1,live_diag,long,24,D3,decile,27003,672,654,0.0006504799215742549,0.001699392829304228,0.3827719585239023,-0.0011522949875168997,-0.0012303416569668301,0.0016994933477656273,-0.7239461446462239,0.46935149118217284,-0.004567315512477445,0.002106632198543785,-0.003174418636240293,-0.00025267953418936143,-0.6330119178436191,-0.0010364526176786892,0.0005310935492999662,-0.0021247398584583743,-5.3107373701075575,0.48352095985779886,0.4622278181010221,-0.0022966352514780836,-1.0464815300326886,-0.9219373977459435,-0.0007303416569668319,-0.0012303416569668323,-0.002230341656966832,0.9984076433121019,0.08761839038667546,-0.00011106897184822517,True,,,194,1.0,30,1.0
R1,live_diag,long,24,D4,decile,27547,638,666,0.001303909569514503,0.001744963412370421,0.7472417818452854,-0.0012195121951219523,-0.0006579571431706741,0.0017457027232407661,-0.376901023531215,0.7063728778845043,-0.004085995254075115,0.0027700809677337675,-0.003284976606208632,3.122384705750978e-05,0.08182722664214007,-0.0007180880555146925,0.0007805357496297121,-0.001916798107191389,-5.034829357660268,0.4835735288779177,0.46186517588122117,-0.0008027581176838417,-0.356435245531949,-0.8202207664350977,-0.000157957143170675,-0.0006579571431706758,-0.0016579571431706752,0.9978219043816023,0.08717337858159101,-1.0668396696620963e-05,True,,,194,1.0,30,1.0
R1,live_diag,long,24,D5,decile,28137,628,631,-0.0026125203928260205,0.0019625764777728184,-1.331168707265245,-0.0039215686274509665,-0.0047360631276125815,0.001966191706286517,-2.408749417704254,0.016295143457031955,-0.00859719326308867,-0.0008749329921364929,-0.006106444427479726,-0.0008015831263762914,-2.1739475609577332,-0.0015256634404899059,-7.750281226267706e-05,-0.0029036436123463724,-7.84320289682619,0.4584355119593418,0.436151686391584,-0.002170115965371173,-0.9649152328853846,-0.9158221485910785,-0.004236063127612583,-0.004736063127612582,-0.005736063127612583,0.9979031168923481,0.08821236440055578,9.35568986395023e-05,True,,,194,1.0,30,0.48885430371095867
R1,live_diag,long,24,D6,decile,31307,586,637,-0.004789146158763663,0.002520336518903638,-1.9002010734848103,-0.005719051590611368,-0.006960309896938404,0.002524915199411832,-2.7566509554696244,0.006022178560148294,-0.011919330158752753,-0.0020012896351240565,-0.007940590940093138,-0.0006793204222309208,-1.8380604735189954,-0.0014051963921392183,4.655554767737664e-05,-0.002827574988371015,-7.635108270034865,0.44306385153480055,0.423611332928738,-0.0029705112175326116,-1.3546752767460908,-0.9140148638133465,-0.006460309896938405,-0.006960309896938405,-0.007960309896938404,0.9979237870124892,0.09028337340657386,0.00015330537481594996,True,,,194,1.0,30,0.1806653568044488
R1,live_diag,long,24,D7,decile,34373,528,636,-0.002161430302361865,0.0028102393358915467,-0.7691267696515082,-0.002614379084967311,-0.004344935519171648,0.0028087351212128004,-1.5469367283361068,0.12247991874441441,-0.009862651356805148,0.0011727803184618515,-0.004888121554500283,-0.00018367350665608276,-0.38145105832744713,-0.001129593355354215,0.0007622463420420494,-0.002364905945318871,-4.91691830259977,0.47170744479678817,0.45375730951619003,-0.002516008005481756,-1.0669826275758165,-0.8949832157443425,-0.0038449355191716487,-0.0043449355191716495,-0.00534493551917165,0.9997381665842376,0.09237646390931706,0.00017904969241065656,True,,,194,1.0,30,1.0
R1,live_diag,long,24,D8,decile,42585,508,634,0.001750815506423136,0.0018790897959365986,0.9317359448224098,-0.0017667844522967213,-0.0004983415829499197,0.0018847629891235375,-0.2644054376203881,0.7915751816559269,-0.00420126627797195,0.00320458311207211,-0.004109392966754036,0.00035299096015783694,1.0461200491807625,-0.0003099397518822311,0.001015921672197905,-0.0018770577645755913,-5.541014266322463,0.4795820124456968,0.45748502994011975,-0.0011485203458094246,-0.5230046066722664,-0.8186866631086963,1.6584170500773863e-06,-0.0004983415829499229,-0.001498341582949923,0.9964071856287425,0.1018085426049078,0.00022171040676847024,True,,,194,1.0,30,1.0
R1,live_diag,long,24,D9,decile,20776,536,666,-0.0002563407319029715,0.002331114298501495,-0.10996489192647245,-0.0027516908474616852,-0.002561231830278491,0.0023332890864397157,-1.0976915998808296,0.27283389105007005,-0.00714478307243166,0.002022319411874678,-0.005136879432624196,0.0004980006234702922,0.8959283870695272,-0.0005939130048297387,0.001589914251770323,-0.0017934517189230619,-3.2170212135646743,0.47280515979976895,0.453552175587216,-0.0022690340191104273,-0.9633921110706644,-0.9369188918171719,-0.0020612318302784924,-0.0025612318302784933,-0.003561231830278493,0.9985078937235271,0.11291096091347799,0.0003018710383224817,True,,,194,1.0,30,1.0
R1,live_diag,long,24,Q1,quintile,56519,730,695,-0.0019703783975627202,0.0014090448028848946,-1.3983788120353198,-0.004860804242156402,-0.00198873079137769,0.001409647690994983,-1.4107998786377383,0.1587307946679481,-0.0047561905113880434,0.0007787289286326636,-0.005790300713597206,-0.0012157193122107868,-3.601583664693308,-0.0018784079737342145,-0.0005530306506873592,-0.0012202683818401479,-3.590853868946642,0.45201698513800426,0.4409412597310686,-0.0017143076168479382,-0.8277527924359747,-0.8859063668699388,-0.0014887307913776927,-0.0019887307913776927,-0.0029887307913776927,0.9971160651096956,0.10679403558163825,-0.0019828067588764484,True,,,194,1.0,30,1.0
R1,live_diag,long,24,Q2,quintile,54550,689,686,0.0009804529098750795,0.0015910029353931965,0.6162483349741733,-0.0011855468879790054,-0.0009413793058599748,0.0015913727973513945,-0.5915517139835254,0.5543454121490242,-0.004065917353815515,0.0021831587420955653,-0.0032438079335903123,-0.00010931223000590496,-0.3328673205793113,-0.0007540904625358664,0.0005354660025240566,-0.002019762634422604,-6.174351371111844,0.4835475060035563,0.4620446921229675,-0.0020701397502423304,-0.9367086781519929,-0.9264603058579082,-0.00044137930585997655,-0.0009413793058599771,-0.0019413793058599765,0.9981118586277061,0.0873936696630469,-6.038371969585696e-05,True,,,194,1.0,30,1.0
R1,live_diag,long,24,Q3,quintile,59444,696,664,-0.0037588702827090997,0.0018077681089279623,-2.0792878600663967,-0.004888457815311664,-0.005907504758888328,0.0018108047325578309,-3.262364324917437,0.0011589683638764023,-0.009462817241559162,-0.0023521922762174945,-0.007093369146885813,-0.000737191792033395,-2.464906806416667,-0.0013243904470831417,-0.00014999313698364823,-0.0028635806327402,-9.548954736325717,0.4503398156247897,0.4295471368010228,-0.002872665899229742,-1.2767722988620218,-0.9523726130910714,-0.00540750475888833,-0.005907504758888332,-0.006907504758888331,0.9979140030953503,0.08930308977151682,0.0001250245637221823,True,,,194,0.22483986259202204,30,0.03476905091629207
R1,live_diag,long,24,Q4,quintile,76958,674,644,3.4256939882121134e-06,0.0017038024869430275,0.002010616849350017,-0.002133620888942256,-0.0022195816738963684,0.001706127299091596,-1.3009472828189046,0.19372239923975287,-0.005569563322973573,0.001130399975180836,-0.00444858500483363,0.00011329180324374316,0.39534851287279965,-0.00044937100781987317,0.0006759546143073595,-0.0020953557863874314,-7.3012129425465,0.47606486655058605,0.455820057693807,-0.0019744573054036084,-0.893178910567048,-0.9191015375829144,-0.0017195816738963705,-0.002219581673896371,-0.003219581673896371,0.9978949556901167,0.09759574028411541,0.00020262096476378368,True,,,194,1.0,30,1.0
R1,live_diag,long,24,Q5,quintile,44810,730,678,0.000859411429188623,0.0016601133395117583,0.5176823827229635,-0.0033600450723711983,-0.001873800089150778,0.00166260508259799,-1.1270265613664396,0.2601025878532398,-0.0051378728257412435,0.0013902726474396875,-0.006129761703673761,0.0017114571644463868,3.185093765337586,0.0006565516952502927,0.002766362633642481,-0.0010070910489813868,-1.8889606382812143,0.46748493639812544,0.44507922338763667,-0.0021756352172051857,-0.9472040826936006,-0.9465773234570427,-0.0013738000891507793,-0.0018738000891507795,-0.0028738000891507798,0.9957821914751172,0.1388598449280448,0.0007242658313350164,True,,,194,1.0,30,1.0
R1,live_diag,long,48,D1,decile,29011,730,649,-0.0058152283150126535,0.001981066551772092,-2.9354028060343804,-0.012087026591458438,-0.0015458479011085625,0.0019958109735103142,-0.7745462479293126,0.43885965450126346,-0.005464088724644354,0.0023723929224272293,-0.010246859144158056,-0.004093407879031506,-5.0055197188213345,-0.0056988903814917296,-0.002487925376571282,0.00024203639106293057,0.2867675676791556,0.4236721469686003,0.42960052390307796,-0.0007549539781864264,-0.1802172232035393,-0.6912938530777974,-0.0010458479011085623,-0.0015458479011085631,-0.002545847901108563,0.9937958846034536,0.12030463667782339,-0.006212893585821801,True,-0.005478776886898964,0.002280015169265547,194,1.0,30,1.0
R1,live_diag,long,48,D10,decile,24034,729,585,0.0032872279757390527,0.002399425705739506,1.3700061510035064,-0.007589578964742216,-0.0007043381636474537,0.002397225352198209,-0.2938139140742814,0.7689840773542858,-0.0054106595225078625,0.004001983195212955,-0.011549085070422583,0.0056605727090524175,4.327145993517825,0.003092368524299749,0.008228776893805086,0.0017239789942981774,1.3226902435294097,0.45589581426312725,0.42984938004493634,0.0011714769432304075,0.21940703670187522,-0.7429370866571618,-0.00020433816364745494,-0.0007043381636474553,-0.0017043381636474555,0.9890571690105684,0.16129115117280804,0.002014336420848923,True,-0.00538040206205588,0.0038747223844496814,194,1.0,30,1.0
R1,live_diag,long,48,D2,decile,27507,705,673,-0.001096060654221259,0.0021495373452218884,-0.5099053787819243,-0.004133044676244646,-0.002213844537898409,0.002159706546623317,-1.0250672904426466,0.3056845263631037,-0.006454102276410752,0.0020264132006139342,-0.005848819904626481,-0.00043446654900569957,-0.799664592862794,-0.0015011703858692832,0.0006322372878578841,-0.001490233389872171,-2.679655705104223,0.46544515941396736,0.4516304940560585,-0.002658534042363306,-0.595704982076154,-0.8207628844265926,-0.0017138445378984094,-0.00221384453789841,-0.0032138445378984103,0.9956011197149817,0.09254373312758588,-0.0008904484995983354,True,-0.006689599090938379,0.0020137106446106692,194,1.0,30,1.0
R1,live_diag,long,48,D3,decile,27003,672,654,0.000730259907880946,0.002284988187993385,0.3195902332091443,-0.002093144950287673,-0.0009771564554282664,0.0022884377326931374,-0.42699717867276393,0.669518764748523,-0.005470541234450898,0.0035162283235943654,-0.004036093824796498,-0.0001431565182306539,-0.25097814593409684,-0.0012631290833212668,0.000976816046859959,-0.0018110650028452145,-3.152068836317816,0.48148422455932455,0.46374611168715746,-0.001713963356642993,-0.38537276364049633,-0.7906730636661035,-0.0004771564554282674,-0.0009771564554282677,-0.001977156455428268,0.9970374759294919,0.08761839038667546,-0.0003019562197296091,True,-0.00522939932449251,0.0036784850790706008,194,1.0,30,1.0
R1,live_diag,long,48,D4,decile,27547,638,666,0.0016768624619063976,0.002747157810087067,0.6103990297715194,-0.0015057973196808128,-0.0001967294795198137,0.002751746367389009,-0.07149259170512877,0.9430282309618196,-0.0056003526831378495,0.005206893724098221,-0.003628871336531272,-2.8007610816943152e-05,-0.05066765423687815,-0.001113481339979477,0.0010574661183455909,-0.0018476691104242703,-3.333431070808335,0.4852797037789959,0.4685809707046139,0.0001591214382433843,0.035154202072290426,-0.7044755547628884,0.0003032705204801871,-0.0001967294795198148,-0.0011967294795198146,0.9956438087632047,0.08717337858159101,-0.00011645460786816096,True,-0.0054175475682133965,0.005145342903661219,194,1.0,30,1.0
R1,live_diag,long,48,D5,decile,28137,628,631,-0.003020039160451876,0.002997580009641735,-1.0074924274707935,-0.004280036686028721,-0.005146559371973603,0.003008008843502687,-1.710952207833496,0.08758613108936124,-0.011053587437140251,0.000760468693193044,-0.006535553376792775,-0.0015154314035044866,-2.8740948218534186,-0.002550865419220987,-0.0004799973877879862,-0.0035727936698886384,-6.758279175634991,0.4660411557735366,0.44731136937129046,-0.002044003289283837,-0.4338018586555025,-0.796113400487615,-0.0046465593719736045,-0.005146559371973606,-0.006146559371973607,0.995735153001386,0.08821236440055578,9.499038762179712e-05,True,-0.011280559572064553,0.00039718964261667384,194,1.0,30,1.0
R1,live_diag,long,48,D6,decile,31307,586,637,-0.010381088805365058,0.003385100830958563,-3.0667000257198933,-0.012908885825291483,-0.012697140123962189,0.0033971658462327663,-3.737568519959802,0.00020410921973608613,-0.01936931441218074,-0.0060249658357436385,-0.015365822919230786,-0.002099662906958484,-4.335753649016435,-0.0030507767924334746,-0.0011485490214834934,-0.0043275473772542376,-8.862720221956812,0.40773628900884784,0.39166959465934137,-0.004779796344404733,-1.0369181853126388,-0.8737498858849391,-0.012197140123962188,-0.01269714012396219,-0.01369714012396219,0.9960072827163254,0.09028337340657386,0.0002330531999230267,True,-0.019516986218518002,-0.006105687712837814,194,0.03959718862880071,30,0.006123276592082584
R1,live_diag,long,48,D7,decile,34373,528,636,-0.004853501807448658,0.003931031876843126,-1.2346635589600803,-0.005181810059858849,-0.007145614156150682,0.003932104161883016,-1.8172494577887204,0.0697488738987777,-0.01487020468511799,0.0005789763728166267,-0.007674312396531368,-0.0007767298207680428,-1.1145471897583212,-0.002145776207180067,0.0005923165656439814,-0.003041676777467629,-4.3595156483690785,0.4639397201291712,0.4489861228289646,-0.0017624278004058486,-0.3750105687545956,-0.7416816491925907,-0.006645614156150681,-0.0071456141561506824,-0.008145614156150683,0.9987781107264423,0.09237646390931706,0.00028185338498731773,True,-0.014841334961598803,-3.079643850960224e-05,194,1.0,30,1.0
R1,live_diag,long,48,D8,decile,42584,508,634,0.0008647848212620351,0.0025939371466200912,0.33338696058570755,-0.0037650623758564428,-0.0016233876893754996,0.002606529657255355,-0.6228157369538269,0.5336867569357566,-0.006744365189048447,0.003497589810297447,-0.006448361607328366,0.0006247943737352674,1.386273170841331,-0.0002606766893849413,0.001510265436855476,-0.0017818948869408895,-3.934290971608539,0.4724433485969238,0.45145004109428205,-0.00023194549866729694,-0.052552786790821746,-0.6747229786678075,-0.0011233876893755016,-0.0016233876893755029,-0.0026233876893755033,0.9932370553011624,0.1018085426049078,0.0003893445927607036,True,-0.006726254489681127,0.00369275862787977,194,1.0,30,1.0
R1,live_diag,long,48,D9,decile,20776,536,666,0.0047934152994793065,0.0031549995516956535,1.519307759300025,0.0,0.002155341071069012,0.0031588080530230585,0.682327331984068,0.49532841120335186,-0.004049899576141509,0.008360581718279534,-0.0026000000000000172,0.0017332445123236864,2.2063547782652875,0.0001900659428030881,0.0032764230818442845,-0.0008750179659967915,-1.1148783013779102,0.49773777435502503,0.4795437042741625,0.0006557547358800181,0.13429178077494966,-0.74427527633648,0.0026553410710690125,0.00215534107106901,0.0011553410710690103,0.9970157874470543,0.11291096091347799,0.0005404066177464408,True,-0.00394346841670451,0.008589589874360037,194,1.0,30,1.0
R1,live_diag,long,48,Q1,quintile,56518,730,695,-0.0035184353491364926,0.0019860479310896185,-1.77157625153898,-0.007940197837690732,-0.0018712495606031585,0.001993831814707438,-0.9385192606517484,0.348289315500528,-0.005785604835396802,0.0020431057141904845,-0.007936993612334822,-0.0023126212417651504,-4.852481348135941,-0.0032482646619092135,-0.0013769778216210873,-0.0006018053745445814,-1.2331240121727676,0.4440021231422505,0.4403220099079972,-0.0015224226462291406,-0.36317275818129907,-0.7581186733540715,-0.0013712495606031593,-0.0018712495606031604,-0.002871249560603161,0.9946744515215853,0.10679403558163825,-0.003620167263202832,True,-0.005772265458322311,0.0020247559341959992,194,1.0,30,1.0
R1,live_diag,long,48,Q2,quintile,54550,689,686,0.0012082811829632386,0.0023056162460359823,0.5240599709689857,-0.001757126189585012,-0.0005833244284137099,0.0023089608106359833,-0.25263504938095427,0.8006259221836997,-0.005116802992372477,0.003950154135545058,-0.0037937766249610348,-8.500790315227625e-05,-0.18159771911205136,-0.0010041056211313572,0.0008340898148268048,-0.0018295367757719997,-3.903764032664339,0.48340085424648493,0.46618760426023353,-0.0014395605441044088,-0.3230344223983929,-0.8039267327118796,-8.332442841371063e-05,-0.0005833244284137114,-0.0015833244284137117,0.9963337060732159,0.0873936696630469,-0.00020834703666905937,True,-0.004910214086313636,0.0037928333653837578,194,1.0,30,1.0
R1,live_diag,long,48,Q3,quintile,59444,696,664,-0.006896837175950446,0.002546839014142249,-2.707998871406183,-0.008845776279176487,-0.009123690894609255,0.0025558265995296097,-3.5697613039509157,0.00038197730212253086,-0.014141783103179,-0.00410559868603951,-0.011202509046369281,-0.0018231249584239786,-4.478558342176924,-0.0026223761005570263,-0.0010238738162909311,-0.003970346501914079,-9.702723598992797,0.4353340959558576,0.41800686360271855,-0.004316994836947156,-0.9169019687837042,-0.9004404720354948,-0.008623690894609258,-0.009123690894609258,-0.010123690894609258,0.9958784738577484,0.08930308977151682,0.00016771247098768067,True,-0.01412315481858351,-0.004270165183854345,194,0.07410359661177099,30,0.011459319063675926
R1,live_diag,long,48,Q4,quintile,76957,674,644,-0.001689299489309747,0.002376392539396176,-0.7108671910487422,-0.0044031311154598685,-0.004097496774043549,0.0023832922546642684,-1.7192590484966597,0.08602839612429197,-0.008777104673297547,0.0005821111252104485,-0.007000045565078999,-1.1992478672155783e-06,-0.0029885810987014118,-0.0007891040384003464,0.0007867055426659152,-0.0023463117645907195,-5.829572077281103,0.46864523506328126,0.45034954130824606,-0.0013841762895259915,-0.31161340061982923,-0.7874685964911111,-0.0035974967740435527,-0.004097496774043553,-0.005097496774043552,0.9957119467761636,0.09759574028411541,0.00034118620869654805,True,-0.009006473044831535,0.0006952828384602914,194,1.0,30,1.0
R1,live_diag,long,48,Q5,quintile,44810,730,678,0.003985566467995861,0.002354818751326703,1.692515173726384,-0.0035883516660569215,0.0006272431709128889,0.0023581951972762357,0.2659844153857016,0.7903266247604939,-0.004002442112148832,0.005256928453974609,-0.006961818904593629,0.0038396807069270857,4.699573940199578,0.002235673346491269,0.005443688067362902,0.0005137817809554787,0.6350841976275896,0.47529569292568624,0.4528899799151975,-0.0017237277799120139,-0.3639835408691836,-0.8753048505420593,0.0011272431709128889,0.0006272431709128873,-0.0003727568290871128,0.9927471546529792,0.1388598449280448,0.0013280155949196252,True,-0.004126696959955095,0.005338804155421706,194,1.0,30,1.0
R1,live_diag,long,72,D1,decile,29011,730,649,-0.008904696525566122,0.0023765854096384157,-3.74684473339459,-0.017190569744597317,-0.0021085366314714123,0.002403348860361779,-0.8773327361030774,0.3805961606950599,-0.0068268798877454025,0.0026098066248025783,-0.01433744548511668,-0.006354697177821163,-6.54104813243658,-0.008261989440841132,-0.004447404914801194,0.0005358464297760857,0.5370686871609032,0.41284941233240274,0.42294833350566985,-0.0008309904430799071,-0.13302909039587968,-0.6555539674614088,-0.0016085366314714119,-0.0021085366314714123,-0.003108536631471412,0.9910040326750078,0.12030463667782339,-0.008595643657484697,True,,,194,1.0,30,1.0
R1,live_diag,long,72,D10,decile,24033,729,585,0.006762102209973926,0.003050368109793312,2.21681514052811,-0.010107015457788249,0.0020948513848094872,0.0030734015068363996,0.6816068060582878,0.4957052788725684,-0.003938977874476425,0.0081286806440954,-0.015154985291590607,0.009653204785575499,5.232976020921028,0.006031663011990743,0.013274746559160255,0.005061514212407105,2.7177489557240126,0.4516102188566198,0.4232337521844054,0.004125914181067417,0.4899741980948923,-0.7066016324888792,0.002594851384809486,0.002094851384809486,0.0010948513848094844,0.9851044353832071,0.16129115117280804,0.0028517578349383167,True,,,194,1.0,30,1.0
R1,live_diag,long,72,D2,decile,27506,705,673,-0.002334421547771708,0.0025381311617371765,-0.919740312464371,-0.006473876626200525,-0.0029335553136331126,0.002552218028320891,-1.1494140708515816,0.25077728587009396,-0.007944462431562866,0.0020773518042966413,-0.007904103982604297,-0.001054142631956022,-1.719125470335963,-0.0022580336730567236,0.00014974840914468005,-0.0015713986946587458,-2.5076277478931663,0.45697458828661797,0.4442505544043334,-0.0034466385496881515,-0.5303201637028412,-0.7884234526774094,-0.002433555313633112,-0.002933555313633113,-0.003933555313633114,0.9933107936161705,0.09254373312758588,-0.0013964065168539333,True,,,194,1.0,30,1.0
R1,live_diag,long,72,D3,decile,27003,672,654,0.0008588185155636897,0.002836991085226892,0.30272161235748285,-0.00433839479392617,-0.0006282789785885545,0.0028410973800003896,-0.2211395438295284,0.8250513582754458,-0.006206835116287396,0.004950277159110288,-0.006250200700652567,-0.0001450182166333999,-0.20074778661337797,-0.0015634353164734288,0.0012733988832066292,-0.0015806381097287023,-2.182685819531649,0.4718560213301733,0.4591171678269886,-0.0016263360551805593,-0.24681392717119685,-0.742358626666989,-0.00012827897858855514,-0.0006282789785885542,-0.0016282789785885554,0.9961857502592208,0.08761839038667546,-0.0005120898862495816,True,,,194,1.0,30,1.0
R1,live_diag,long,72,D4,decile,27547,638,666,0.0011142996026780507,0.0032812899624662254,0.33959193348476296,-0.004388714733542298,-0.0006626633422900621,0.0032919689445403393,-0.201296960406955,0.8405309433137955,-0.007127144794552067,0.0058018181099719415,-0.006722342696770021,-0.000457061242171673,-0.6956967757355641,-0.0017471763386942285,0.0008330538543508824,-0.002166873233511418,-3.2702276143420166,0.47264674919228955,0.4568555559589066,-0.0003871691726899968,-0.059718799182587795,-0.6299543149285701,-0.00016266334229006197,-0.0006626633422900606,-0.0016626633422900617,0.9932116019893273,0.08717337858159101,-0.0002365352573099444,True,,,194,1.0,30,1.0
R1,live_diag,long,72,D5,decile,28137,628,631,-0.002914067056447614,0.0036157154316077814,-0.8059448016770034,-0.00744786494538241,-0.0049449071278273036,0.0036319632592919176,-1.3614970127179524,0.17384806126353652,-0.0120772583701682,0.0021874441145135932,-0.009815655401685495,-0.0020863906185639024,-3.2443099207146076,-0.00334926607923873,-0.0008235151578890746,-0.004033314966788924,-6.294778421918758,0.45640970963500016,0.44077193730674913,-0.0016870348436016514,-0.25264811032829937,-0.7184813169581314,-0.004444907127827302,-0.0049449071278273036,-0.005944907127827303,0.9936738102853894,0.08821236440055578,5.072979541470854e-05,True,,,194,1.0,30,1.0
R1,live_diag,long,72,D6,decile,31307,586,637,-0.018294818411741336,0.004558391855330848,-4.013436973468245,-0.02006688963210701,-0.02068264304084036,0.004581813051190837,-4.514073972412478,7.699342892123717e-06,-0.029681545622425625,-0.011683740459255094,-0.022780448498480613,-0.003667759366222991,-6.004948368932517,-0.004867366670639618,-0.0024681520618063646,-0.005896987660776481,-9.53747360631179,0.3891142555977896,0.3742613473025202,-0.006591071277092506,-0.9563628493843589,-0.8623958608401283,-0.020182643040840366,-0.02068264304084037,-0.021682643040840364,0.9940268949436228,0.09028337340657386,0.00026445273136245924,True,,,194,0.001493672521072001,30,0.0002309802867637115
R1,live_diag,long,72,D7,decile,34373,528,636,-0.004023810071103111,0.004077597132007704,-0.9868091282283914,-0.0079086115992969,-0.006386433519798031,0.004079254047197764,-1.565588572299188,0.11804864518979132,-0.014400134283656395,0.0016272672440603327,-0.010583315316955028,-0.0006459134120408409,-0.8007951756809859,-0.0022304398857762604,0.0009386130616945784,-0.0029819801047190333,-3.69260035496095,0.4534663834986763,0.4388909900212376,-0.00026336229667805523,-0.0388063472968758,-0.6153358331861032,-0.005886433519798033,-0.006386433519798031,-0.007386433519798031,0.9983417217001717,0.09237646390931706,0.0003522633995803534,True,,,194,1.0,30,1.0
R1,live_diag,long,72,D8,decile,42584,508,634,0.0006276422535707368,0.0031966911520937653,0.19634122400584253,-0.007107321437704595,-0.001987867918414662,0.0032218165099046226,-0.6170022135970462,0.5375118886887621,-0.008317712833647684,0.00434197699681836,-0.01015346772200784,0.0006453122074116664,1.0849243635113688,-0.0005232625480499801,0.001813886962873313,-0.0018685499863531087,-3.119378170274817,0.4569449336620876,0.43675002935305857,7.090628828146608e-05,0.010696438846535457,-0.607933247530778,-0.0014878679184146626,-0.0019878679184146615,-0.002987867918414662,0.9892215568862276,0.1018085426049078,0.0005174444013198317,True,,,194,1.0,30,1.0
R1,live_diag,long,72,D9,decile,20776,536,666,0.005375354197792403,0.0037692413780071933,1.4261103651139384,-0.0021161901082236145,0.0024576914863090444,0.0037785310215537166,0.6504357043225892,0.515691611652099,-0.004964980037544607,0.009880363010162697,-0.005228530527250164,0.0026672174709426004,2.6771230511033846,0.0007100779313996583,0.004624357010485542,-0.0002234769547680212,-0.22502505629768296,0.4867635733538698,0.4700134770889488,0.0013100655373205956,0.18421498598671776,-0.6671396371131799,0.0029576914863090453,0.002457691486309044,0.0014576914863090444,0.9958606083943011,0.11291096091347799,0.0007218300101498145,True,,,194,1.0,30,1.0
R1,live_diag,long,72,Q1,quintile,56517,730,695,-0.005707039474781168,0.002368043342282779,-2.410023234321217,-0.01161946259985469,-0.0025105261530682654,0.0023832734533932596,-1.0533940826193595,0.29251087065679077,-0.007189456628847039,0.002168404322710508,-0.010880051905238672,-0.003774994551380153,-6.651029980944216,-0.004889281787340759,-0.0026607073154195473,-0.0004909066338507012,-0.8499429272735567,0.4343241330502477,0.4333156404812456,-0.0017435302669907642,-0.2791417535072542,-0.7242339116214778,-0.002010526153068266,-0.0025105261530682667,-0.0035105261530682668,0.9921266808209483,0.10679403558163825,-0.005087756784663397,True,,,194,1.0,30,1.0
R1,live_diag,long,72,Q2,quintile,54550,689,686,0.0009878329519842095,0.0027642916903144405,0.35735481731012353,-0.004380654164999165,-0.0006456169105987514,0.002771026943957856,-0.23298831936892578,0.81584007626876,-0.0060863431478716664,0.004795109326674163,-0.006478944665843282,-0.00030259565429614614,-0.5268427498882916,-0.0014302979178945434,0.0008251066093022513,-0.0018762406343637015,-3.2585219982096616,0.47225532070906123,0.4579751058642371,-0.0015362032453470449,-0.2338483337519636,-0.7662058829427731,-0.00014561691059875048,-0.0006456169105987515,-0.0016456169105987504,0.9946838738061631,0.0873936696630469,-0.00037314709773133696,True,,,194,1.0,30,1.0
R1,live_diag,long,72,Q3,quintile,59444,696,664,-0.011014551254687649,0.003284498855755552,-3.3534952327312983,-0.01411598621089144,-0.01323479594810128,0.0033017776234599834,-4.008385014806762,6.777364745279837e-05,-0.019717499609791942,-0.0067520922864106195,-0.016639222731538672,-0.002919240214535961,-5.801643084866584,-0.003907165021085755,-0.0019313154079861673,-0.005015008872184965,-9.929844065378626,0.4209676334028666,0.4057432205100599,-0.00586946311942155,-0.8632154340102928,-0.882527831695021,-0.012734795948101285,-0.013234795948101284,-0.014234795948101285,0.9938597671758294,0.08930308977151682,0.00016330884662908252,True,,,194,0.013148087605842884,30,0.002033209423583951
R1,live_diag,long,72,Q4,quintile,76957,674,644,-0.0014499383532098566,0.0026733335850413543,-0.5423709039990335,-0.007526178010471285,-0.00396247810374808,0.0026856510445541224,-1.475425525510124,0.14056794427760627,-0.009235783428822997,0.0013108272213268376,-0.01036104893570322,6.858366787087028e-05,0.13933914275327802,-0.0008978619138151813,0.0010350292495569218,-0.0023683925831512282,-4.792444055235211,0.45539125237142336,0.4377062813482679,-0.0005024897955954432,-0.07767785048196779,-0.6832013300536514,-0.0034624781037480784,-0.003962478103748079,-0.00496247810374808,0.9932950440500014,0.09759574028411541,0.0004432920864184433,True,,,194,1.0,30,1.0
R1,live_diag,long,72,Q5,quintile,44809,730,678,0.006119126988454067,0.0028710364040473286,2.1313303376536337,-0.006215722120658129,0.0022640611783456602,0.002885979057750724,0.7845036755430325,0.4330005226713246,-0.0034017995085777954,0.007929921865269116,-0.010259872525807514,0.006414103880649857,5.697990722076141,0.004204146065498642,0.008624061695801072,0.0025968685998016563,2.310523274842169,0.46790894889533585,0.4449230082570855,-0.0003225830929010432,-0.04394213441595408,-0.7969226371364604,0.0027640611783456607,0.002264061178345659,0.0012640611783456593,0.9900914974336086,0.1388598449280448,0.0018584700313302813,True,,,194,1.0,30,1.0
R1,live_diag,short,24,D1,decile,29012,730,649,0.003069539385840011,0.0014106656937034015,2.1759509709076363,0.007146417960083695,-0.0024034275748431085,0.0014118954834726348,-1.702270177203022,0.08913164059148218,-0.0051753002238289665,0.00036844507414274903,0.0030279857100150315,0.0021258181219233198,3.576583101793391,0.0009589345737944345,0.003292701670052205,-0.0033593720493284105,-5.58593973747652,0.5605073587702064,0.5257298452417881,-0.002913326627192278,-1.3940419567555922,-0.954706127794466,-0.001903427574843109,-0.00240342757484311,-0.0034034275748431094,0.9965532692241409,0.12030463667782339,-0.0034764384529450427,True,,,194,1.0,30,1.0
R1,live_diag,short,24,D10,decile,24034,729,585,-0.0018239145039509993,0.001651892965750053,-1.1041360074578674,0.004009973653721632,-0.0027234846934633293,0.0016498730065353108,-1.6507238330922054,0.09922687391625029,-0.005962568882125839,0.0005155994951991801,0.0031349262758217384,-0.00276042001271631,-3.104983053734829,-0.004505786598240373,-0.001015053427192247,-0.0036761495314315837,-4.1680304470530025,0.5310809686277773,0.5222601314804027,-0.0029197581971088377,-1.1611587387882933,-0.9600794594594606,-0.002223484693463328,-0.0027234846934633297,-0.003723484693463329,0.9934259798618623,0.16129115117280804,0.0010912695162506234,True,,,194,1.0,30,1.0
R1,live_diag,short,24,D2,decile,27507,705,673,0.0008110786341606504,0.0015177089522352832,0.5344098636079685,0.0026697620429484425,-0.0015981197099143223,0.0015215610893743053,-1.0503158375136283,0.29393384484693025,-0.004585467849406331,0.0013892284295776867,0.0004624330831519163,0.0002558259517069151,0.709157024701216,-0.0004524419643404157,0.0009640938677542459,-0.002169064667774468,-5.914228692581547,0.5260115606936416,0.5039444505035082,-0.0012642966436179812,-0.5823986030353185,-0.8497714246325031,-0.0010981197099143223,-0.0015981197099143233,-0.002598119709914323,0.9977096739011888,0.09254373312758588,-0.00040922516834280724,True,,,194,1.0,30,1.0
R1,live_diag,short,24,D3,decile,27003,672,654,-0.0006504799215742549,0.001699392829304228,-0.3827719585239023,0.0011522949875168997,-0.0027696583430331695,0.0016994933477656275,-1.6296964896476462,0.10363567679453507,-0.006106632198543785,0.000567315512477446,-0.000825581363759707,0.00025267953418936143,0.6330119178436191,-0.0005310935492999662,0.0010364526176786892,-0.0018752601415416262,-4.687168677479492,0.5124055695452525,0.4913716486446452,-0.001703364748521919,-0.7761527421865293,-0.8903342144021559,-0.00226965834303317,-0.00276965834303317,-0.0037696583430331704,0.9984076433121019,0.08761839038667546,-0.00011106897184822517,True,,,194,1.0,30,1.0
R1,live_diag,short,24,D4,decile,27547,638,666,-0.001303909569514503,0.001744963412370421,-0.7472417818452854,0.0012195121951219523,-0.003342042856829327,0.0017457027232407661,-1.9144398483981713,0.05601236978705781,-0.0067700809677337685,8.599525407511441e-05,-0.000715023393791368,-3.122384705750978e-05,-0.08182722664214007,-0.0007805357496297121,0.0007180880555146925,-0.002083201892808612,-5.471920077808681,0.511997676698007,0.4914872762914292,-0.0031972418823161606,-1.4196177780630246,-0.952275384594074,-0.0028420428568293266,-0.003342042856829327,-0.004342042856829326,0.9978219043816023,0.08717337858159101,-1.0668396696620963e-05,True,,,194,1.0,30,1.0
R1,live_diag,short,24,D5,decile,28137,628,631,0.0026125203928260205,0.0019625764777728184,1.331168707265245,0.0039215686274509665,0.0007360631276125798,0.001966191706286517,0.374359796788462,0.7082634221189661,-0.003125067007863509,0.004597193263088668,0.002106444427479726,0.0008015831263762914,2.1739475609577332,7.750281226267706e-05,0.0015256634404899059,-0.0010963563876536285,-2.9614328559592797,0.5377261257419057,0.5194228240395209,-0.001829884034628829,-0.8136353114775248,-0.897562412859709,0.0012360631276125814,0.0007360631276125808,-0.0002639368723874194,0.9979031168923481,0.08821236440055578,9.35568986395023e-05,True,,,194,1.0,30,1.0
R1,live_diag,short,24,D6,decile,31307,586,637,0.004789146158763663,0.002520336518903638,1.9002010734848103,0.005719051590611368,0.0029603098969384024,0.002524915199411832,1.1724393348449855,0.24149874711669472,-0.0019987103648759453,0.00791933015875275,0.003940590940093138,0.0006793204222309208,1.8380604735189954,-4.655554767737664e-05,0.0014051963921392183,-0.001172425011628986,-3.1658194527464207,0.5523045964161369,0.5356948925160507,-0.0010294887824673915,-0.46948922228087797,-0.7818961575996536,0.003460309896938404,0.0029603098969384033,0.0019603098969384037,0.9979237870124892,0.09028337340657386,0.00015330537481594996,True,,,194,1.0,30,1.0
R1,live_diag,short,24,D7,decile,34373,528,636,0.002161430302361865,0.0028102393358915467,0.7691267696515082,0.002614379084967311,0.0003449355191716472,0.0028087351212128004,0.12280813401254634,0.9023059405879768,-0.0051727803184618525,0.005862651356805146,0.0008881215545002829,0.00018367350665608276,0.38145105832744713,-0.0007622463420420494,0.001129593355354215,-0.0016350940546811306,-3.3995533310098303,0.5243068687632735,0.5086259564192825,-0.0014839919945182475,-0.6293277581640184,-0.8321724706064889,0.0008449355191716477,0.00034493551917164707,-0.0006550644808283531,0.9997381665842376,0.09237646390931706,0.00017904969241065656,True,,,194,1.0,30,1.0
R1,live_diag,short,24,D8,decile,42585,508,634,-0.001750815506423136,0.0018790897959365986,-0.9317359448224098,0.0017667844522967213,-0.0035016584170500797,0.0018847629891235375,-1.8578773231739019,0.06376706932878587,-0.007204583112072109,0.00020126627797195,0.00010939296675403602,-0.00035299096015783694,-1.0461200491807625,-0.001015921672197905,0.0003099397518822311,-0.002122942235424409,-6.266857331225959,0.5155336386051427,0.49911940824233886,-0.002851479654190578,-1.298485482138227,-0.8994521767048438,-0.003001658417050079,-0.0035016584170500797,-0.004501658417050079,0.9964071856287425,0.1018085426049078,0.00022171040676847024,True,,,194,1.0,30,1.0
R1,live_diag,short,24,D9,decile,20776,536,666,0.0002563407319029715,0.002331114298501495,0.10996489192647245,0.0027516908474616852,-0.0014387681697215105,0.0023332890864397157,-0.6166266229431847,0.5377438178890926,-0.006022319411874679,0.0031447830724316587,0.0011368794326241955,-0.0004980006234702922,-0.8959283870695272,-0.001589914251770323,0.0005939130048297387,-0.0022065482810769387,-3.9580171320372757,0.5231035810550635,0.5089045051983058,-0.0017309659808895756,-0.734937844243733,-0.8247976006683644,-0.0009387681697215089,-0.0014387681697215094,-0.002438768169721509,0.9985078937235271,0.11291096091347799,0.0003018710383224817,True,,,194,1.0,30,1.0
R1,live_diag,short,24,Q1,quintile,56519,730,695,0.0019703783975627202,0.0014090448028848946,1.3983788120353198,0.004860804242156402,-0.0020112692086223087,0.001409647690994983,-1.4267885667252633,0.1540695741959797,-0.004778728928632662,0.0007561905113880451,0.0017903007135972055,0.0012157193122107868,3.601583664693308,0.0005530306506873592,0.0018784079737342145,-0.002779731618159853,-8.179848125418514,0.5437190375088464,0.5151273885350318,-0.0022856923831520637,-1.1036457134119941,-0.9241051504534621,-0.001511269208622309,-0.0020112692086223095,-0.0030112692086223095,0.9971160651096956,0.10679403558163825,-0.0019828067588764484,True,,,194,1.0,30,1.0
R1,live_diag,short,24,Q2,quintile,54550,689,686,-0.0009804529098750795,0.0015910029353931965,-0.6162483349741733,0.0011855468879790054,-0.0030586206941400247,0.0015913727973513945,-1.9220013683975548,0.05501887845829027,-0.006183158742095565,6.591735381551549e-05,-0.0007561920664096878,0.00010931223000590496,0.3328673205793113,-0.0005354660025240566,0.0007540904625358664,-0.0019802373655773975,-6.053523857161062,0.5121995930413741,0.49143003794614215,-0.0019298602497576723,-0.8732342071867238,-0.9084296859620554,-0.002558620694140025,-0.0030586206941400256,-0.004058620694140026,0.9981118586277061,0.0873936696630469,-6.038371969585696e-05,True,,,194,1.0,30,1.0
R1,live_diag,short,24,Q3,quintile,59444,696,664,0.0037588702827090997,0.0018077681089279623,2.0792878600663967,0.004888457815311664,0.001907504758888329,0.0018108047325578309,1.0534016863286555,0.29252354302683015,-0.0016478077237825045,0.0054628172415591624,0.003093369146885813,0.000737191792033395,2.464906806416667,0.00014999313698364823,0.0013243904470831417,-0.0011364193672598003,-3.7895273404834007,0.5454040777874974,0.527992732655945,-0.0011273341007702606,-0.5010498964783664,-0.8567682128023765,0.002407504758888329,0.0019075047588883282,0.0009075047588883285,0.9979140030953503,0.08930308977151682,0.0001250245637221823,True,,,194,1.0,30,1.0
R1,live_diag,short,24,Q4,quintile,76958,674,644,-3.4256939882121134e-06,0.0017038024869430275,-0.002010616849350017,0.002133620888942256,-0.0017804183261036298,0.001706127299091596,-1.043543659990429,0.2970718209116585,-0.005130399975180834,0.0015695633229735747,0.00044858500483362963,-0.00011329180324374316,-0.39534851287279965,-0.0006759546143073595,0.00044937100781987317,-0.0019046442136125702,-6.636683408954559,0.5194521687154032,0.5033654720756776,-0.0020255426945963943,-0.9162882440229968,-0.9070669492571001,-0.001280418326103631,-0.0017804183261036317,-0.0027804183261036317,0.9978949556901167,0.09759574028411541,0.00020262096476378368,True,,,194,1.0,30,1.0
R1,live_diag,short,24,Q5,quintile,44810,730,678,-0.000859411429188623,0.0016601133395117583,-0.5176823827229635,0.0033600450723711983,-0.0021261999108492225,0.00166260508259799,-1.2788364074569158,0.20136217074086157,-0.0053902726474396884,0.001137872825741243,0.0021297617036737607,-0.0017114571644463868,-3.185093765337586,-0.002766362633642481,-0.0006565516952502927,-0.0029929089510186153,-5.613680320316472,0.5273822807409061,0.5160678419995537,-0.0018243647827948179,-0.7942718323917912,-0.9011278658740509,-0.0016261999108492216,-0.0021261999108492225,-0.003126199910849223,0.9957821914751172,0.1388598449280448,0.0007242658313350164,True,,,194,1.0,30,1.0
R1,live_diag,short,48,D1,decile,29011,730,649,0.0058152283150126535,0.001981066551772092,2.9354028060343804,0.012087026591458438,-0.0024541520988914396,0.0019958109735103142,-1.2296515709476115,0.21922540342008384,-0.006372392922427231,0.001464088724644352,0.006246859144158056,0.004093407879031506,5.0055197188213345,0.002487925376571282,0.0056988903814917296,-0.004242036391062932,-5.026014693613948,0.5732947299486437,0.5358632337228139,-0.003245046021813577,-0.7746342162787072,-0.832624354608511,-0.001954152098891439,-0.002454152098891439,-0.0034541520988914404,0.9937958846034536,0.12030463667782339,-0.006212893585821801,True,-0.0062800151692655355,0.0014787768868989718,194,1.0,30,1.0
R1,live_diag,short,48,D10,decile,24034,729,585,-0.0032872279757390527,0.002399425705739506,-1.3700061510035064,0.007589578964742216,-0.0032956618363525455,0.002397225352198209,-1.3747818215465173,0.16962324279109367,-0.008001983195212954,0.0014106595225078632,0.007549085070422583,-0.0056605727090524175,-4.327145993517825,-0.008228776893805086,-0.003092368524299749,-0.00572397899429818,-4.391614512105827,0.5391528667720729,0.5351585254223183,-0.00517147694323041,-0.9685708609487247,-0.9228868620247574,-0.002795661836352545,-0.003295661836352546,-0.004295661836352546,0.9890571690105684,0.16129115117280804,0.002014336420848923,True,-0.007874722384449643,0.001380402062055927,194,1.0,30,1.0
R1,live_diag,short,48,D2,decile,27507,705,673,0.001096060654221259,0.0021495373452218884,0.5099053787819243,0.004133044676244646,-0.0017861554621015918,0.002159706546623317,-0.8270361845660147,0.40849757858272273,-0.006026413200613935,0.0024541022764107516,0.0018488199046264812,0.00043446654900569957,0.799664592862794,-0.0006322372878578841,0.0015011703858692832,-0.0025097666101278303,-4.512924258049277,0.531573781219326,0.5108881375649834,-0.001341465957636696,-0.3005859400391058,-0.7294773147357563,-0.0012861554621015926,-0.001786155462101593,-0.0027861554621015933,0.9956011197149817,0.09254373312758588,-0.0008904484995983354,True,-0.006013710644610682,0.0026895990909383736,194,1.0,30,1.0
R1,live_diag,short,48,D3,decile,27003,672,654,-0.000730259907880946,0.002284988187993385,-0.3195902332091443,0.002093144950287673,-0.0030228435445717335,0.0022884377326931374,-1.3209201637373431,0.1869796256713814,-0.007516228323594365,0.001470541234450898,3.6093824796497656e-05,0.0001431565182306539,0.25097814593409684,-0.000976816046859959,0.0012631290833212668,-0.002188934997154787,-3.809732824839266,0.5158865353280996,0.4988149903717968,-0.0022860366433570096,-0.513999471236908,-0.8001918103403197,-0.002522843544571735,-0.0030228435445717352,-0.004022843544571734,0.9970374759294919,0.08761839038667546,-0.0003019562197296091,True,-0.00767848507907059,0.0012293993244925712,194,1.0,30,1.0
R1,live_diag,short,48,D4,decile,27547,638,666,-0.0016768624619063976,0.002747157810087067,-0.6103990297715194,0.0015057973196808128,-0.0038032705204801872,0.002751746367389009,-1.3821297506023114,0.16741783498255633,-0.009206893724098223,0.0016003526831378481,-0.00037112866346872796,2.8007610816943152e-05,0.05066765423687815,-0.0010574661183455909,0.001113481339979477,-0.00215233088957573,-3.8830798336639427,0.5121428830725668,0.49464551493810577,-0.004159121438243387,-0.9188617014607843,-0.8929743423347464,-0.0033032705204801872,-0.003803270520480188,-0.004803270520480189,0.9956438087632047,0.08717337858159101,-0.00011645460786816096,True,-0.009145342903661164,0.0014175475682134194,194,1.0,30,1.0
R1,live_diag,short,48,D5,decile,28137,628,631,0.003020039160451876,0.002997580009641735,1.0074924274707935,0.004280036686028721,0.0011465593719736029,0.003008008843502687,0.3811688833462629,0.7032074714225204,-0.004760468693193044,0.00705358743714025,0.0025355533767927752,0.0015154314035044866,2.8740948218534186,0.0004799973877879862,0.002550865419220987,-0.00042720633011136274,-0.8081014218156801,0.5311866936773644,0.5161175676155951,-0.0019559967107161663,-0.4151240915713099,-0.8372191036140488,0.0016465593719736037,0.0011465593719736029,0.00014655937197360292,0.995735153001386,0.08821236440055578,9.499038762179712e-05,True,-0.0043971896426166805,0.007280559572064541,194,1.0,30,1.0
R1,live_diag,short,48,D6,decile,31307,586,637,0.010381088805365058,0.003385100830958563,3.0667000257198933,0.012908885825291483,0.008697140123962187,0.0033971658462327663,2.560116437531816,0.010714615134161415,0.0020249658357436367,0.015369314412180736,0.011365822919230785,0.002099662906958484,4.335753649016435,0.0011485490214834934,0.0030507767924334746,0.00032754737725423634,0.6708097014253651,0.589516721499984,0.5773788609576133,0.0007797963444047308,0.16916725150855408,-0.6101486457471678,0.009197140123962187,0.008697140123962187,0.007697140123962188,0.9960072827163254,0.09028337340657386,0.0002330531999230267,True,0.0021056877128379945,0.01551698621851802,194,1.0,30,0.32143845402484245
R1,live_diag,short,48,D7,decile,34373,528,636,0.004853501807448658,0.003931031876843126,1.2346635589600803,0.005181810059858849,0.0031456141561506798,0.003932104161883016,0.7999824080561233,0.4240828119735319,-0.0045789763728166285,0.010870204685117988,0.0036743123965313675,0.0007767298207680428,1.1145471897583212,-0.0005923165656439814,0.002145776207180067,-0.000958323222532372,-1.3735269689975533,0.5338783347394758,0.5248596281965496,-0.0022375721995941543,-0.47611211251096125,-0.7248826443237057,0.0036456141561506798,0.0031456141561506798,0.0021456141561506797,0.9987781107264423,0.09237646390931706,0.00028185338498731773,True,-0.003969203561490368,0.01084133496159878,194,1.0,30,1.0
R1,live_diag,short,48,D8,decile,42584,508,634,-0.0008647848212620351,0.0025939371466200912,-0.33338696058570755,0.0037650623758564428,-0.0023766123106244994,0.0026065296572553545,-0.91179177800994,0.3623133797113046,-0.007497589810297445,0.0027443651890484465,0.002448361607328366,-0.0006247943737352674,-1.386273170841331,-0.001510265436855476,0.0002606766893849413,-0.002218105113059112,-4.8974106072939705,0.5241516966067864,0.512715744980627,-0.003768054501332706,-0.8537426505904159,-0.8221486839877497,-0.0018766123106244992,-0.0023766123106245,-0.0033766123106245003,0.9932370553011624,0.1018085426049078,0.0003893445927607036,True,-0.007692758627879768,0.002726254489681073,194,1.0,30,1.0
R1,live_diag,short,48,D9,decile,20776,536,666,-0.0047934152994793065,0.0031549995516956535,-1.519307759300025,0.0,-0.006155341071069014,0.0031588080530230585,-1.948627763304009,0.05186423601547056,-0.012360581718279536,4.989957614150685e-05,-0.0013999999999999829,-0.0017332445123236864,-2.2063547782652875,-0.0032764230818442845,-0.0001900659428030881,-0.0031249820340032105,-3.9816035753473447,0.4981228340392761,0.4887851366961879,-0.004655754735880021,-0.9534503681375305,-0.8272356850018092,-0.005655341071069014,-0.0061553410710690135,-0.007155341071069015,0.9970157874470543,0.11291096091347799,0.0005404066177464408,True,-0.012589589874360046,-5.653158329550913e-05,194,1.0,30,1.0
R1,live_diag,short,48,Q1,quintile,56518,730,695,0.0035184353491364926,0.0019860479310896185,1.77157625153898,0.007940197837690732,-0.0021287504393968414,0.001993831814707438,-1.0676680067466977,0.2860246948978074,-0.0060431057141904845,0.0017856048353968017,0.003936993612334821,0.0023126212417651504,4.852481348135941,0.0013769778216210873,0.0032482646619092135,-0.003398194625455421,-6.96304082338351,0.5529900920028309,0.5237084217975938,-0.0024775773537708623,-0.5910241833338182,-0.7963659301168862,-0.0016287504393968423,-0.0021287504393968423,-0.0031287504393968427,0.9946744515215853,0.10679403558163825,-0.003620167263202832,True,-0.006024755934195965,0.0017722654583222862,194,1.0,30,1.0
R1,live_diag,short,48,Q2,quintile,54550,689,686,-0.0012082811829632386,0.0023056162460359823,-0.5240599709689857,0.001757126189585012,-0.003416675571586291,0.002308960810635983,-1.4797460207413384,0.13940010723612506,-0.007950154135545059,0.0011168029923724764,-0.00020622337503896533,8.500790315227625e-05,0.18159771911205136,-0.0008340898148268048,0.0010041056211313572,-0.002170463224228002,-4.63121396692704,0.5139960770654983,0.4967095012007113,-0.0025604394558955937,-0.574557342592254,-0.8358259564938251,-0.0029166755715862905,-0.003416675571586292,-0.004416675571586291,0.9963337060732159,0.0873936696630469,-0.00020834703666905937,True,-0.007792833365383768,0.0009102140863136069,194,1.0,30,1.0
R1,live_diag,short,48,Q3,quintile,59444,696,664,0.006896837175950446,0.002546839014142249,2.707998871406183,0.008845776279176487,0.005123690894609257,0.0025558265995296097,2.004709903070988,0.045382596855231216,0.00010559868603951181,0.010141783103179002,0.007202509046369281,0.0018231249584239786,4.478558342176924,0.0010238738162909311,0.0026223761005570263,-2.9653498085921102e-05,-0.07246715004150055,0.5619070049121863,0.5483816701433282,0.0003169948369471526,0.06732766683053391,-0.6827068062266424,0.005623690894609256,0.005123690894609256,0.004123690894609257,0.9958784738577484,0.08930308977151682,0.00016771247098768067,True,0.0002701651838544807,0.010123154818583545,194,1.0,30,1.0
R1,live_diag,short,48,Q4,quintile,76957,674,644,0.001689299489309747,0.002376392539396176,0.7108671910487422,0.0044031311154598685,9.749677404355042e-05,0.0023832922546642684,0.04090844245087545,0.9673810559032124,-0.004582111125210447,0.004777104673297548,0.003000045565078999,1.1992478672155783e-06,0.0029885810987014118,-0.0007867055426659152,0.0007891040384003464,-0.0016536882354092825,-4.1087015405013005,0.5284960627874945,0.5181397645468957,-0.002615823710474011,-0.5888886610837152,-0.8165101777849629,0.0005974967740435509,9.749677404355072e-05,-0.0009025032259564498,0.9957119467761636,0.09759574028411541,0.00034118620869654805,True,-0.004695282838460303,0.005006473044831611,194,1.0,30,1.0
R1,live_diag,short,48,Q5,quintile,44810,730,678,-0.003985566467995861,0.002354818751326703,-1.692515173726384,0.0035883516660569215,-0.004627243170912891,0.0023581951972762357,-1.9621968428472134,0.05012065138248066,-0.009256928453974612,2.442112148829355e-06,0.002961818904593629,-0.0038396807069270857,-4.699573940199578,-0.005443688067362902,-0.002235673346491269,-0.00451378178095548,-5.57947281683106,0.5201294353938853,0.5136576656996206,-0.0022762722200879893,-0.4806592040258673,-0.76996934594898,-0.00412724317091289,-0.00462724317091289,-0.00562724317091289,0.9927471546529792,0.1388598449280448,0.0013280155949196252,True,-0.009338804155421682,0.00012669695995509576,194,1.0,30,1.0
R1,live_diag,short,72,D1,decile,29011,730,649,0.008904696525566122,0.0023765854096384157,3.74684473339459,0.017190569744597317,-0.0018914633685285893,0.002403348860361779,-0.7870115736106098,0.43153192525193584,-0.00660980662480258,0.0028268798877454015,0.010337445485116678,0.006354697177821163,6.54104813243658,0.004447404914801194,0.008261989440841132,-0.004535846429776088,-4.546192625042348,0.5843587357391514,0.5447557991245304,-0.0031690095569200955,-0.5073108389194704,-0.7665196906719494,-0.0013914633685285886,-0.0018914633685285906,-0.0028914633685285904,0.9910040326750078,0.12030463667782339,-0.008595643657484697,True,,,194,1.0,30,1.0
R1,live_diag,short,72,D10,decile,24033,729,585,-0.006762102209973926,0.003050368109793312,-2.21681514052811,0.010107015457788249,-0.006094851384809487,0.0030734015068363996,-1.98309637424601,0.047733593821269404,-0.0121286806440954,-6.102212552357503e-05,0.011154985291590607,-0.009653204785575499,-5.232976020921028,-0.013274746559160255,-0.006031663011990743,-0.009061514212407109,-4.865524377602387,0.5440625780144794,0.5417741532828493,-0.00812591418106742,-0.9649954191791671,-0.9164160258155417,-0.005594851384809486,-0.006094851384809486,-0.007094851384809489,0.9851044353832071,0.16129115117280804,0.0028517578349383167,True,,,194,1.0,30,1.0
R1,live_diag,short,72,D2,decile,27506,705,673,0.002334421547771708,0.0025381311617371765,0.919740312464371,0.006473876626200525,-0.0010664446863668877,0.002552218028320891,-0.4178501501568437,0.6761846399758372,-0.006077351804296641,0.003944462431562866,0.0039041039826042973,0.001054142631956022,1.719125470335963,-0.00014974840914468005,0.0022580336730567236,-0.002428601305341256,-3.8755460613169497,0.5404806049369252,0.5207401752281238,-0.0005533614503118517,-0.0851434609941257,-0.6361816737961484,-0.000566444686366889,-0.0010664446863668895,-0.002066444686366889,0.9933107936161705,0.09254373312758588,-0.0013964065168539333,True,,,194,1.0,30,1.0
R1,live_diag,short,72,D3,decile,27003,672,654,-0.0008588185155636897,0.002836991085226892,-0.30272161235748285,0.00433839479392617,-0.003371721021411445,0.0028410973800003896,-1.1867671432687685,0.2357413653700516,-0.008950277159110287,0.002206835116287397,0.002250200700652567,0.0001450182166333999,0.20074778661337797,-0.0012733988832066292,0.0015634353164734288,-0.002419361890271299,-3.340870283784832,0.5257739594134202,0.5107391497555918,-0.0023736639448194434,-0.36022894415909607,-0.7580207378067179,-0.0028717210214114462,-0.0033717210214114467,-0.0043717210214114476,0.9961857502592208,0.08761839038667546,-0.0005120898862495816,True,,,194,1.0,30,1.0
R1,live_diag,short,72,D4,decile,27547,638,666,-0.0011142996026780507,0.0032812899624662254,-0.33959193348476296,0.004388714733542298,-0.0033373366577099405,0.0032919689445403393,-1.0137813308490782,0.31107383166736885,-0.009801818109971945,0.0031271447945520636,0.002722342696770021,0.000457061242171673,0.6956967757355641,-0.0008330538543508824,0.0017471763386942285,-0.0018331267664885836,-2.7665401370277563,0.5250662504083929,0.5108723272951683,-0.0036128308273100074,-0.5572600658202229,-0.8006279107075641,-0.002837336657709941,-0.0033373366577099423,-0.004337336657709943,0.9932116019893273,0.08717337858159101,-0.0002365352573099444,True,,,194,1.0,30,1.0
R1,live_diag,short,72,D5,decile,28137,628,631,0.002914067056447614,0.0036157154316077814,0.8059448016770034,0.00744786494538241,0.0009449071278273018,0.0036319632592919176,0.26016428591613,0.7948228733057452,-0.006187444114513595,0.008077258370168199,0.005815655401685495,0.0020863906185639024,3.2443099207146076,0.0008235151578890746,0.00334926607923873,3.331496678892186e-05,0.051994534470191346,0.5409958417741764,0.5283079219532999,-0.0023129651563983523,-0.3463866073872424,-0.7932053968207442,0.0014449071278273022,0.0009449071278273021,-5.50928721726998e-05,0.9936738102853894,0.08821236440055578,5.072979541470854e-05,True,,,194,1.0,30,1.0
R1,live_diag,short,72,D6,decile,31307,586,637,0.018294818411741336,0.004558391855330848,4.013436973468245,0.02006688963210701,0.016682643040840366,0.004581813051190837,3.641057121809992,0.0002957181070166583,0.007683740459255101,0.025681545622425632,0.01878044849848061,0.003667759366222991,6.004948368932517,0.0024681520618063646,0.004867366670639618,0.0018969876607764782,3.068086756649665,0.6085539975085444,0.597725748235219,0.0025910712770925016,0.37596381609929536,-0.6111755017343307,0.017182643040840367,0.016682643040840366,0.015682643040840365,0.9940268949436228,0.09028337340657386,0.00026445273136245924,True,,,194,0.05736931276123171,30,0.008871543210499749
R1,live_diag,short,72,D7,decile,34373,528,636,0.004023810071103111,0.004077597132007704,0.9868091282283914,0.0079086115992969,0.002386433519798031,0.004079254047197764,0.5850171360220595,0.5587880157289234,-0.005627267244060333,0.010400134283656395,0.0065833153169550275,0.0006459134120408409,0.8007951756809859,-0.0009386130616945784,0.0022304398857762604,-0.0010180198952809687,-1.260618949376259,0.5439152823437,0.536613039304105,-0.003736637703321948,-0.5505923295276095,-0.7296988722558237,0.0028864335197980296,0.0023864335197980287,0.0013864335197980285,0.9983417217001717,0.09237646390931706,0.0003522633995803534,True,,,194,1.0,30,1.0
R1,live_diag,short,72,D8,decile,42584,508,634,-0.0006276422535707368,0.0031966911520937653,-0.19634122400584253,0.007107321437704595,-0.0020121320815853364,0.0032218165099046226,-0.6245334193923113,0.5325599385829843,-0.008341976996818358,0.004317712833647685,0.00615346772200784,-0.0006453122074116664,-1.0849243635113688,-0.001813886962873313,0.0005232625480499801,-0.002131450013646893,-3.5582664055879447,0.5404719971821064,0.529693554068334,-0.004070906288281469,-0.6141091462823224,-0.756697029363921,-0.0015121320815853403,-0.0020121320815853407,-0.003012132081585341,0.9892215568862276,0.1018085426049078,0.0005174444013198317,True,,,194,1.0,30,1.0
R1,live_diag,short,72,D9,decile,20776,536,666,-0.005375354197792403,0.0037692413780071933,-1.4261103651139384,0.0021161901082236145,-0.006457691486309045,0.0037785310215537166,-1.7090481590524744,0.08802524022038888,-0.013880363010162697,0.000964980037544607,0.001228530527250164,-0.0026672174709426004,-2.6771230511033846,-0.004624357010485542,-0.0007100779313996583,-0.0037765230452319796,-3.802684315906155,0.5101078167115903,0.5047651135926069,-0.005310065537320599,-0.7466753537740659,-0.7527014967117232,-0.005957691486309046,-0.0064576914863090475,-0.0074576914863090475,0.9958606083943011,0.11291096091347799,0.0007218300101498145,True,,,194,1.0,30,1.0
R1,live_diag,short,72,Q1,quintile,56517,730,695,0.005707039474781168,0.002368043342282779,2.410023234321217,0.01161946259985469,-0.001489473846931735,0.0023832734533932596,-0.6249697636714958,0.5321872756702395,-0.006168404322710508,0.0031894566288470385,0.006880051905238672,0.003774994551380153,6.651029980944216,0.0026607073154195473,0.004889281787340759,-0.0035090933661493,-6.075552624551061,0.5630042462845011,0.533067940552017,-0.002256469733009239,-0.3612641144999298,-0.7345830427617783,-0.0009894738469317355,-0.0014894738469317364,-0.002489473846931736,0.9921266808209483,0.10679403558163825,-0.005087756784663397,True,,,194,1.0,30,1.0
R1,live_diag,short,72,Q2,quintile,54550,689,686,-0.0009878329519842095,0.0027642916903144405,-0.35735481731012353,0.004380654164999165,-0.0033543830894012514,0.002771026943957856,-1.2105198387606395,0.2264969981556573,-0.008795109326674166,0.0020863431478716633,0.002478944665843282,0.00030259565429614614,0.5268427498882916,-0.0008251066093022513,0.0014302979178945434,-0.0021237593656362997,-3.688395019851278,0.5254165826474309,0.5108064013491962,-0.0024637967546529567,-0.3750511317588903,-0.7722332594386216,-0.002854383089401251,-0.003354383089401251,-0.004354383089401253,0.9946838738061631,0.0873936696630469,-0.00037314709773133696,True,,,194,1.0,30,1.0
R1,live_diag,short,72,Q3,quintile,59444,696,664,0.011014551254687649,0.003284498855755552,3.3534952327312983,0.01411598621089144,0.009234795948101282,0.0033017776234599834,2.7969163890643847,0.005302578933636069,0.002752092286410621,0.015717499609791942,0.01263922273153867,0.002919240214535961,5.801643084866584,0.0019313154079861673,0.003907165021085755,0.0010150088721849638,2.0097431694834262,0.5765762734674652,0.5648677747123343,0.0018694631194215462,0.27493986846223595,-0.6443077790238223,0.009734795948101284,0.009234795948101282,0.008234795948101281,0.9938597671758294,0.08930308977151682,0.00016330884662908252,True,,,194,1.0,30,0.15907736800908207
R1,live_diag,short,72,Q4,quintile,76957,674,644,0.0014499383532098566,0.0026733335850413543,0.5423709039990335,0.007526178010471285,-3.752189625191965e-05,0.0026856510445541224,-0.013971247801536003,0.9888570788508684,-0.005310827221326837,0.005235783428822998,0.006361048935703219,-6.858366787087028e-05,-0.13933914275327802,-0.0010350292495569218,0.0008978619138151813,-0.0016316074168487742,-3.301558753807032,0.5420099274929182,0.5327841160113309,-0.00349751020440456,-0.5406658545074705,-0.7883499487994251,0.0004624781037480764,-3.7521896251923976e-05,-0.0010375218962519243,0.9932950440500014,0.09759574028411541,0.0004432920864184433,True,,,194,1.0,30,1.0
R1,live_diag,short,72,Q5,quintile,44809,730,678,-0.006119126988454067,0.0028710364040473286,-2.1313303376536337,0.006215722120658129,-0.006264061178345659,0.002885979057750724,-2.1705151191317884,0.030291282504658013,-0.011929921865269115,-0.0005982004914222034,0.0062598725258075135,-0.006414103880649857,-5.697990722076141,-0.008624061695801072,-0.004204146065498642,-0.006596868599801656,-5.869460796777075,0.5283195715242134,0.5246150412854274,-0.003677416907098958,-0.5009361978087795,-0.7810770367866449,-0.005764061178345659,-0.00626406117834566,-0.0072640611783456625,0.9900914974336086,0.1388598449280448,0.0018584700313302813,True,,,194,1.0,30,0.9087384751397404
