run,universe,direction,horizon_h,bucket,bucket_type,n_obs,n_days,n_symbols,mean_ret_gross,se_gross,t_stat_gross,median_ret_gross,mean_ret_net,se_net,t_stat_clustered,p_value_raw,ci_lo_net,ci_hi_net,median_ret_net,mean_ret_neutral,t_stat_neutral,ci_lo_neutral,ci_hi_neutral,mean_ret_neutral_net,t_stat_neutral_net,hit_rate_gross,hit_rate_net,mean_ret_net_dayeq,sharpe_daily_ann,max_dd,mean_net_slip5bp,mean_net_slip10bp,mean_net_slip20bp,funding_cov,mean_stop_pct_1atr,mean_funding_paid,reliable,boot_ci_lo_net,boot_ci_hi_net,n_tests_bonferroni,p_value_bonferroni,n_tests_family,p_value_bonferroni_family
R4,exec,long,24,Q1,quintile_pooled,64340,730,718,-2.4052762398855452e-05,0.0014499078728892638,-0.016589166007440856,0.0,-0.0016811249580158145,0.0015192271530220821,-1.1065658974510042,0.2688471725062379,-0.0046637141385556646,0.0013014642225240359,-0.003736332082726489,0.0007197955620933134,1.5893443448389666,-0.00016932549514763699,0.0016089166193342637,-0.00078756222447202,-1.7288948578879988,0.436953109214964,0.42075814799272626,-0.0015859554589325666,-0.7104335932547813,-0.8933672219352852,-0.0011811249580158166,-0.001681124958015817,-0.002681124958015817,0.9524098164467447,0.12629632298115748,-0.0003265885293493736,True,,,194,1.0,40,1.0
R4,exec,long,24,Q2,quintile_pooled,64657,730,713,-0.001083823554152389,0.001389768325173891,-0.7798591567531793,0.0,-0.003201887860701213,0.001527376369528296,-2.096331935323879,0.03639736325762186,-0.0062004758107028655,-0.00020329991069956057,-0.0034796017494263722,-0.0003536842535871954,-1.0549840986686703,-0.0010118564669729737,0.000304487959798583,-0.00244131592763445,-7.791557418378426,0.4259820600061862,0.4091246520259821,-0.002806667818609216,-1.3006722983329095,-0.963093849297782,-0.0027018878607012165,-0.003201887860701216,-0.004201887860701216,0.9081193937519332,0.08414348540127478,-2.268005347502786e-05,True,,,194,1.0,40,1.0
R4,exec,long,24,Q3,quintile_pooled,64653,730,704,-0.0005510971493080613,0.0013636616295264893,-0.4041304216350367,0.0,-0.0026032557926683876,0.0014765396414081551,-1.7630788362618555,0.07830669281019141,-0.005502039658097459,0.0002955280727606835,-0.003004655326892194,0.00017715085591115908,0.5869444431781469,-0.00041538685006460227,0.0007696885618869204,-0.0020349497213289595,-7.087756477739325,0.44149536757768393,0.4221149830634309,-0.0026535440463672276,-1.2400694889971136,-0.9501677342588578,-0.00210325579266839,-0.0026032557926683906,-0.00360325579266839,0.9230816822111889,0.07979056059736994,-2.1765264745328353e-06,True,,,194,1.0,40,1.0
R4,exec,long,24,Q4,quintile_pooled,64659,730,714,-0.0005847363746280206,0.0012784458533941494,-0.4573806337402577,0.0,-0.002673464559827106,0.0014450636596881443,-1.8500669793357478,0.06470892850571029,-0.005510453898783801,0.00016352477912958937,-0.0038497711586854156,0.00014561576500539807,0.42699513789884946,-0.0005238913526830675,0.0008151228826938637,-0.0020045150716856757,-7.2231018387017265,0.41342406433652956,0.3945252087844108,-0.002683119354267552,-1.2787067254948707,-0.9405908499870296,-0.0021734645598271087,-0.0026734645598271095,-0.0036734645598271087,0.8835910918651407,0.07805753396382624,-1.2590842945410328e-05,True,,,194,1.0,40,1.0
R4,exec,long,24,Q5,quintile_pooled,64929,730,719,-0.001372467470179141,0.0012701915826128958,-1.0805200482874047,-0.001015099606649028,-0.002868233892675444,0.0013658766854333388,-2.099921554606129,0.036079311438438,-0.005549761151993652,-0.00018670663335723517,-0.00763856790103319,-0.0006432429417291016,-1.2002635962201953,-0.0016953698486755111,0.00040888396521730785,-0.0020621635998105993,-4.2555992621845276,0.3905034730243805,0.37525604891496867,-0.0024583491481650946,-1.1896120757560937,-0.9124555552685343,-0.002368233892675446,-0.002868233892675446,-0.003868233892675446,0.9289377627870443,0.0973075821284489,-0.0005976002717400353,True,,,194,1.0,40,1.0
R4,exec,long,24,Q1|L1,quintile_x_liqtercile,15226,729,459,-0.00047390419460836207,0.0011955950600059941,-0.39637516953774143,0.0,-0.0026106282009803333,0.001458836338255371,-1.7895278123537801,0.073945986436607,-0.005474663007521157,0.00025340660556048963,-0.0023000000000000086,-2.9494428503653184e-06,-0.0035293239280481353,-0.0016436117065443208,0.0016377128208435903,-0.0015946976211395965,-1.9449034292509406,0.34165243662156836,0.32365690266649155,-0.0023307861188714587,-1.078980421518075,-0.9394177023783852,-0.002110628200980334,-0.0026106282009803338,-0.003610628200980334,0.8195849205306712,0.06614761003594996,0.0001915526524561207,True,,,194,1.0,40,1.0
R4,exec,long,24,Q1|L2,quintile_x_liqtercile,22284,730,589,0.000764139623802163,0.0016026912338068737,0.4767853019243773,-0.002008981987594083,-0.0012040627629030236,0.0016097019954615592,-0.7480035225761,0.4546995929906307,-0.004364274681184391,0.001956149155378343,-0.004452829730337849,0.0015471819131341231,2.6981748253707605,0.0004214343228235882,0.002672929503444658,-0.0003720349946876194,-0.6469791740189684,0.47094458155710117,0.4517388377832623,-0.0016458382596517627,-0.7094494136879198,-0.9287568984315089,-0.000704062762903025,-0.0012040627629030254,-0.002204062762903025,0.9925959165357864,0.10879850268597928,-8.461731916821187e-06,True,,,194,1.0,40,1.0
R4,exec,long,24,Q1|L3,quintile_x_liqtercile,26830,730,624,-0.000423405771242744,0.001709198761833797,-0.24772178677948054,-0.004194639072969131,-0.0016418950025038482,0.0017147753398007383,-0.9574986089400148,0.3386335099983918,-0.005008389845208841,0.0017245998402011437,-0.0060762196646630875,0.00044275635220434857,0.6101758374315494,-0.0009817996502136774,0.0018673123546223747,-0.0007545494698924185,-1.034279832856628,0.46280283265001865,0.4501304509877003,-0.0017128680175396748,-0.700285039663087,-0.9067016984227656,-0.0011418950025038508,-0.001641895002503851,-0.0026418950025038517,0.9944092433842714,0.17496435237294938,-0.0008326922987256413,True,,,194,1.0,40,1.0
R4,exec,long,24,Q2|L1,quintile_x_liqtercile,24367,730,462,-0.000628810323873476,0.0011223415729154744,-0.5602664456597055,0.0,-0.0029596730071172216,0.001453920277674166,-2.0356501333428034,0.04214711449024518,-0.005814049905879399,-0.0001052961083550445,-0.0023000000000000086,-0.00016309720648620806,-0.27667071244984226,-0.0013204161615736644,0.0009942217486012485,-0.002506961722205898,-5.339356066783651,0.35508227666297343,0.3404325167220649,-0.0026819115001436595,-1.284534006017022,-0.9546795675924976,-0.002459673007117224,-0.0029596730071172234,-0.003959673007117223,0.7713898805859905,0.058882617466123305,0.0001484790631982078,True,,,194,1.0,40,1.0
R4,exec,long,24,Q2|L2,quintile_x_liqtercile,22534,730,589,-0.0011733187432265437,0.001622579641447318,-0.7231193546715279,-0.0012227554842691446,-0.003272318398203349,0.0016361027007892976,-2.0000690645059747,0.04586384665985781,-0.006484360918585591,-6.027587782110686e-05,-0.003808744498411806,-0.000329652398854106,-0.8348161780407847,-0.0011048905119331273,0.00044558571422491535,-0.002405653871325381,-6.101317707651521,0.47266353066477323,0.45260495251619776,-0.0028299512435049795,-1.254442452768941,-0.9640930166409312,-0.00277231839820335,-0.0032723183982033507,-0.00427231839820335,0.9892606727611609,0.09200524368156332,2.4458042795619498e-05,True,,,194,1.0,40,1.0
R4,exec,long,24,Q2|L3,quintile_x_liqtercile,17756,730,610,-0.0015946718753739055,0.0016373701121585706,-0.973922672419875,-0.00284573786053971,-0.003371113937151993,0.0016463492426767358,-2.0476299012176957,0.0409546221427121,-0.006603272754765119,-0.00013895511953886715,-0.004954163420774807,-0.0006457302319193201,-1.4102343175223861,-0.0015446678876547772,0.000253207423816137,-0.0024164106016126468,-5.261282649174611,0.4640423494959734,0.4482176043250549,-0.0027124814765566263,-1.1905627284590206,-0.9689512493123319,-0.0028711139371519934,-0.003371113937151994,-0.004371113937151993,0.9927915751534606,0.10883376132759597,-0.0002647954041635952,True,,,194,1.0,40,1.0
R4,exec,long,24,Q3|L1,quintile_x_liqtercile,26043,730,462,5.032464514233197e-05,0.001191438296409995,0.04223856602055569,0.0,-0.0020864809080022133,0.0014527486901744898,-1.4362297636982249,0.15136653550978738,-0.004938557713461267,0.0007655958974568402,-0.0022999999999999982,0.0009071956072770307,1.64153137090185,-0.00017778377134329603,0.0019921749858973574,-0.0016823022154895434,-3.850169909737318,0.3944246054602004,0.3774910724570902,-0.002332466520410869,-1.1234350872914545,-0.9418412610552362,-0.001586480908002215,-0.002086480908002215,-0.003086480908002215,0.8199516184771339,0.060817685233647376,0.00013095890933782517,True,,,194,1.0,40,1.0
R4,exec,long,24,Q3|L2,quintile_x_liqtercile,22181,730,589,-0.0010574530349930875,0.0015535145869009857,-0.6806843295256969,-0.00143678160919547,-0.0030840493814987178,0.00156824070696084,-1.9665663362835593,0.04961271503035396,-0.006162863340134948,-5.235422862487349e-06,-0.003855814858031879,-0.00013812090195159944,-0.34591521251594315,-0.0009220187571332952,0.0006457769532300965,-0.002150611987584721,-5.231449928359255,0.47482079257021775,0.45286506469500926,-0.0029041725530295727,-1.2891612643393644,-0.9585433647940903,-0.002584049381498719,-0.0030840493814987195,-0.004084049381498719,0.9919751138361661,0.08706403524721762,1.220529473253528e-05,True,,,194,1.0,40,1.0
R4,exec,long,24,Q3|L3,quintile_x_liqtercile,16429,730,606,-0.0008208243324897548,0.0015396897469138453,-0.5331102153112439,-0.002148227712137407,-0.0026312107980061205,0.0015463771502124862,-1.7015323833804505,0.08927004553015035,-0.005667101611360198,0.00040468001534795656,-0.004342205582028689,-0.0005544525647880641,-1.2914707254780027,-0.0013973011510559313,0.0002883960214798031,-0.0023403787475661316,-5.398082991239434,0.47111814474405017,0.4513360521029886,-0.002774814452036622,-1.2275760986558704,-0.9560434340806908,-0.002131210798006121,-0.002631210798006122,-0.0036312107980061214,0.9935479944001461,0.1000460631775121,-0.00019573269313239062,True,,,194,1.0,40,1.0
R4,exec,long,24,Q4|L1,quintile_x_liqtercile,26861,730,467,-0.0004273857501533038,0.0011692710511364513,-0.3655146937383887,0.0,-0.002759166975519851,0.001587460832973458,-1.7381008200068038,0.08261587526000441,-0.005875714422383839,0.00035738047134413605,-0.0025820271095793913,0.0008841865652329116,1.3236503427131203,-0.00042722910093602397,0.002195602231401847,-0.0014968488921449185,-3.548953693821862,0.34094039685789806,0.32329399501135475,-0.0018372299258607528,-0.85437776172675,-0.9146970105158696,-0.002259166975519853,-0.0027591669755198532,-0.0037591669755198532,0.7354901157812442,0.05510834963969898,0.00011528477120874276,True,,,194,1.0,40,1.0
R4,exec,long,24,Q4|L2,quintile_x_liqtercile,21011,730,591,-0.00030609608886636365,0.0014573065278382724,-0.2100423507471815,-0.0014424463890758688,-0.002307135493476318,0.0014746066778393266,-1.564576865240335,0.11811671739334803,-0.0052021245108372135,0.0005878535238845774,-0.004050842142659319,7.492603795564536e-05,0.19310244749787212,-0.0006868279241273296,0.0008366800000386203,-0.0018950891131049754,-4.755781772204859,0.47008709723478176,0.4484793679501214,-0.002607339788080255,-1.1955919217849615,-0.9423205052111836,-0.0018071354934763193,-0.00230713549347632,-0.00330713549347632,0.987292370662986,0.08786965759568202,-1.3221991419207263e-05,True,,,194,1.0,40,1.0
R4,exec,long,24,Q4|L3,quintile_x_liqtercile,16787,730,614,-0.0011852669142213702,0.0014686914030975563,-0.8070224362460166,-0.002873563218390718,-0.003028562757756096,0.0014819516706933917,-2.043631258460041,0.04134943030903656,-0.005937971670242022,-0.00011915384527017014,-0.00515443987540737,-0.0009476998011987423,-1.9654610191941988,-0.0018943206966562246,-1.078905741260048e-06,-0.002744016341996236,-5.6491581799213035,0.45848224922563735,0.4409697402906838,-0.003778635703214137,-1.720654390894568,-0.9668055221729401,-0.0025285627577560964,-0.003028562757756096,-0.004028562757756097,0.9907672146771503,0.1024961514585523,-0.0001636891468766918,True,,,194,1.0,40,1.0
R4,exec,long,24,Q5|L1,quintile_x_liqtercile,18704,730,467,0.000420547123939331,0.001150489843050759,0.36553745039953095,0.0,-0.0014062024450342406,0.0014903587694600354,-0.9435328417893062,0.34572144102830477,-0.004332116408638587,0.0015197115185701055,-0.0023000000000000086,0.001007860146361443,0.9307775335156859,-0.0011179482223439192,0.0031336685150668052,-0.000494842032711249,-0.5111458666940786,0.31068220701454236,0.2927715996578272,-0.000348746135830917,-0.1454724535126596,-0.7717386302860787,-0.0009062024450342417,-0.0014062024450342422,-0.002406202445034242,0.7730431993156544,0.054286336109145114,-3.9941879798055056e-05,True,,,194,1.0,40,1.0
R4,exec,long,24,Q5|L2,quintile_x_liqtercile,22022,730,590,-0.0016095847059689997,0.0014639029943447868,-1.0995159598600432,-0.007496853796263303,-0.0032870207118109317,0.0014764319964918546,-2.2263271993706524,0.026297569150250322,-0.006185593245733678,-0.00038844817788818596,-0.009807507507507472,-0.0009377512539297254,-1.4639677502389075,-0.002195303032934827,0.0003198005250753764,-0.00260285081326125,-4.024045932348287,0.4264826083007901,0.4085914085914086,-0.003047688691322317,-1.3491029595905075,-0.9457702208349671,-0.002787020711810934,-0.0032870207118109343,-0.004287020711810934,0.9910544001453092,0.09498183679533073,-0.00035979524352806766,True,,,194,1.0,40,1.0
R4,exec,long,24,Q5|L3,quintile_x_liqtercile,24203,730,631,-0.0025423534017507497,0.0015694671294465027,-1.6198831782143475,-0.009689518649718676,-0.0033675676854353037,0.0015828993744504047,-2.1274679488735977,0.033716716702138355,-0.006475159949520155,-0.00025997542135045276,-0.011489946935832674,-0.001651240715078,-2.067966466654685,-0.0032188456738445163,-8.363575631148358e-05,-0.002514138303532003,-3.1347547492970547,0.4194521340329711,0.4086683468991447,-0.003045834393857566,-1.3106454059022403,-0.9529916346181674,-0.002867567685435304,-0.0033675676854353054,-0.004367567685435305,0.9928934429616163,0.13267042761334688,-0.0011491078007573585,True,,,194,1.0,40,1.0
R4,exec,long,48,Q1,quintile_pooled,64337,730,718,-0.00029578036813330367,0.0019776651536213283,-0.14956038821420117,0.0,-0.0016215614517779565,0.0020759165594335716,-0.7811303611453492,0.43498011146568044,-0.005697068159269536,0.002453945255713623,-0.005413701108675185,0.001191562973193772,1.8667428202776624,-6.158467069645145e-05,0.0024447106170839956,-0.00023344606714998235,-0.38106506294387094,0.4310937038591256,0.41733886635271444,-0.001846134920536185,-0.41946142588706825,-0.7966888579207076,-0.0011215614517779589,-0.00162156145177796,-0.00262156145177796,0.9495189692420074,0.12629632298115748,-0.000651215526001351,True,-0.0056348383652041435,0.0024197238918680433,194,1.0,40,1.0
R4,exec,long,48,Q2,quintile_pooled,64657,730,713,-0.001508275605926636,0.0019261983403363893,-0.7830323463279655,0.0,-0.0036525116841351906,0.0021203042473215057,-1.722635649458921,0.08537970634010761,-0.007815161739896355,0.0005101383716259737,-0.00442514968701097,-3.5090490559798476e-05,-0.0722015263985872,-0.0009892320060258491,0.0009190510249062521,-0.0022719523106019017,-4.954787131704964,0.42488400866068665,0.40921744509743274,-0.003292039730498412,-0.7607941985393678,-0.8814663412373233,-0.003152511684135192,-0.003652511684135192,-0.004652511684135192,0.9059078255490257,0.08414348540127478,-0.00012148988220432125,True,-0.007809030446144035,0.0005176222969241859,194,1.0,40,1.0
R4,exec,long,48,Q3,quintile_pooled,64652,730,704,-0.0014515042243055307,0.001903934088384217,-0.7623710469606418,0.0,-0.0035230038695219655,0.0020659228898421583,-1.7052930130374477,0.08856697225805359,-0.007578890680796053,0.0005328829417521222,-0.00452932997711338,3.06192469447e-05,0.07095356631580947,-0.0008165886756153362,0.0008778271695047362,-0.0022039420222497853,-5.404664021310098,0.43492181337292934,0.41897514423151283,-0.0034067535705311117,-0.7936266966906694,-0.8842191426403269,-0.0030230038695219677,-0.0035230038695219677,-0.004523003869521968,0.9208544073747544,0.07979056059736994,-8.889628544074551e-05,True,-0.007539673259453215,0.0006206343279960225,194,1.0,40,1.0
R4,exec,long,48,Q4,quintile_pooled,64658,730,714,-0.0015759780980100031,0.0018652761020699702,-0.8449033879011683,0.0,-0.0036950528391610123,0.002108546458239749,-1.7524170855811763,0.08012366040363161,-0.007834619622114215,0.0004445139437921899,-0.005583983757612548,-0.00010202324058194514,-0.2137568847520169,-0.0010390429685446872,0.0008349964873807969,-0.0019709534850965316,-4.5970949465490705,0.4094648932879678,0.39532941540364985,-0.0030650605539165724,-0.7172955856489506,-0.8666758826447012,-0.0031950528391610123,-0.0036950528391610136,-0.004695052839161014,0.8829415403649861,0.07805753396382624,-8.85983934420528e-05,True,-0.007941739836355271,0.0005849878475171793,194,1.0,40,1.0
R4,exec,long,48,Q5,quintile_pooled,64929,730,719,-0.002587189593174948,0.0018834624288707235,-1.3736348299372032,-0.002723783583013506,-0.003811114614130221,0.0020329345478747344,-1.8746863336620587,0.061236619226402944,-0.0078022376427049,0.00018000841444445722,-0.010978501598763624,-0.0011051769433439965,-1.4971578689664489,-0.0025543957149254245,0.00034404182823743177,-0.002008272451752119,-2.8962473893907856,0.38371143864836976,0.37222196553158066,-0.0028220538998738336,-0.6571668093816185,-0.8243673265505507,-0.0033111146141302224,-0.003811114614130224,-0.004811114614130224,0.9263041168045095,0.0973075821284489,-0.0009922001182162891,True,-0.007870794801793174,0.000123070850448611,194,1.0,40,1.0
R4,exec,long,48,Q1|L1,quintile_x_liqtercile,15226,729,459,0.0008796312136154897,0.0018215953679707932,0.4828905634489917,0.0,-0.0009119501495701303,0.0022259308408062225,-0.4096938381247397,0.682151403268644,-0.005281979796480962,0.003458079497340701,-0.0026000000000000172,0.002250473159497304,1.6211442526845663,-0.0004748807117950591,0.004975827030789667,-0.0002733932996367148,-0.2020812020254284,0.350518849336661,0.3337711808748194,-0.0023427272804281973,-0.5231537925235017,-0.7988281210104833,-0.0004119501495701296,-0.00091195014957013,-0.0019119501495701307,0.816892158150532,0.06614761003594996,0.0002769260355362486,True,-0.005074567558701491,0.0032366385578827075,194,1.0,40,1.0
R4,exec,long,48,Q1|L2,quintile_x_liqtercile,22283,730,589,0.00139024285914546,0.0021931638946893215,0.6338982975745178,-0.0036798528058878954,-0.0005328954320076738,0.002210023075279694,-0.24112663707831744,0.8095249562161659,-0.004871684400226693,0.0038058935362113456,-0.006279124941300814,0.002427438096872886,3.2538157656610687,0.0009628181767618743,0.003892058016983898,0.0006004701160684117,0.8025399462946021,0.46717522997531974,0.4498092887592551,-0.0013321806496631391,-0.28621273686560744,-0.8167691242510492,-3.2895432007673994e-05,-0.0005328954320076747,-0.0015328954320076751,0.9890060578864707,0.10879850268597928,-4.206394056262136e-05,True,-0.004809570512915682,0.0036115403078996067,194,1.0,40,1.0
R4,exec,long,48,Q1|L3,quintile_x_liqtercile,26828,730,624,-0.002363264799218731,0.0022467224490122922,-1.051872161716136,-0.0087351895734597,-0.0028548062739550168,0.0022583117573938233,-1.2641329367427865,0.20658746605057893,-0.007288397148810284,0.0015787846009002499,-0.010039369328859127,-0.00043591473209917764,-0.47038101690102385,-0.0022552866709990302,0.0013834572068006752,-0.0009053977073432502,-0.9711516968532763,0.4468505404398062,0.43779351472232575,-0.0025741272852629437,-0.5422175650634184,-0.8497610500587738,-0.0023548062739550176,-0.002854806273955019,-0.0038548062739550185,0.9919865821841223,0.17496435237294938,-0.0015894054822468617,True,-0.007247524427742607,0.0015982846470431228,194,1.0,40,1.0
R4,exec,long,48,Q2|L1,quintile_x_liqtercile,24367,730,462,-0.00012021897248928484,0.001609462162207502,-0.07469512195576888,0.0,-0.0024164937222940918,0.0020885094841903997,-1.1570422545774712,0.24763512276422636,-0.006516723268032789,0.001683735823444606,-0.0026000000000000172,0.0010966122245864825,1.1830972377152391,-0.000723098583974801,0.002916323033147766,-0.001715226441722152,-2.1765983007877265,0.3586113504862735,0.3444540194509418,-0.002368961514407164,-0.5574856913279855,-0.8401546275118135,-0.0019164937222940928,-0.0024164937222940935,-0.003416493722294094,0.7693380934794206,0.058882617466123305,0.00018853700128012698,True,-0.006382052000965698,0.0017027705468015532,194,1.0,40,1.0
R4,exec,long,48,Q2|L2,quintile_x_liqtercile,22534,730,589,-0.0022386144675623754,0.002217504705149207,-1.0095196020843382,-0.002564948161480729,-0.004382083414243255,0.0022416406203163465,-1.9548554636848272,0.0509829930225309,-0.008782944972174866,1.877814368835516e-05,-0.005524714923153094,-0.0005401632241626888,-0.9507618222479708,-0.0016555436294434468,0.0005752171811180692,-0.002596924454241097,-4.532717445273397,0.46751575397177597,0.44901038430815654,-0.0037851491886667287,-0.8357351850299206,-0.9056067738481607,-0.0038820834142432557,-0.004382083414243256,-0.005382083414243256,0.9867311617999468,0.09200524368156332,-8.838882392628721e-06,True,-0.008869413943428451,-8.231351042085586e-05,194,1.0,40,1.0
R4,exec,long,48,Q2|L3,quintile_x_liqtercile,17756,730,610,-0.002486272907056855,0.0022721319378415984,-1.0942467141316974,-0.004312600493883212,-0.0040476252203814475,0.0022864468699451473,-1.7702686528983511,0.07710144330332125,-0.00853645186056547,0.0004412014198025751,-0.006480144762890589,-0.0009471704117673847,-1.4312814054444398,-0.0022463608806430665,0.000352020057108297,-0.002454520578902266,-3.691290936642436,0.4617334009123163,0.44759813031480544,-0.003509898709209453,-0.7639657455783624,-0.8877186135150299,-0.0035476252203814488,-0.004047625220381449,-0.005047625220381448,0.9907642056653714,0.10883376132759597,-0.0005942448979707863,True,-0.008710590025918173,0.0003893338902437708,194,1.0,40,1.0
R4,exec,long,48,Q3|L1,quintile_x_liqtercile,26042,730,462,-0.0009376046384479443,0.0016572393759410953,-0.5657629501564959,0.0,-0.003347866141145782,0.0020258709962995163,-1.6525564299311457,0.0988529408962531,-0.007325121776210497,0.0006293894939189333,-0.0026499999999999285,0.0009443234795063605,1.2075169584270593,-0.0005909907727107395,0.0024796377317234603,-0.0019869933359269697,-3.2954704865728637,0.38747456130246133,0.3726913182045079,-0.003171056255653442,-0.7676996047633677,-0.8721413003060305,-0.0028478661411457814,-0.003347866141145782,-0.004347866141145782,0.818607687286411,0.060817685233647376,0.00016457370561470238,True,-0.007352279853434701,0.0007184924707154651,194,1.0,40,1.0
R4,exec,long,48,Q3|L2,quintile_x_liqtercile,22181,730,589,-0.0018948039752636108,0.002155935364195709,-0.8788779138425072,-0.003045685279187693,-0.0038929656648818175,0.002179328242414408,-1.786314511562024,0.07446498371670753,-0.008171493541844866,0.0003855622120812305,-0.005696947712137633,-0.00019230840364791317,-0.3431844479527671,-0.0012924292548600119,0.0009078124475641855,-0.002120671129420329,-3.6573462065182967,0.4688246697624093,0.4506108831883143,-0.00365915157747056,-0.8100228887766422,-0.8903532972555344,-0.003392965664881817,-0.003892965664881818,-0.004892965664881818,0.9895405978089356,0.08706403524721762,-6.397315276322593e-05,True,-0.008107809695106641,0.00045096174462548296,194,1.0,40,1.0
R4,exec,long,48,Q3|L3,quintile_x_liqtercile,16429,730,606,-0.0016675941408495745,0.0021963315581045744,-0.7592633883969239,-0.004051416154100984,-0.003253362228564171,0.0022142736184332704,-1.469268387375774,0.14219258864883674,-0.007600496000939292,0.0010937715438109497,-0.006200349733239439,-0.0011167377076219795,-1.730999474570149,-0.002383292483302481,0.00014981706805852215,-0.0026006006078429667,-3.97975046848973,0.46436179925741067,0.44963174873698947,-0.003441459580170177,-0.7528547223540171,-0.8979292899265983,-0.0027533622285641707,-0.0032533622285641716,-0.004253362228564171,0.9902002556455048,0.1000460631775121,-0.0004546919934841417,True,-0.007662369549656422,0.0011008572124704245,194,1.0,40,1.0
R4,exec,long,48,Q4|L1,quintile_x_liqtercile,26860,730,467,-0.0014834421071565087,0.001675391551731662,-0.8854300987869034,0.0,-0.004241825806861766,0.0022745551256397748,-1.8649034965326012,0.06259763152536452,-0.008707306188998912,0.0002236545752753805,-0.00322867605180451,0.0004959258002149814,0.5620572425039982,-0.0012363055191059716,0.0022281571195359347,-0.001525735963480672,-2.27369202284774,0.339749078589777,0.3272402367745058,-0.001473659225729751,-0.3147011998483362,-0.8422420611785446,-0.0037418258068617656,-0.004241825806861767,-0.005241825806861767,0.7352667436059714,0.05510834963969898,0.00015658411797467574,True,-0.008721500168124546,0.0003918321654201929,194,1.0,40,1.0
R4,exec,long,48,Q4|L2,quintile_x_liqtercile,21011,730,591,-0.0010792600217217302,0.0021508883335649787,-0.5017740832379318,-0.003759398496240629,-0.0029623526194528962,0.0021755096985325573,-1.361682102107422,0.173720047602447,-0.007233383807239006,0.001308678568333214,-0.006612808460634457,0.00026302921839221926,0.4390908713148303,-0.000913003266913928,0.0014390617036983667,-0.001517814414518802,-2.479961178647482,0.45947360906192,0.44286326210080434,-0.002691269258687925,-0.5951276633643876,-0.8614140876837065,-0.002462352619452897,-0.0029623526194528984,-0.0039623526194528975,0.9862928941982771,0.08786965759568202,-8.235109588380393e-05,True,-0.00736358850095557,0.0013001638674737738,194,1.0,40,1.0
R4,exec,long,48,Q4|L3,quintile_x_liqtercile,16787,730,614,-0.002345744001102739,0.002135835416536079,-1.0982793818950207,-0.004948769777653905,-0.003958938049543237,0.002157031024969718,-1.8353644447922652,0.06686004582101134,-0.008193691306162668,0.0002758152070761943,-0.007331149498787324,-0.0015156783577149398,-2.145815069256347,-0.0029023846642752737,-0.00012897205115460593,-0.0030652212236471437,-4.278921703195418,0.45842268286871574,0.4447819871336669,-0.004765838614999283,-1.0668678394189717,-0.9162531758261457,-0.0034589380495432366,-0.003958938049543237,-0.004958938049543237,0.9898737193233262,0.1024961514585523,-0.00038778104765916575,True,-0.00818961758838361,0.00027546678566261833,194,1.0,40,1.0
R4,exec,long,48,Q5|L1,quintile_x_liqtercile,18704,730,467,0.00027421370102516786,0.001648735228893503,0.16631760892814657,0.0,-0.0017885673831692418,0.0021373161344910383,-0.8368286536119541,0.4029638733571078,-0.005984615727484662,0.002407480961146179,-0.0026499999999999285,0.0012899387678449489,0.9023466546711562,-0.001516563611811062,0.0040964411475009595,0.00020131153316889046,0.15481287823638273,0.3037852865697177,0.29073994867408043,0.00012679464427371669,0.02548795212570395,-0.6831656005413944,-0.0012885673831692414,-0.001788567383169242,-0.0027885673831692425,0.7701026518391788,0.054286336109145114,9.55542627046942e-06,True,-0.006031336263407349,0.0023623547443786296,194,1.0,40,1.0
R4,exec,long,48,Q5|L2,quintile_x_liqtercile,22022,730,590,-0.0032046735147369648,0.0021993894957014425,-1.45707412034125,-0.011591419508552858,-0.004816193800961855,0.002225801675475223,-2.1638018580130534,0.030804597326014847,-0.009185959828754623,-0.000446427773169087,-0.014150761257718468,-0.001510175890103005,-1.6385204889459366,-0.003319620896022812,0.0002992691158168017,-0.003027498006365989,-3.2140146165179817,0.4137680501316865,0.400281536645173,-0.0039061843577932356,-0.8361304980568804,-0.8618477103625445,-0.0043161938009618536,-0.004816193800961856,-0.005816193800961855,0.9885114885114885,0.09498183679533073,-0.0005378711640406155,True,-0.009123245634625604,-0.0002534690152684116,194,1.0,40,1.0
R4,exec,long,48,Q5|L3,quintile_x_liqtercile,24203,730,631,-0.00423663207113554,0.0022985087507998328,-1.8432090239644643,-0.014081673707503461,-0.004113696963495048,0.002330516466168019,-1.7651439169014091,0.07795936451913005,-0.008689042464076698,0.00046164853708660376,-0.015854113345520976,-0.0025876112472133996,-2.3317250505671545,-0.00476628109929326,-0.0004089413951335391,-0.0024103969613851303,-2.1305672252597456,0.4181299838862951,0.40965995950915174,-0.0029579278712606972,-0.6214884457931444,-0.8564781434335921,-0.003613696963495048,-0.0041136969634950485,-0.005113696963495049,0.9904144114365988,0.13267042761334688,-0.0020067416002669965,True,-0.008715951452280022,0.0003761337371462726,194,1.0,40,1.0
R4,exec,long,72,Q1,quintile_pooled,64335,730,718,-0.0007009515791229496,0.0023516729153212324,-0.2980650814814531,-0.0020187746038153875,-0.0016382449452861157,0.002478569103955917,-0.6609639984099684,0.5088450856772768,-0.00650426336222915,0.003227773471656919,-0.00863670138265604,0.001586549596821659,2.0919824597015957,9.765022622533156e-05,0.0030754489674179866,0.00048277815102829534,0.6668344565542258,0.4200742916647239,0.4074851183537713,-0.001682992773831426,-0.2563831380503763,-0.7657227537398491,-0.0011382449452861153,-0.001638244945286117,-0.0026382449452861173,0.9468146283085436,0.12629632298115748,-0.0009804288927920816,True,,,194,1.0,40,1.0
R4,exec,long,72,Q2,quintile_pooled,64656,730,713,-0.0017928497227423551,0.002306478761097301,-0.7773103108434486,0.0,-0.003795561804147745,0.002544488674818422,-1.4916795825073188,0.13621753975429457,-0.008790995957509817,0.0011998723492143279,-0.007025956399881747,0.0004838670194304232,0.7780798637977646,-0.0007370090393680911,0.0017047430782289375,-0.002075533468446747,-3.4563818021927615,0.4141045468605011,0.40071141354778844,-0.003554819184592342,-0.5504883072808135,-0.8403472231201963,-0.003295561804147745,-0.003795561804147745,-0.004795561804147744,0.9036653263223012,0.08414348540127478,-0.00026286233745786443,True,,,194,1.0,40,1.0
R4,exec,long,72,Q3,quintile_pooled,64651,730,704,-0.003014410298202003,0.0022894679167092063,-1.316642297628176,0.0,-0.005109966037255203,0.0024844388979901873,-2.0567887748774836,0.04006334388310838,-0.009987508250661623,-0.00023242382384878416,-0.007856610191029456,-0.0007395273267631307,-1.400798980690235,-0.001775976815417647,0.00029692216189138574,-0.0025750240087746012,-5.098068405096667,0.42131068937249627,0.4082718512675359,-0.004078055591066587,-0.6361815366538106,-0.8545336387987468,-0.004609966037255205,-0.0051099660372552055,-0.0061099660372552055,0.919957310565635,0.07979056059736994,-0.00019799522697468532,True,,,194,1.0,40,1.0
R4,exec,long,72,Q4,quintile_pooled,64657,730,714,-0.003316168660310618,0.0022183030491468897,-1.4949123662729233,0.0,-0.005562101929389846,0.0025107814928108855,-2.2152871308458337,0.027049956930163092,-0.010491360897976905,-0.0006328429608027878,-0.0089080939586467,-0.0010387212314166715,-1.7836232346701837,-0.00218203548987505,0.00010459302704170703,-0.0027051508573103793,-5.012366728874069,0.39706155273739563,0.38366841942468294,-0.004251413496684722,-0.6717488318534683,-0.8450739039568421,-0.005062101929389846,-0.005562101929389846,-0.006562101929389848,0.880745437673987,0.07805753396382624,-0.00018018888795238481,True,,,194,1.0,40,1.0
R4,exec,long,72,Q5,quintile_pooled,64929,730,719,-0.0026103074010153516,0.002261762440959672,-1.1541032575940164,-0.004521098459477568,-0.00353106586183868,0.002446604363164935,-1.4432516818006824,0.1493809142090692,-0.008334329918964399,0.0012721981952870396,-0.01459441297818548,-0.0003334506406306462,-0.36861975415642784,-0.002109367716592977,0.0014424664353316842,-0.0011484403470049067,-1.30200311576545,0.3796300574473656,0.3681405843305765,-0.002724245805051864,-0.4292779139062592,-0.7203625294994862,-0.003031065861838681,-0.003531065861838682,-0.004531065861838682,0.9237474780144466,0.0973075821284489,-0.0013105420564206998,True,,,194,1.0,40,1.0
R4,exec,long,72,Q1|L1,quintile_x_liqtercile,15226,729,459,0.0020283175497776275,0.002237953452927537,0.9063269600734196,0.0,0.0005668568540149744,0.002748093601898152,0.2062727607325447,0.8366357661124221,-0.004828314439259247,0.005962028147289196,-0.002900000000000026,0.00514489099011373,2.8625090959597426,0.001616310518997511,0.008673471461229949,0.0026987118448857234,1.5091655624389253,0.3401418626034415,0.32437935110994354,-0.0003580134768964428,-0.051010002627029996,-0.6856227306512899,0.0010668568540149754,0.0005668568540149738,-0.0004331431459850255,0.8143964271640615,0.06614761003594996,0.0003433294806451444,True,,,194,1.0,40,1.0
R4,exec,long,72,Q1|L2,quintile_x_liqtercile,22283,730,589,0.0010578770895115705,0.002693743350455382,0.3927163622817796,-0.007062834875791513,-0.0007392638628864601,0.002728783044062059,-0.27091338921030306,0.7865346514859489,-0.006096511529314249,0.00461798380354133,-0.009831839957898601,0.0026040518833086055,2.7387148471746987,0.0007373603880104233,0.0044707433786067875,0.0009323336604110977,0.9697770793653923,0.45586717522997533,0.4373345299528831,-0.0015467485811756299,-0.21896499493043722,-0.7944440888919524,-0.000239263862886459,-0.0007392638628864606,-0.0017392638628864617,0.9858649315683194,0.10879850268597928,-0.0001308293459262756,True,,,194,1.0,40,1.0
R4,exec,long,72,Q1|L3,quintile_x_liqtercile,26826,730,624,-0.0037110101409593473,0.0026267789629843743,-1.412760720735764,-0.012984548550384833,-0.0034123597198822343,0.0026521030574743047,-1.28666180986645,0.19862230762790264,-0.00861906640427671,0.00179434696451224,-0.013934012415196676,-0.0012782945657092313,-1.1589914259065244,-0.003443606410874493,0.0008870172794560303,-0.0009244289442805119,-0.8238372048288396,0.4357062989191204,0.42985464032799103,-0.0034833411375591867,-0.496687697818156,-0.8404356345164403,-0.002912359719882235,-0.0034123597198822356,-0.0044123597198822365,0.9895266492732017,0.17496435237294938,-0.0023017707842103406,True,,,194,1.0,40,1.0
R4,exec,long,72,Q2|L1,quintile_x_liqtercile,24367,730,462,-0.0007512291408355913,0.0019295277506654247,-0.38933316226030923,0.0,-0.0031408204049793898,0.002510848216856345,-1.2509001475651875,0.21137387735658808,-0.008070210368677111,0.0017885695587183319,-0.0036282671460012832,0.002450957547102867,2.146357285481031,0.00020912327493934502,0.004692791819266389,-0.0015590593942896326,-1.553686951354365,0.3475727358529279,0.33316919036480774,-0.0027940390557506887,-0.4382162169800066,-0.8107311887648876,-0.00264082040497939,-0.0031408204049793898,-0.00414082040497939,0.7672452706307193,0.058882617466123305,0.00018024119912283938,True,,,194,1.0,40,1.0
R4,exec,long,72,Q2|L2,quintile_x_liqtercile,22533,730,589,-0.002464898086909425,0.002630178831090651,-0.9371598834925269,-0.0054662379421221985,-0.004509544859810462,0.0026645474777888594,-1.6924242849493716,0.09099416801030547,-0.009740682889831797,0.0007215931702108727,-0.008573045324439558,-0.0002986464188692528,-0.4150636775771326,-0.0017112240145915542,0.0011139311768530488,-0.002249723786832073,-3.0742492839093796,0.45588887902724773,0.44022366202183366,-0.0037041068219172213,-0.5419911320148014,-0.8668340516480939,-0.004009544859810463,-0.004509544859810462,-0.005509544859810462,0.9841128960681637,0.09200524368156332,-8.66131538600351e-05,True,,,194,1.0,40,1.0
R4,exec,long,72,Q2|L3,quintile_x_liqtercile,17756,730,610,-0.0023694380832709402,0.002805212794852116,-0.8446553814452608,-0.006805773597145626,-0.0035909944918434966,0.0028278934333177816,-1.2698478837763059,0.2045456771506027,-0.009142819335344545,0.0019608303516575522,-0.008840169104440172,-0.0012225826078836018,-1.211966953452319,-0.0032030019867028718,0.0007578367709356682,-0.0024055255664135167,-2.3707678966144234,0.4523849749394605,0.44326181224305905,-0.0040332120723538326,-0.5874116308949806,-0.8611470826261624,-0.0030909944918434966,-0.0035909944918434975,-0.004590994491843498,0.9887931519963958,0.10883376132759597,-0.0009573155051828264,True,,,194,1.0,40,1.0
R4,exec,long,72,Q3|L1,quintile_x_liqtercile,26041,730,462,-0.0018632586686358234,0.002033149959102908,-0.9164393704918617,0.0,-0.004484683761994403,0.0024872854474522884,-1.803043461130703,0.07179591944430608,-0.009367814426449137,0.00039844690246033064,-0.0048040214794858715,0.00020277561683006162,0.21564376618444692,-0.001643296042867138,0.0020488472765272615,-0.001961768366333734,-2.626870875028825,0.3760319471643052,0.363360595937488,-0.00362764667726279,-0.5820908228115123,-0.8378211974604342,-0.0039846837619944035,-0.004484683761994402,-0.005484683761994403,0.8172637560956879,0.060817685233647376,0.0001580582019357153,True,,,194,1.0,40,1.0
R4,exec,long,72,Q3|L2,quintile_x_liqtercile,22181,730,589,-0.004185195091452801,0.0025582499555007764,-1.6359601931991632,-0.0062272963155163286,-0.006102448896781557,0.0025849064916743042,-2.3608006387994553,0.018498903426724802,-0.011177232801126747,-0.001027664992436366,-0.009108844771573572,-0.001037167962267191,-1.5705465878271163,-0.002333654470394385,0.0002593185458600034,-0.002831227190448029,-4.139138705870664,0.4551192462017042,0.4393850592849736,-0.004885120242984719,-0.7349316614715445,-0.8743801533813969,-0.005602448896781559,-0.0061024488967815595,-0.0071024488967815595,0.9890897615075966,0.08706403524721762,-0.0001665092556634335,True,,,194,1.0,40,0.7399561370689921
R4,exec,long,72,Q3|L3,quintile_x_liqtercile,16429,730,606,-0.0032583668437274125,0.002658485040938231,-1.2256479888175227,-0.007670182166826578,-0.004589167913078168,0.002681640225049061,-1.7113287122601275,0.08744757601280524,-0.009853863055883465,0.0006755272297271292,-0.009808097671409345,-0.0018312884819152836,-2.108267221795117,-0.0035365886677134538,-0.00012598829611711352,-0.00303221819462376,-3.4555717983372705,0.44744050155213344,0.437458153265567,-0.003795154871452337,-0.5519697439653998,-0.8567615432264022,-0.004089167913078167,-0.0045891679130781685,-0.0055891679130781685,0.9894089719398624,0.1000460631775121,-0.000706700973239005,True,,,194,1.0,40,1.0
R4,exec,long,72,Q4|L1,quintile_x_liqtercile,26859,730,467,-0.0025207565192298153,0.0019450528875613743,-1.2959835361547594,0.0,-0.005646595823526553,0.002641977112024579,-2.1372614462959896,0.03291023259022716,-0.010833422877787383,-0.0004597687692657242,-0.00700487747481914,-0.0005152187383586851,-0.48374481089981536,-0.0026061755495565466,0.0015757380728391767,-0.0023553633115788496,-2.9151689586763054,0.3265328915528089,0.31458248017571944,-0.002846552529365609,-0.4474300843437373,-0.8230698069162186,-0.005146595823526552,-0.0056465958235265516,-0.006646595823526553,0.7340009679460928,0.05510834963969898,0.000194240517346306,True,,,194,1.0,40,1.0
R4,exec,long,72,Q4|L2,quintile_x_liqtercile,21011,730,591,-0.002880621694349457,0.0026077518098887196,-1.1046379810478903,-0.005948446794448059,-0.004700955173138882,0.0026468842889709556,-1.7760335020034064,0.07614616894878559,-0.009897416178439509,0.0004955058321617443,-0.009199636620953437,-0.0005475039359727697,-0.7409592960342555,-0.0019981538838403827,0.0009031460118948435,-0.0021899081457635344,-2.8682755841855543,0.45157298557898246,0.435057826852601,-0.0036488304639602487,-0.5325212992550931,-0.8368773073895823,-0.004200955173138882,-0.004700955173138882,-0.005700955173138882,0.9833896530388844,0.08786965759568202,-0.0001850162980350452,True,,,194,1.0,40,1.0
R4,exec,long,72,Q4|L3,quintile_x_liqtercile,16787,730,614,-0.0051339593316097895,0.0025384806976716987,-2.0224535629987934,-0.008726708576415332,-0.0065353748721091055,0.002564464602628374,-2.548436373584904,0.011025496862729052,-0.011570026504807788,-0.0015007232394104227,-0.011155807365374434,-0.0024911379857870957,-2.856808153540099,-0.004203069707962839,-0.0007792062636113528,-0.003763832580763833,-4.278997070202586,0.4416845365737431,0.4298903979032642,-0.00576250524202478,-0.8714225591060349,-0.8859332970999396,-0.006035374872109106,-0.006535374872109107,-0.007535374872109107,0.9870741005480105,0.1024961514585523,-0.0006196618351336688,True,,,194,1.0,40,0.4410198745091621
R4,exec,long,72,Q5|L1,quintile_x_liqtercile,18704,730,467,3.394418607163566e-05,0.0018586890788752466,0.018262433699872165,0.0,-0.002100920254752767,0.0024117023409081424,-0.8711358027548507,0.3839679737787009,-0.006835663372591765,0.0026338228630862306,-0.0029499999999998954,0.00158172793784671,0.9763233630114767,-0.0015988631360155812,0.004762319011709001,-0.000548538760109919,-0.39496402958123017,0.29993584260051326,0.2866766467065868,-0.0020533634934987244,-0.32776229113744054,-0.6954487909604945,-0.0016009202547527673,-0.0021009202547527675,-0.003100920254752769,0.768445252352438,0.054286336109145114,3.547551728934546e-05,True,,,194,1.0,40,1.0
R4,exec,long,72,Q5|L2,quintile_x_liqtercile,22022,730,590,-0.002020822522307855,0.002612783455923029,-0.773436664920228,-0.014325858217496712,-0.003584992668373417,0.0026517257092785497,-1.3519470191918075,0.17681328268365856,-0.0087909585288517,0.0016209731921048662,-0.017040955280472253,0.000259053156193828,0.21672298161732198,-0.002087625660882146,0.0026057319732698016,-0.0012104671505577802,-0.9926150847011289,0.4153119607665062,0.4005085823267641,-0.003163599242711617,-0.46761866318820794,-0.752942870017679,-0.0030849926683734165,-0.0035849926683734173,-0.004584992668373417,0.9853782581055308,0.09498183679533073,-0.0006204374023041585,True,,,194,1.0,40,1.0
R4,exec,long,72,Q5|L3,quintile_x_liqtercile,24203,730,631,-0.005190141210203118,0.0028527515867602443,-1.8193456571160314,-0.019525000388325386,-0.0043419954208783005,0.0029034244104432848,-1.4954738980841522,0.13522534963230495,-0.010042105468594877,0.0013581146268382763,-0.021290313642883127,-0.0023526060653924125,-1.6469868901671432,-0.005156934026701502,0.00045172189591667763,-0.0014528287122567067,-0.9875356909491443,0.408750981283312,0.4016444242449283,-0.002592944736397304,-0.35399689707711124,-0.7504536048830026,-0.0038419954208782996,-0.004341995420878302,-0.005341995420878301,0.9876874767590794,0.13267042761334688,-0.00274629112905251,True,,,194,1.0,40,1.0
R4,exec,short,24,Q1,quintile_pooled,64340,730,718,2.4052762398855452e-05,0.0014499078728892638,0.016589166007440856,0.0,-0.0023188750419841854,0.0015192271530220821,-1.5263517620596927,0.12735660048250083,-0.005301464222524036,0.0006637141385556649,-0.00026366791727351103,-0.0007197955620933134,-1.5893443448389666,-0.0016089166193342637,0.00016932549514763699,-0.003212437775527983,-7.052099477116057,0.49113318101987846,0.47383472435927326,-0.0024140445410674363,-1.0813786275825978,-0.93611607276121,-0.0018188750419841843,-0.0023188750419841854,-0.003318875041984185,0.9524098164467447,0.12629632298115748,-0.0003265885293493736,True,,,194,1.0,40,1.0
R4,exec,short,24,Q2,quintile_pooled,64657,730,713,0.001083823554152389,0.001389768325173891,0.7798591567531793,0.0,-0.0007981121392987852,0.001527376369528296,-0.522537964591706,0.6014547940562429,-0.0037967000893004378,0.002200475810702867,-0.0005203982505736279,0.0003536842535871954,1.0549840986686703,-0.000304487959798583,0.0010118564669729737,-0.0015586840723655507,-4.97460255326961,0.4663934426229508,0.4493968450355707,-0.0011933321813907868,-0.5530166771974125,-0.8479901311444584,-0.0002981121392987858,-0.0007981121392987864,-0.0017981121392987864,0.9081193937519332,0.08414348540127478,-2.268005347502786e-05,True,,,194,1.0,40,1.0
R4,exec,short,24,Q3,quintile_pooled,64653,730,704,0.0005510971493080613,0.0013636616295264893,0.4041304216350367,0.0,-0.0013967442073316114,0.0014765396414081551,-0.9459578111966951,0.3444839660833499,-0.004295528072760683,0.0015020396580974597,-0.000995344673107806,-0.00017715085591115908,-0.5869444431781469,-0.0007696885618869204,0.00041538685006460227,-0.0019650502786710414,-6.8442958053225755,0.46910429523765335,0.45209039023711195,-0.0013464559536327753,-0.6292335522616929,-0.8548706277179547,-0.0008967442073316113,-0.001396744207331612,-0.002396744207331612,0.9230816822111889,0.07979056059736994,-2.1765264745328353e-06,True,,,194,1.0,40,1.0
R4,exec,short,24,Q4,quintile_pooled,64659,730,714,0.0005847363746280206,0.0012784458533941494,0.4573806337402577,0.0,-0.0013265354401728934,0.0014450636596881443,-0.917977164036614,0.3589348431568845,-0.004163524779129589,0.001510453898783802,-0.00015022884131458449,-0.00014561576500539807,-0.42699513789884946,-0.0008151228826938637,0.0005238913526830675,-0.001995484928314325,-7.19056247488717,0.4586297556449119,0.4405196412001237,-0.001316880645732451,-0.6275919614585286,-0.8505331198545144,-0.0008265354401728928,-0.0013265354401728934,-0.0023265354401728936,0.8835910918651407,0.07805753396382624,-1.2590842945410328e-05,True,,,194,1.0,40,1.0
R4,exec,short,24,Q5,quintile_pooled,64929,730,719,0.001372467470179141,0.0012701915826128958,1.0805200482874047,0.001015099606649028,-0.0011317661073245546,0.0013658766854333388,-0.82860050207643,0.40760207433140383,-0.0038132933666427636,0.0015497611519936542,0.0036385679010331896,0.0006432429417291016,1.2002635962201953,-0.00040888396521730785,0.0016953698486755111,-0.001937836400189402,-3.9990305112735767,0.507754624281908,0.4916447196168122,-0.0015416508518349078,-0.7460154597288764,-0.875136888303417,-0.0006317661073245551,-0.0011317661073245561,-0.002131766107324556,0.9289377627870443,0.0973075821284489,-0.0005976002717400353,True,,,194,1.0,40,1.0
R4,exec,short,24,Q1|L1,quintile_x_liqtercile,15226,729,459,0.00047390419460836207,0.0011955950600059941,0.39637516953774143,0.0,-0.0013893717990196687,0.001458836338255371,-0.9523835968339154,0.3412190029698631,-0.004253406605560492,0.0014746630075211542,-0.0016999999999999914,2.9494428503653184e-06,0.0035293239280481353,-0.0016377128208435903,0.0016436117065443208,-0.0024053023788604046,-2.933522181896788,0.3832260606856692,0.36706948640483383,-0.0016692138811285435,-0.7727217364482788,-0.9139980712730926,-0.0008893717990196672,-0.001389371799019668,-0.002389371799019668,0.8195849205306712,0.06614761003594996,0.0001915526524561207,True,,,194,1.0,40,1.0
R4,exec,short,24,Q1|L2,quintile_x_liqtercile,22284,730,589,-0.000764139623802163,0.0016026912338068737,-0.4767853019243773,0.002008981987594083,-0.0027959372370969775,0.0016097019954615592,-1.7369284780536551,0.08282276738445188,-0.005956149155378345,0.0003642746811843892,0.0004528297303378493,-0.0015471819131341231,-2.6981748253707605,-0.002672929503444658,-0.0004214343228235882,-0.0036279650053123815,-6.30913176454698,0.5185550818936504,0.5003814224814898,-0.0023541617403482406,-1.0147769117786671,-0.9382311275407559,-0.0022959372370969762,-0.002795937237096977,-0.003795937237096978,0.9925959165357864,0.10879850268597928,-8.461731916821187e-06,True,,,194,1.0,40,1.0
R4,exec,short,24,Q1|L3,quintile_x_liqtercile,26830,730,624,0.000423405771242744,0.001709198761833797,0.24772178677948054,0.004194639072969131,-0.0023581049974961505,0.0017147753398007383,-1.3751684799538633,0.1695022499875881,-0.0057245998402011425,0.0010083898452088414,0.0020762196646630874,-0.00044275635220434857,-0.6101758374315494,-0.0018673123546223747,0.0009817996502136774,-0.003245450530107583,-4.448620224069225,0.5295937383525904,0.5123742079761461,-0.0022871319824603283,-0.9350658046336296,-0.9407263080343874,-0.0018581049974961507,-0.0023581049974961514,-0.0033581049974961514,0.9944092433842714,0.17496435237294938,-0.0008326922987256413,True,,,194,1.0,40,1.0
R4,exec,short,24,Q2|L1,quintile_x_liqtercile,24367,730,462,0.000628810323873476,0.0011223415729154744,0.5602664456597055,0.0,-0.0010403269928827789,0.0014539202776741658,-0.7155323499215435,0.47450958035946156,-0.0038947038916449556,0.0018140499058793978,-0.0016999999999999914,0.00016309720648620806,0.27667071244984226,-0.0009942217486012485,0.0013204161615736644,-0.0014930382777941019,-3.179890189733587,0.3808527227214904,0.3681726784028889,-0.0013180884998563432,-0.6313144564668675,-0.8600452339598017,-0.000540326992882778,-0.0010403269928827789,-0.002040326992882779,0.7713898805859905,0.058882617466123305,0.0001484790631982078,True,,,194,1.0,40,1.0
R4,exec,short,24,Q2|L2,quintile_x_liqtercile,22534,730,589,0.0011733187432265437,0.001622579641447318,0.7231193546715279,0.0012227554842691446,-0.0007276816017966529,0.0016361027007892976,-0.4447652347530511,0.6566216190198684,-0.003939724122178895,0.0024843609185855892,-0.00019125550158819414,0.000329652398854106,0.8348161780407847,-0.00044558571422491535,0.0011048905119331273,-0.0015943461286746195,-4.0436458390619325,0.5119375166415194,0.49267773142806426,-0.0011700487564950232,-0.5186516323648753,-0.8507127023968113,-0.000227681601796652,-0.0007276816017966523,-0.0017276816017966524,0.9892606727611609,0.09200524368156332,2.4458042795619498e-05,True,,,194,1.0,40,1.0
R4,exec,short,24,Q2|L3,quintile_x_liqtercile,17756,730,610,0.0015946718753739055,0.0016373701121585706,0.973922672419875,0.00284573786053971,-0.0006288860628480087,0.0016463492426767358,-0.38198824802538683,0.7025815577531851,-0.0038610448804611347,0.002603272754765117,0.0009541634207748066,0.0006457302319193201,1.4102343175223861,-0.000253207423816137,0.0015446678876547772,-0.0015835893983873535,-3.447970067500898,0.5259897505209213,0.5059413189164836,-0.0012875185234433762,-0.5651178006045546,-0.8696111521938353,-0.00012888606284800806,-0.0006288860628480084,-0.0016288860628480087,0.9927915751534606,0.10883376132759597,-0.0002647954041635952,True,,,194,1.0,40,1.0
R4,exec,short,24,Q3|L1,quintile_x_liqtercile,26043,730,462,-5.032464514233197e-05,0.001191438296409995,-0.04223856602055569,0.0,-0.0019135190919977875,0.0014527486901744898,-1.3171714453708814,0.1881955881148065,-0.004765595897456841,0.000938557713461266,-0.0017000000000000019,-0.0009071956072770307,-1.64153137090185,-0.0019921749858973574,0.00017778377134329603,-0.0023176977845104567,-5.304356249207158,0.3998003302230926,0.38532427139730446,-0.0016675334795891335,-0.8031693504752401,-0.8740929384531104,-0.0014135190919977866,-0.001913519091997787,-0.002913519091997787,0.8199516184771339,0.060817685233647376,0.00013095890933782517,True,,,194,1.0,40,1.0
R4,exec,short,24,Q3|L2,quintile_x_liqtercile,22181,730,589,0.0010574530349930875,0.0015535145869009857,0.6806843295256969,0.00143678160919547,-0.0009159506185012838,0.00156824070696084,-0.5840625195071892,0.5593591770987817,-0.0039947645771375145,0.0021628633401349464,-0.00014418514196812109,0.00013812090195159944,0.34591521251594315,-0.0006457769532300965,0.0009220187571332952,-0.0018493880124152802,-4.498710525613699,0.5131869618141652,0.49465758982913305,-0.0010958274469704305,-0.48643745205858385,-0.8402669848886734,-0.00041595061850128296,-0.0009159506185012837,-0.0019159506185012839,0.9919751138361661,0.08706403524721762,1.220529473253528e-05,True,,,194,1.0,40,1.0
R4,exec,short,24,Q3|L3,quintile_x_liqtercile,16429,730,606,0.0008208243324897548,0.0015396897469138453,0.5331102153112439,0.002148227712137407,-0.0013687892019938809,0.0015463771502124862,-0.8851587090547716,0.37636330053322214,-0.004404680015347958,0.0016671016113601962,0.0003422055820286891,0.0005544525647880641,1.2914707254780027,-0.0002883960214798031,0.0013973011510559313,-0.0016596212524338687,-3.8279160003394312,0.5194473187655975,0.5004565098301783,-0.001225185547963381,-0.5420212850608981,-0.8571248872645187,-0.0008687892019938803,-0.0013687892019938809,-0.0023687892019938804,0.9935479944001461,0.1000460631775121,-0.00019573269313239062,True,,,194,1.0,40,1.0
R4,exec,short,24,Q4|L1,quintile_x_liqtercile,26861,730,467,0.0004273857501533038,0.0011692710511364513,0.3655146937383887,0.0,-0.0012408330244801495,0.001587460832973458,-0.7816463869259418,0.4346765458410751,-0.004357380471344137,0.0018757144223838377,-0.0014179728904206088,-0.0008841865652329116,-1.3236503427131203,-0.002195602231401847,0.00042722910093602397,-0.0025031511078550824,-5.934845806437295,0.3706116674732884,0.3562041621681992,-0.00216277007413925,-1.0057655980140723,-0.9153611314052447,-0.0007408330244801489,-0.0012408330244801492,-0.002240833024480149,0.7354901157812442,0.05510834963969898,0.00011528477120874276,True,,,194,1.0,40,1.0
R4,exec,short,24,Q4|L2,quintile_x_liqtercile,21011,730,591,0.00030609608886636365,0.0014573065278382724,0.2100423507471815,0.0014424463890758688,-0.0016928645065236831,0.0014746066778393268,-1.148010877723787,0.25134116812478535,-0.004587853523884579,0.0012021245108372128,5.084214265931898e-05,-7.492603795564536e-05,-0.19310244749787212,-0.0008366800000386203,0.0006868279241273296,-0.002104910886895026,-5.282335674236133,0.5140164675646091,0.49426490885726526,-0.0013926602119197485,-0.6386023435743056,-0.8731827366317815,-0.001192864506523682,-0.0016928645065236827,-0.002692864506523683,0.987292370662986,0.08786965759568202,-1.3221991419207263e-05,True,,,194,1.0,40,1.0
R4,exec,short,24,Q4|L3,quintile_x_liqtercile,16787,730,614,0.0011852669142213702,0.0014686914030975563,0.8070224362460166,0.002873563218390718,-0.0009714372422439062,0.0014819516706933917,-0.6555120935822283,0.5123451920405986,-0.003880846154729832,0.0019379716702420196,0.00115443987540737,0.0009476998011987423,1.9654610191941988,1.078905741260048e-06,0.0018943206966562246,-0.0012559836580037652,-2.5857172374920143,0.530140576602335,0.5081605908982607,-0.0002213642967858659,-0.10080131538689989,-0.6767764685111318,-0.00047143724224390533,-0.000971437242243906,-0.001971437242243906,0.9907672146771503,0.1024961514585523,-0.0001636891468766918,True,,,194,1.0,40,1.0
R4,exec,short,24,Q5|L1,quintile_x_liqtercile,18704,730,467,-0.000420547123939331,0.001150489843050759,-0.36553745039953095,0.0,-0.00259379755496576,0.0014903587694600352,-1.7403846698640937,0.08221403236553806,-0.005519711518570105,0.00033211640863858556,-0.0016999999999999914,-0.001007860146361443,-0.9307775335156859,-0.0031336685150668052,0.0011179482223439192,-0.003505157967288752,-3.6206443443637877,0.3616873396065013,0.34778656971770744,-0.003651253864169086,-1.5230472927039904,-0.9805019871441625,-0.0020937975549657597,-0.00259379755496576,-0.00359379755496576,0.7730431993156544,0.054286336109145114,-3.9941879798055056e-05,True,,,194,1.0,40,1.0
R4,exec,short,24,Q5|L2,quintile_x_liqtercile,22022,730,590,0.0016095847059689997,0.0014639029943447868,1.0995159598600432,0.007496853796263303,-0.0007129792881890687,0.0014764319964918546,-0.48290696075618555,0.6293069821863927,-0.0036115518221118146,0.002185593245733677,0.005807507507507472,0.0009377512539297254,1.4639677502389075,-0.0003198005250753764,0.002195303032934827,-0.001397149186738751,-2.160013348877051,0.5613931523022432,0.5439106348197257,-0.000952311308677686,-0.4215542120974132,-0.8404497644244104,-0.00021297928818906777,-0.0007129792881890684,-0.0017129792881890686,0.9910544001453092,0.09498183679533073,-0.00035979524352806766,True,,,194,1.0,40,1.0
R4,exec,short,24,Q5|L3,quintile_x_liqtercile,24203,730,631,0.0025423534017507497,0.0015694671294465027,1.6198831782143475,0.009689518649718676,-0.0006324323145646976,0.0015828993744504047,-0.3995404412768077,0.6896122188051093,-0.0037400245786495486,0.0024751599495201533,0.007489946935832674,0.001651240715078,2.067966466654685,8.363575631148358e-05,0.0032188456738445163,-0.001485861696467998,-1.8526474869175178,0.5718299384373838,0.5552617444118497,-0.0009541656061424368,-0.41058462360346987,-0.8435900273731839,-0.00013243231456469678,-0.0006324323145646979,-0.0016324323145646977,0.9928934429616163,0.13267042761334688,-0.0011491078007573585,True,,,194,1.0,40,1.0
R4,exec,short,48,Q1,quintile_pooled,64337,730,718,0.00029578036813330367,0.0019776651536213283,0.14956038821420117,0.0,-0.002378438548222041,0.0020759165594335716,-1.145729358636175,0.25228414946354694,-0.006453945255713621,0.0016970681592695385,0.001413701108675185,-0.001191562973193772,-1.8667428202776624,-0.0024447106170839956,6.158467069645145e-05,-0.003766553932850019,-6.148324231912792,0.4982048771389938,0.4827870253803951,-0.002153865079463818,-0.48938098042035727,-0.7629598070199576,-0.0018784385482220425,-0.002378438548222042,-0.003378438548222042,0.9495189692420074,0.12629632298115748,-0.000651215526001351,True,-0.006419723891868047,0.0016348383652041503,194,1.0,40,1.0
R4,exec,short,48,Q2,quintile_pooled,64657,730,713,0.001508275605926636,0.0019261983403363893,0.7830323463279655,0.0,-0.0003474883158648096,0.0021203042473215057,-0.1638860631929486,0.8698663888679017,-0.004510138371625974,0.0038151617398963548,0.00042514968701097035,3.5090490559798476e-05,0.0722015263985872,-0.0009190510249062521,0.0009892320060258491,-0.001728047689398099,-3.7686127540827927,0.46862047633776677,0.45578410145375814,-0.0007079602695015912,-0.16361043909747486,-0.7177607434993492,0.00015251168413518996,-0.00034748831586481045,-0.0013474883158648106,0.9059078255490257,0.08414348540127478,-0.00012148988220432125,True,-0.004517622296924198,0.0038090304461440416,194,1.0,40,1.0
R4,exec,short,48,Q3,quintile_pooled,64652,730,704,0.0014515042243055307,0.001903934088384217,0.7623710469606418,0.0,-0.00047699613047803407,0.0020659228898421583,-0.23088767389303566,0.8174670272296328,-0.004532882941752122,0.0035788906807960536,0.00052932997711338,-3.06192469447e-05,-0.07095356631580947,-0.0008778271695047362,0.0008165886756153362,-0.0017960579777502148,-4.404421638380739,0.4774256415015545,0.4640001237374909,-0.0005932464294688911,-0.13820083971307914,-0.6970332831952073,2.300386952196588e-05,-0.00047699613047803483,-0.0014769961304780348,0.9208544073747544,0.07979056059736994,-8.889628544074551e-05,True,-0.004620634327996008,0.0035396732594532515,194,1.0,40,1.0
R4,exec,short,48,Q4,quintile_pooled,64658,730,714,0.0015759780980100031,0.0018652761020699702,0.8449033879011683,0.0,-0.00030494716083898755,0.002108546458239749,-0.14462434993894455,0.8850475538082571,-0.00444451394379219,0.003834619622114215,0.001583983757612548,0.00010202324058194514,0.2137568847520169,-0.0008349964873807969,0.0010390429685446872,-0.00202904651490347,-4.732592397795172,0.4636251159913393,0.45150015465511906,-0.0009349394460834312,-0.21879761450969817,-0.6858325323895946,0.0001950528391610118,-0.0003049471608389882,-0.001304947160838989,0.8829415403649861,0.07805753396382624,-8.85983934420528e-05,True,-0.004584987847517225,0.00394173983635525,194,1.0,40,1.0
R4,exec,short,48,Q5,quintile_pooled,64929,730,719,0.002587189593174948,0.0018834624288707235,1.3736348299372032,0.002723783583013506,-0.00018888538586977807,0.0020329345478747344,-0.09291267447210348,0.9259985344059519,-0.004180008414444456,0.0038022376427049,0.0069785015987636236,0.0011051769433439965,1.4971578689664489,-0.00034404182823743177,0.0025543957149254245,-0.0019917275482478824,-2.8723870144998878,0.515732569421984,0.5001001093502133,-0.0011779461001261687,-0.2743062704358847,-0.7370230487182057,0.000311114614130222,-0.00018888538586977802,-0.0011888853858697782,0.9263041168045095,0.0973075821284489,-0.0009922001182162891,True,-0.004123070850448676,0.0038707948017931383,194,1.0,40,1.0
R4,exec,short,48,Q1|L1,quintile_x_liqtercile,15226,729,459,-0.0008796312136154897,0.0018215953679707932,-0.4828905634489917,0.0,-0.00308804985042987,0.002225930840806222,-1.3873071857485888,0.16577382220523396,-0.007458079497340701,0.0012819797964809605,-0.0013999999999999829,-0.002250473159497304,-1.6211442526845663,-0.004975827030789667,0.0004748807117950591,-0.0037266067003632864,-2.7545560278401773,0.3749507421515828,0.3612898988572179,-0.0016572727195718047,-0.37008512076201106,-0.7601512019416686,-0.0025880498504298717,-0.0030880498504298718,-0.004088049850429871,0.816892158150532,0.06614761003594996,0.0002769260355362486,True,-0.007236638557882731,0.001074567558701491,194,1.0,40,1.0
R4,exec,short,48,Q1|L2,quintile_x_liqtercile,22283,730,589,-0.00139024285914546,0.0021931638946893215,-0.6338982975745178,0.0036798528058878954,-0.0034671045679923285,0.002210023075279694,-1.5688092159642006,0.11712752085269965,-0.007805893536211347,0.0008716844002266909,0.0022791249413008138,-0.002427438096872886,-3.2538157656610687,-0.003892058016983898,-0.0009628181767618743,-0.004600470116068412,-6.148617460021655,0.5237603769351582,0.5093111958716625,-0.0026678193503368638,-0.5731684197004502,-0.8089328844835706,-0.002967104567992328,-0.003467104567992328,-0.004467104567992328,0.9890060578864707,0.10879850268597928,-4.206394056262136e-05,True,-0.007611540307899573,0.0008095705129156869,194,1.0,40,1.0
R4,exec,short,48,Q1|L3,quintile_x_liqtercile,26828,730,624,0.002363264799218731,0.0022467224490122922,1.051872161716136,0.0087351895734597,-0.0011451937260449818,0.0022583117573938233,-0.5071016976710861,0.6122372423810117,-0.005578784600900249,0.0032883971488102846,0.006039369328859123,0.00043591473209917764,0.47038101690102385,-0.0013834572068006752,0.0022552866709990302,-0.0030946022926567527,-3.319346010294544,0.5469250838613492,0.529705553484905,-0.0014258727147370587,-0.30034770848408904,-0.7154452124941284,-0.0006451937260449833,-0.0011451937260449835,-0.002145193726044984,0.9919865821841223,0.17496435237294938,-0.0015894054822468617,True,-0.005598284647043121,0.003247524427742595,194,1.0,40,1.0
R4,exec,short,48,Q2|L1,quintile_x_liqtercile,24367,730,462,0.00012021897248928484,0.001609462162207502,0.07469512195576888,0.0,-0.0015835062777059081,0.0020885094841903997,-0.7581992275796374,0.4485774328532318,-0.0056837358234446056,0.0025167232680327898,-0.0013999999999999829,-0.0010966122245864825,-1.1830972377152391,-0.002916323033147766,0.000723098583974801,-0.0022847735582778492,-2.8993456045600494,0.3787598998727892,0.369732036603882,-0.0016310384855928385,-0.3838308947584667,-0.7607685210493542,-0.001083506277705909,-0.0015835062777059094,-0.0025835062777059097,0.7693380934794206,0.058882617466123305,0.00018853700128012698,True,-0.0057027705468016,0.002382052000965692,194,1.0,40,1.0
R4,exec,short,48,Q2|L2,quintile_x_liqtercile,22534,730,589,0.0022386144675623754,0.002217504705149207,1.0095196020843382,0.002564948161480729,0.00038208341424325387,0.0022416406203163465,0.1704481132168872,0.8647051599575845,-0.004018778143688357,0.004782944972174864,0.0015247149231530938,0.0005401632241626888,0.9507618222479708,-0.0005752171811180692,0.0016555436294434468,-0.0014030755457589033,-2.4489526420037464,0.5181503505813437,0.5040827194461702,-0.00021485081133327478,-0.04743759720252668,-0.7221909826003409,0.0008820834142432537,0.0003820834142432533,-0.000617916585756747,0.9867311617999468,0.09200524368156332,-8.838882392628721e-06,True,-0.003917686489579187,0.004869413943428402,194,1.0,40,1.0
R4,exec,short,48,Q2|L3,quintile_x_liqtercile,17756,730,610,0.002486272907056855,0.0022721319378415984,1.0942467141316974,0.004312600493883212,4.762522038144674e-05,0.0022864468699451473,0.020829357990981564,0.9833874938502102,-0.004441201419802576,0.004536451860565469,0.0024801447628905893,0.0009471704117673847,1.4312814054444398,-0.000352020057108297,0.0022463608806430665,-0.0015454794210977359,-2.3242071094864616,0.5290871205721687,0.5125865855718872,-0.0004901012907905507,-0.10667561347149329,-0.7071450813039146,0.000547625220381446,4.7625220381445574e-05,-0.0009523747796185549,0.9907642056653714,0.10883376132759597,-0.0005942448979707863,True,-0.004389333890243769,0.004710590025918137,194,1.0,40,1.0
R4,exec,short,48,Q3|L1,quintile_x_liqtercile,26042,730,462,0.0009376046384479443,0.0016572393759410953,0.5657629501564959,0.0,-0.00065213385885422,0.0020258709962995163,-0.32190295435662813,0.747618750510742,-0.004629389493918935,0.003325121776210495,-0.0013500000000000716,-0.0009443234795063605,-1.2075169584270593,-0.0024796377317234603,0.0005909907727107395,-0.002013006664073031,-3.3386141416686606,0.40863187804784395,0.3982644088622663,-0.0008289437443465608,-0.20068385219321364,-0.6930300969260546,-0.00015213385885422026,-0.0006521338588542209,-0.0016521338588542202,0.818607687286411,0.060817685233647376,0.00016457370561470238,True,-0.004718492470715494,0.0033522798534346985,194,1.0,40,1.0
R4,exec,short,48,Q3|L2,quintile_x_liqtercile,22181,730,589,0.0018948039752636108,0.002155935364195709,0.8788779138425072,0.003045685279187693,-0.00010703433511818442,0.002179328242414408,-0.0491134529599839,0.9608423718683703,-0.004385562212081233,0.004171493541844863,0.0016969477121376326,0.00019230840364791317,0.3431844479527671,-0.0009078124475641855,0.0012924292548600119,-0.0018793288705796721,-3.2411231615595506,0.5209413461971958,0.5071457553762229,-0.0003408484225294438,-0.07545328965112623,-0.6859696481604998,0.00039296566488181486,-0.00010703433511818498,-0.0011070343351181847,0.9895405978089356,0.08706403524721762,-6.397315276322593e-05,True,-0.004450961744625431,0.004107809695106707,194,1.0,40,1.0
R4,exec,short,48,Q3|L3,quintile_x_liqtercile,16429,730,606,0.0016675941408495745,0.0021963315581045744,0.7592633883969239,0.004051416154100984,-0.0007466377714358304,0.0022142736184332704,-0.337193093581687,0.736068667505916,-0.0050937715438109515,0.0036004960009392902,0.0022003497332394387,0.0011167377076219795,1.730999474570149,-0.00014981706805852215,0.002383292483302481,-0.0013993993921570347,-2.1415285260432784,0.5277253636861647,0.5099519142978879,-0.0005585404198298263,-0.12218646853138015,-0.7230609634163403,-0.0002466377714358308,-0.0007466377714358309,-0.0017466377714358313,0.9902002556455048,0.1000460631775121,-0.0004546919934841417,True,-0.005100857212470434,0.0036623695496563785,194,1.0,40,1.0
R4,exec,short,48,Q4|L1,quintile_x_liqtercile,26860,730,467,0.0014834421071565087,0.001675391551731662,0.8854300987869034,0.0,0.0002418258068617647,0.0022745551256397748,0.10631784832814074,0.9153595003488219,-0.0042236545752753814,0.004707306188998912,-0.00077132394819549,-0.0004959258002149814,-0.5620572425039982,-0.0022281571195359347,0.0012363055191059716,-0.0024742640365193296,-3.687213605045442,0.3722869587878337,0.36309147090577415,-0.0025263407742702514,-0.5395022533075247,-0.7885832264976085,0.0007418258068617645,0.00024182580686176442,-0.0007581741931382356,0.7352667436059714,0.05510834963969898,0.00015658411797467574,True,-0.0043918321654202504,0.004721500168124455,194,1.0,40,1.0
R4,exec,short,48,Q4|L2,quintile_x_liqtercile,21011,730,591,0.0010792600217217302,0.0021508883335649787,0.5017740832379318,0.003759398496240629,-0.0010376473805471047,0.0021755096985325573,-0.47696748088368773,0.6335286171242213,-0.0053086785683332145,0.0032333838072390055,0.002612808460634457,-0.00026302921839221926,-0.4390908713148303,-0.0014390617036983667,0.000913003266913928,-0.0024821855854811987,-4.055649907728222,0.5261529674932178,0.5125886440435962,-0.001308730741312079,-0.28940317492792195,-0.707110039491676,-0.0005376473805471044,-0.001037647380547105,-0.002037647380547105,0.9862928941982771,0.08786965759568202,-8.235109588380393e-05,True,-0.005300163867473767,0.00336358850095559,194,1.0,40,1.0
R4,exec,short,48,Q4|L3,quintile_x_liqtercile,16787,730,614,0.002345744001102739,0.002135835416536079,1.0982793818950207,0.004948769777653905,-4.106195045676435e-05,0.002157031024969718,-0.019036328166555143,0.9848173481207974,-0.004275815207076196,0.004193691306162667,0.003331149498787324,0.0015156783577149398,2.145815069256347,0.00012897205115460593,0.0029023846642752737,-0.0009347787763528575,-1.3049124033741013,0.5315106028115321,0.5164998808672862,0.0007658386149992812,0.1714385766140811,-0.6143869521763242,0.00045893804954323496,-4.106195045676563e-05,-0.0010410619504567654,0.9898737193233262,0.1024961514585523,-0.00038778104765916575,True,-0.004275466785662631,0.004189617588383594,194,1.0,40,1.0
R4,exec,short,48,Q5|L1,quintile_x_liqtercile,18704,730,467,-0.00027421370102516786,0.001648735228893503,-0.16631760892814657,0.0,-0.0022114326168307585,0.0021373161344910383,-1.034677360612996,0.3011636583850765,-0.006407480961146179,0.0019846157274846623,-0.0013500000000000716,-0.0012899387678449489,-0.9023466546711562,-0.0040964411475009595,0.001516563611811062,-0.004201311533168892,-3.2308985013388085,0.3703485885372113,0.3592814371257485,-0.004126794644273719,-0.8295582587762627,-0.8808656022143541,-0.0017114326168307596,-0.00221143261683076,-0.00321143261683076,0.7701026518391788,0.054286336109145114,9.55542627046942e-06,True,-0.006362354744378645,0.0020313362634073427,194,1.0,40,1.0
R4,exec,short,48,Q5|L2,quintile_x_liqtercile,22022,730,590,0.0032046735147369648,0.0021993894957014425,1.45707412034125,0.011591419508552858,0.0008161938009618539,0.0022258016754752225,0.36669655250735284,0.7139520777566563,-0.003553572226830913,0.005185959828754621,0.010150761257718468,0.001510175890103005,1.6385204889459366,-0.0002992691158168017,0.003319620896022812,-0.000972501993634013,-1.032415418791441,0.5749250749250749,0.5581691036236491,-9.381564220676655e-05,-0.020081520086825858,-0.7346616851820953,0.0013161938009618522,0.0008161938009618524,-0.00018380619903814817,0.9885114885114885,0.09498183679533073,-0.0005378711640406155,True,-0.003746530984731551,0.005123245634625637,194,1.0,40,1.0
R4,exec,short,48,Q5|L3,quintile_x_liqtercile,24203,730,631,0.00423663207113554,0.0022985087507998328,1.8432090239644643,0.014081673707503461,0.00011369696349504708,0.002330516466168019,0.048786166133378474,0.9611031062014961,-0.004461648537086605,0.004689042464076698,0.011854113345520974,0.0025876112472133996,2.3317250505671545,0.0004089413951335391,0.00476628109929326,-0.001589603038614871,-1.4050615684895122,0.5742263355782341,0.5560880882535223,-0.0010420721287393055,-0.21894914814759017,-0.7411265170659925,0.0006136969634950464,0.00011369696349504604,-0.0008863030365049536,0.9904144114365988,0.13267042761334688,-0.0020067416002669965,True,-0.004376133737146271,0.00471595145228001,194,1.0,40,1.0
R4,exec,short,72,Q1,quintile_pooled,64335,730,718,0.0007009515791229496,0.0023516729153212324,0.2980650814814531,0.0020187746038153875,-0.002361755054713885,0.002478569103955917,-0.9528703682073696,0.3409728879011785,-0.00722777347165692,0.0025042633622291495,0.0046367013826560406,-0.001586549596821659,-2.0919824597015957,-0.0030754489674179866,-9.765022622533156e-05,-0.004482778151028297,-6.191810722641655,0.5093641690368506,0.49441258295643525,-0.0023170072261685763,-0.352967399959852,-0.6687358843593447,-0.0018617550547138846,-0.002361755054713886,-0.0033617550547138855,0.9468146283085436,0.12629632298115748,-0.0009804288927920816,True,,,194,1.0,40,1.0
R4,exec,short,72,Q2,quintile_pooled,64656,730,713,0.0017928497227423551,0.002306478761097301,0.7773103108434486,0.0,-0.00020443819585225543,0.002544488674818422,-0.08034549254452641,0.93598461960779,-0.005199872349214329,0.004790995957509817,0.0030259563998817473,-0.0004838670194304232,-0.7780798637977646,-0.0017047430782289375,0.0007370090393680911,-0.0019244665315532538,-3.2048103293499617,0.4797865759356635,0.4677853386947108,-0.00044518081540766076,-0.06893932455688581,-0.7057460517674969,0.0002955618041477425,-0.00020443819585225722,-0.0012044381958522578,0.9036653263223012,0.08414348540127478,-0.00026286233745786443,True,,,194,1.0,40,1.0
R4,exec,short,72,Q3,quintile_pooled,64651,730,704,0.003014410298202003,0.0022894679167092063,1.316642297628176,0.0,0.0011099660372552063,0.0024844388979901873,0.44676729146091093,0.6551763286457826,-0.0037675761761512125,0.005987508250661625,0.003856610191029455,0.0007395273267631307,1.400798980690235,-0.00029692216189138574,0.001775976815417647,-0.0014249759912254004,-2.8211873186940104,0.4916090513974603,0.4808748240607551,7.80555910665838e-05,0.012176765313827697,-0.6904934952324925,0.0016099660372552037,0.0011099660372552026,0.0001099660372552029,0.919957310565635,0.07979056059736994,-0.00019799522697468532,True,,,194,1.0,40,1.0
R4,exec,short,72,Q4,quintile_pooled,64657,730,714,0.003316168660310618,0.0022183030491468897,1.4949123662729233,0.0,0.001562101929389847,0.0025107814928108855,0.6221576564358984,0.5340335443585245,-0.0033671570391972114,0.006491360897976905,0.004908093958646701,0.0010387212314166715,1.7836232346701837,-0.00010459302704170703,0.00218203548987505,-0.001294849142689623,-2.3992224848345707,0.47667800804206617,0.4654809774203526,0.00025141349668471807,0.03972484041880526,-0.6603008470169378,0.0020621019293898457,0.0015621019293898444,0.000562101929389844,0.880745437673987,0.07805753396382624,-0.00018018888795238481,True,,,194,1.0,40,1.0
R4,exec,short,72,Q5,quintile_pooled,64929,730,719,0.0026103074010153516,0.002261762440959672,1.1541032575940164,0.004521098459477568,-0.00046893413816131903,0.0024466043631649345,-0.19166733503029662,0.8480563871432426,-0.005272198195287038,0.0043343299189644,0.01059441297818548,0.0003334506406306462,0.36861975415642784,-0.0014424664353316842,0.002109367716592977,-0.002851559652995096,-3.232853637259748,0.5198601549384713,0.5059064516625853,-0.0012757541949481388,-0.2010292531051801,-0.67135424259422,3.106586183868114e-05,-0.0004689341381613201,-0.0014689341381613208,0.9237474780144466,0.0973075821284489,-0.0013105420564206998,True,,,194,1.0,40,1.0
R4,exec,short,72,Q1|L1,quintile_x_liqtercile,15226,729,459,-0.0020283175497776275,0.002237953452927537,-0.9063269600734196,0.0,-0.0045668568540149735,0.002748093601898152,-1.66182725757979,0.09697970285126922,-0.009962028147289196,0.000828314439259248,-0.0010999999999999743,-0.00514489099011373,-2.8625090959597426,-0.008673471461229949,-0.001616310518997511,-0.006698711844885724,-3.74603359308683,0.38565611454091686,0.3741626165769079,-0.0036419865231035603,-0.5189127060846859,-0.75047329621919,-0.004066856854014975,-0.004566856854014977,-0.005566856854014977,0.8143964271640615,0.06614761003594996,0.0003433294806451444,True,,,194,1.0,40,1.0
R4,exec,short,72,Q1|L2,quintile_x_liqtercile,22283,730,589,-0.0010578770895115705,0.002693743350455382,-0.3927163622817796,0.007062834875791513,-0.0032607361371135403,0.002728783044062059,-1.1949415121913165,0.23250009013237025,-0.00861798380354133,0.0020965115293142492,0.005831839957898601,-0.0026040518833086055,-2.7387148471746987,-0.0044707433786067875,-0.0007373603880104233,-0.0049323336604111,-5.130420937006593,0.5350684316805026,0.5216962082118016,-0.0024532514188243732,-0.34729379488273265,-0.6981303666319596,-0.0027607361371135408,-0.003260736137113541,-0.004260736137113542,0.9858649315683194,0.10879850268597928,-0.0001308293459262756,True,,,194,1.0,40,1.0
R4,exec,short,72,Q1|L3,quintile_x_liqtercile,26826,730,624,0.0037110101409593473,0.0026267789629843743,1.412760720735764,0.012984548550384833,-0.0005876402801177653,0.0026521030574743047,-0.22157520555682958,0.8247068934303972,-0.00579434696451224,0.004619066404276709,0.009934012415196676,0.0012782945657092313,1.1589914259065244,-0.0008870172794560303,0.003443606410874493,-0.0030755710557194903,-2.7409027783833353,0.5582184122251211,0.5399925456578457,-0.000516658862440816,-0.07367010315931656,-0.663177058883454,-8.764028011776559e-05,-0.0005876402801177671,-0.0015876402801177664,0.9895266492732017,0.17496435237294938,-0.0023017707842103406,True,,,194,1.0,40,1.0
R4,exec,short,72,Q2|L1,quintile_x_liqtercile,24367,730,462,0.0007512291408355913,0.0019295277506654247,0.38933316226030923,0.0,-0.0008591795950206108,0.002510848216856345,-0.3421869905367393,0.7323092097194227,-0.005788569558718332,0.004070210368677111,-0.00037173285399871685,-0.002450957547102867,-2.146357285481031,-0.004692791819266389,-0.00020912327493934502,-0.002440940605710368,-2.4325292429614,0.3900857647010546,0.38191965201690675,-0.001205960944249314,-0.18914253962444486,-0.7090233336529684,-0.00035917959502061204,-0.0008591795950206129,-0.0018591795950206123,0.7672452706307193,0.058882617466123305,0.00018024119912283938,True,,,194,1.0,40,1.0
R4,exec,short,72,Q2|L2,quintile_x_liqtercile,22533,730,589,0.002464898086909425,0.002630178831090651,0.9371598834925269,0.0054662379421221985,0.0005095448598104618,0.0026645474777888594,0.19123129313998977,0.8483978542672254,-0.004721593170210873,0.005740682889831797,0.004573045324439558,0.0002986464188692528,0.4150636775771326,-0.0011139311768530488,0.0017112240145915542,-0.0017502762131679278,-2.3917537906073454,0.5302653767640011,0.5179728410402059,-0.0002958931780827812,-0.04329558683233033,-0.7157439401368169,0.0010095448598104605,0.0005095448598104595,-0.0004904551401895411,0.9841128960681637,0.09200524368156332,-8.66131538600351e-05,True,,,194,1.0,40,1.0
R4,exec,short,72,Q2|L3,quintile_x_liqtercile,17756,730,610,0.0023694380832709402,0.002805212794852116,0.8446553814452608,0.006805773597145626,-0.0004090055081565046,0.002827893433317782,-0.14463257467119092,0.8850411172271053,-0.005960830351657554,0.005142819335344545,0.004840169104440172,0.0012225826078836018,1.211966953452319,-0.0007578367709356682,0.0032030019867028718,-0.001594474433586485,-1.5714357194528734,0.5388297572788197,0.5219350115447429,3.3212072353828746e-05,0.00483712664664788,-0.6970897210713369,9.099449184349505e-05,-0.0004090055081565052,-0.0014090055081565059,0.9887931519963958,0.10883376132759597,-0.0009573155051828264,True,,,194,1.0,40,1.0
R4,exec,short,72,Q3|L1,quintile_x_liqtercile,26041,730,462,0.0018632586686358234,0.002033149959102908,0.9164393704918617,0.0,0.00048468376199440184,0.002487285447452289,0.1948645510272496,0.845553504289762,-0.0043984469024603325,0.005367814426449137,0.0008040214794858714,-0.00020277561683006162,-0.21564376618444692,-0.0020488472765272615,0.001643296042867138,-0.0020382316336662668,-2.7292576467865683,0.4206888607303306,0.4128172637560957,-0.0003723533227372124,-0.05974767426144337,-0.681676047290955,0.0009846837619944015,0.0004846837619944,-0.0005153162380055996,0.8172637560956879,0.060817685233647376,0.0001580582019357153,True,,,194,1.0,40,1.0
R4,exec,short,72,Q3|L2,quintile_x_liqtercile,22181,730,589,0.004185195091452801,0.0025582499555007764,1.6359601931991632,0.0062272963155163286,0.0021024488967815577,0.0025849064916743042,0.8133558809780204,0.41628070562165315,-0.0029723350075636333,0.007177232801126749,0.005108844771573572,0.001037167962267191,1.5705465878271163,-0.0002593185458600034,0.002333654470394385,-0.001168772809551972,-1.7086981895014306,0.5352328569496416,0.5241873675668365,0.0008851202429847159,0.13316005715785809,-0.6799304143453788,0.0026024488967815573,0.0021024488967815564,0.0011024488967815564,0.9890897615075966,0.08706403524721762,-0.0001665092556634335,True,,,194,1.0,40,1.0
R4,exec,short,72,Q3|L3,quintile_x_liqtercile,16429,730,606,0.0032583668437274125,0.002658485040938231,1.2256479888175227,0.007670182166826578,0.000589167913078165,0.002681640225049061,0.2197043091667474,0.8261632068151307,-0.004675527229727132,0.005853863055883462,0.005808097671409345,0.0018312884819152836,2.108267221795117,0.00012598829611711352,0.0035365886677134538,-0.0009677818053762414,-1.102902000763512,0.5451336052102989,0.5302818187351634,-0.00020484512854766597,-0.029792806087448387,-0.7077346204439763,0.0010891679130781656,0.0005891679130781656,-0.00041083208692183494,0.9894089719398624,0.1000460631775121,-0.000706700973239005,True,,,194,1.0,40,1.0
R4,exec,short,72,Q4|L1,quintile_x_liqtercile,26859,730,467,0.0025207565192298153,0.0019450528875613743,1.2959835361547594,0.0,0.001646595823526551,0.002641977112024579,0.623243788158613,0.5333200684058425,-0.003540231230734278,0.00683342287778738,0.00300487747481914,0.0005152187383586851,0.48374481089981536,-0.0015757380728391767,0.0026061755495565466,-0.0016446366884211516,-2.035521993068557,0.3862849484382562,0.3790625814377722,-0.0011534474706343936,-0.18130250320271935,-0.6598039390825119,0.002146595823526551,0.00164659582352655,0.0006465958235265499,0.7340009679460928,0.05510834963969898,0.000194240517346306,True,,,194,1.0,40,1.0
R4,exec,short,72,Q4|L2,quintile_x_liqtercile,21011,730,591,0.002880621694349457,0.0026077518098887196,1.1046379810478903,0.005948446794448059,0.0007009551731388797,0.0026468842889709556,0.26482274879171014,0.7912211785079516,-0.004495505832161747,0.005897416178439506,0.005199636620953437,0.0005475039359727697,0.7409592960342555,-0.0009031460118948435,0.0019981538838403827,-0.0018100918542364678,-2.370803670776533,0.5348626909713959,0.5213935557565085,-0.00035116953603975357,-0.05125073895259364,-0.6734776113998164,0.0012009551731388794,0.0007009551731388797,-0.0002990448268611211,0.9833896530388844,0.08786965759568202,-0.0001850162980350452,True,,,194,1.0,40,1.0
R4,exec,short,72,Q4|L3,quintile_x_liqtercile,16787,730,614,0.0051339593316097895,0.0025384806976716987,2.0224535629987934,0.008726708576415332,0.002535374872109106,0.002564464602628374,0.9886566067281827,0.3231605589670051,-0.002499276760589577,0.007570026504807788,0.007155807365374434,0.0024911379857870957,2.856808153540099,0.0007792062636113528,0.004203069707962839,-0.00023616741923616812,-0.2684922013145936,0.5484870145341911,0.5337741243745533,0.0017625052420247765,0.2665310943653676,-0.6343641927077117,0.0030353748721091054,0.0025353748721091045,0.0015353748721091047,0.9870741005480105,0.1024961514585523,-0.0006196618351336688,True,,,194,1.0,40,1.0
R4,exec,short,72,Q5|L1,quintile_x_liqtercile,18704,730,467,-3.394418607163566e-05,0.0018586890788752466,-0.018262433699872165,0.0,-0.001899079745247234,0.0024117023409081424,-0.7874436712335416,0.4312791861550554,-0.006633822863086232,0.0028356633725917634,-0.0010500000000001047,-0.00158172793784671,-0.9763233630114767,-0.004762319011709001,0.0015988631360155812,-0.003451461239890083,-2.485153535872744,0.3743049615055603,0.36414670658682635,-0.001946636506501279,-0.31072630023995257,-0.6799178453329303,-0.0013990797452472343,-0.0018990797452472347,-0.002899079745247235,0.768445252352438,0.054286336109145114,3.547551728934546e-05,True,,,194,1.0,40,1.0
R4,exec,short,72,Q5|L2,quintile_x_liqtercile,22022,730,590,0.002020822522307855,0.002612783455923029,0.773436664920228,0.014325858217496712,-0.00041500733162658454,0.0026517257092785497,-0.15650462269700394,0.8756787853464377,-0.005620973192104868,0.004790958528851698,0.013040955280472251,-0.000259053156193828,-0.21672298161732198,-0.0026057319732698016,0.002087625660882146,-0.0027895328494422214,-2.2874907297977933,0.573335755153937,0.5587140132594678,-0.0008364007572883869,-0.1236302622444562,-0.7115828651365481,8.499266837341551e-05,-0.00041500733162658487,-0.0014150073316265858,0.9853782581055308,0.09498183679533073,-0.0006204374023041585,True,,,194,1.0,40,1.0
R4,exec,short,72,Q5|L3,quintile_x_liqtercile,24203,730,631,0.005190141210203118,0.0028527515867602443,1.8193456571160314,0.019525000388325386,0.0003419954208782988,0.0029034244104432848,0.11779036493878761,0.906266343907367,-0.005358114626838278,0.0060421054685948754,0.017290313642883123,0.0023526060653924125,1.6469868901671432,-0.00045172189591667763,0.005156934026701502,-0.0025471712877432958,-1.7313965069565174,0.5836879725653844,0.5674089988844359,-0.001407055263602698,-0.19209557008277542,-0.7079026981341265,0.0008419954208782999,0.00034199542087829835,-0.0006580045791217016,0.9876874767590794,0.13267042761334688,-0.00274629112905251,True,,,194,1.0,40,1.0
R4,full,long,24,Q1,quintile_pooled,69108,730,750,-2.303370976966199e-05,0.001445485547322873,-0.015934929140123066,0.0,-0.0016661389063950705,0.001511940440688364,-1.1019871296229777,0.2708314508902902,-0.004634422609755277,0.0013021447969651355,-0.0036492241960873733,0.0007392513922569351,1.6297853296095413,-0.00015124359489551167,0.0016297463794093818,-0.0007535145265268762,-1.656233203364406,0.4379024439653301,0.4212910040660406,-0.001500067919040252,-0.6773355920773781,-0.8854219455876849,-0.0011661389063950729,-0.001666138906395073,-0.0026661389063950733,0.9541304316369793,0.12523383072777952,-0.0003436745937912354,True,,,194,1.0,40,1.0
R4,full,long,24,Q2,quintile_pooled,69329,730,746,-0.0010705926215585288,0.0013814577105784288,-0.7749731413133609,0.0,-0.003181574027659297,0.0015118663845377451,-2.1044015927585207,0.03568569910451017,-0.006149712341916136,-0.0002134357134024583,-0.003394835397161051,-0.0003068254816288981,-0.9438662845928654,-0.0009450164938056835,0.0003313655305478874,-0.002386910846388162,-7.983378352708393,0.42874244587714366,0.4109731296785081,-0.00279811568851183,-1.3070893596346902,-0.9603888694841098,-0.0026815740276593006,-0.003181574027659301,-0.0041815740276593015,0.9118745763200785,0.08345674119623045,-1.974593201841366e-05,True,,,194,1.0,40,1.0
R4,full,long,24,Q3,quintile_pooled,69409,730,742,-0.0006730148406929062,0.0013506184954487684,-0.49830121752426054,0.0,-0.0027391395907591038,0.0014583646763943032,-1.8782267803766477,0.06074960527687848,-0.00560224185722572,0.00012396267570751298,-0.002973854447439502,8.934999702038523e-05,0.304155642809998,-0.0004873744966512801,0.0006660744906920506,-0.002108836289857391,-7.753607427442438,0.4422481234422049,0.42167442262530797,-0.0027390576694162976,-1.2963491603059614,-0.9505514402296537,-0.002239139590759106,-0.0027391395907591064,-0.0037391395907591064,0.9255139823365846,0.07904889158806835,2.8071655847675377e-06,True,,,194,1.0,40,1.0
R4,full,long,24,Q4,quintile_pooled,69332,730,746,-0.0006719219009421513,0.0012688647937578199,-0.529545704355319,0.0,-0.0027752945160841066,0.0014291650480820078,-1.941899236766708,0.0525347164704416,-0.005581071256669491,3.0482224501278323e-05,-0.00380222464928367,9.234196715989208e-05,0.27376064971204755,-0.0005698712297215137,0.000754555164041298,-0.002086037756825105,-7.8419673701604555,0.4152568041192506,0.39532401598084604,-0.0027277205937748105,-1.3180381623622086,-0.9417244013781111,-0.0022752945160841092,-0.0027752945160841092,-0.0037752945160841084,0.8867494555262285,0.07721263381331459,-4.910263983997191e-06,True,,,194,1.0,40,1.0
R4,full,long,24,Q5,quintile_pooled,69686,730,751,-0.001372972836711985,0.0012551713567154562,-1.0938529065105442,-0.0011752266368424968,-0.0027999168710717446,0.0013441489456316146,-2.0830406333846176,0.03759594309397179,-0.005438787624730944,-0.0001610461174125456,-0.007307803468208028,-0.0006087338720913799,-1.152768033047639,-0.0016454390687315346,0.00042797132454877476,-0.001961174563278701,-4.155705169907775,0.3935510719513245,0.37753637746462704,-0.002359490475617103,-1.1649491976056512,-0.9038438153168721,-0.0022999168710717485,-0.002799916871071749,-0.0037999168710717494,0.9337743592687197,0.09643341785242322,-0.0006400345842233904,True,,,194,1.0,40,1.0
R4,full,long,24,Q1|L1,quintile_x_liqtercile,16012,730,474,-0.0005461744176607486,0.0011966811549973958,-0.45640763655372946,0.0,-0.00270442524825655,0.0014547078976395198,-1.8590847362861527,0.06341842005788256,-0.005560348424533823,0.00015149792802072277,-0.0023000000000000086,-0.00013495590100007319,-0.1620029048390971,-0.0017704116933071384,0.0015004998913069922,-0.0017527305935993345,-2.139617430489903,0.3425555833125156,0.32406944791406445,-0.002479042195294287,-1.1567816681234828,-0.9458838774199935,-0.002204425248256551,-0.0027044252482565515,-0.003704425248256551,0.8226330252310767,0.06553157121411075,0.00019135249468569155,True,,,194,1.0,40,1.0
R4,full,long,24,Q1|L2,quintile_x_liqtercile,23400,730,609,0.0008144199486356191,0.001591298320861095,0.5117958951875938,-0.0018085957773444905,-0.0011590635094111306,0.001598088951186103,-0.7252809729714185,0.46851274047593255,-0.004296476374805505,0.0019783493559832437,-0.004203381998001908,0.001595772115308975,2.850852207353577,0.0004968525627634089,0.0026946916678545407,-0.000330665752177928,-0.5896837998295261,0.4725011751634546,0.452886628776548,-0.0015493102552761725,-0.6773806795954116,-0.9209848981961866,-0.0006590635094111318,-0.0011590635094111319,-0.0021590635094111323,0.992820819623093,0.1074322523146167,-3.8385008393266845e-06,True,,,194,1.0,40,1.0
R4,full,long,24,Q1|L3,quintile_x_liqtercile,29696,730,645,-0.0004008585545949415,0.0016865490485267524,-0.23767974903848935,-0.00411617432257011,-0.0016019611791359297,0.0016917942720694025,-0.9469006992064176,0.3440035708994127,-0.0049233389477836365,0.0017194165895117774,-0.005998098154462407,0.0005356961073772705,0.7532446872181664,-0.0008605183977617842,0.0019319106125163252,-0.0006405048271624387,-0.8968551672401295,0.46204876077586204,0.4488146551724138,-0.0013727740373322133,-0.5664407456075226,-0.8830020522296711,-0.0011019611791359314,-0.001601961179135932,-0.0026019611791359316,0.9945447198275862,0.17145309648004542,-0.0008496266746800341,True,,,194,1.0,40,1.0
R4,full,long,24,Q2|L1,quintile_x_liqtercile,25261,730,474,-0.0005227424173182674,0.0011109152870516072,-0.4705511062914949,0.0,-0.00282095349184605,0.0014357727310505785,-1.9647632461872375,0.049821575370239395,-0.005639702620195367,-2.204363496733589e-06,-0.0023000000000000086,-9.316809009629402e-05,-0.15878511610056012,-0.001245100862112281,0.001058764681919693,-0.0024128482397080954,-5.231289888153889,0.35755848474052965,0.34255630764358946,-0.00267888666315506,-1.2856837931228946,-0.9516698231957271,-0.002320953491846051,-0.0028209534918460515,-0.0038209534918460515,0.7732256659937458,0.05869814326217479,0.00014808365772498754,True,,,194,1.0,40,1.0
R4,full,long,24,Q2|L2,quintile_x_liqtercile,23745,730,603,-0.0013013874907010772,0.0015911685144567467,-0.8178816252817785,-0.0012004801920769692,-0.003403302699131029,0.0016037217414117619,-2.122127929833445,0.03416407078224798,-0.006551774015626597,-0.00025483138263546114,-0.0037368255065190125,-0.00038582536307126567,-1.025734582909172,-0.001124282866274068,0.00035263214013153677,-0.0024679282902505735,-6.578328428852953,0.47254274404110164,0.4515286785142761,-0.0028454364119902776,-1.276728030047434,-0.9638861825673318,-0.00290330269913103,-0.0034033026991310313,-0.00440330269913103,0.9896824728375305,0.09087667991804733,2.9731882898597894e-05,True,,,194,1.0,40,1.0
R4,full,long,24,Q2|L3,quintile_x_liqtercile,20323,730,637,-0.0014819009835879253,0.001634757526422619,-0.9064958928990567,-0.0025723472668810476,-0.0032724115848490934,0.001642588186472477,-1.9922288567512023,0.04671900905765342,-0.006497186591871479,-4.7636577826707695e-05,-0.004701676451612858,-0.000480094545382088,-1.1069664895178521,-0.0013315501919313748,0.00037136110116719876,-0.002267498800424016,-5.217475698594087,0.46604999015941745,0.4486321590238142,-0.0027696439716804184,-1.231608691615678,-0.9638896313524572,-0.0027724115848490943,-0.0032724115848490943,-0.004272411584849095,0.9933084038575084,0.10556275353237413,-0.0002397360912423233,True,,,194,1.0,40,1.0
R4,full,long,24,Q3|L1,quintile_x_liqtercile,26951,730,477,-5.586957402450851e-05,0.0011829538858594802,-0.04722886892916898,0.0,-0.0022182059988006203,0.0014432019542221263,-1.537003184004289,0.1247270198395591,-0.005051540385586898,0.0006151283879856566,-0.0023000000000000086,0.0008207665728365512,1.471205556204264,-0.00027449042447283444,0.0019160235701459367,-0.0017443842607418282,-4.009404848341166,0.3921561352083411,0.3744573485213907,-0.002352572193690522,-1.1454620259681412,-0.9414514279294053,-0.0017182059988006214,-0.0022182059988006225,-0.003218205998800622,0.819375904419131,0.060400558738985144,0.00013233067517999893,True,,,194,1.0,40,1.0
R4,full,long,24,Q3|L2,quintile_x_liqtercile,23371,730,605,-0.0011209318740358798,0.0015356130266423473,-0.7299572578430276,-0.001408603315635415,-0.0031500181128729706,0.0015494513759509595,-2.032989328845302,0.04241593570961725,-0.006191944332063409,-0.00010809189368253232,-0.003818667805413232,-0.00013185256129132848,-0.3442670218449337,-0.0008837574008072678,0.0006200522782246109,-0.002143652459233158,-5.44679026078507,0.4740062470583201,0.45102905309999575,-0.002916380856990983,-1.3105394189384165,-0.9574811424132128,-0.0026500181128729723,-0.003150018112872973,-0.004150018112872972,0.9921269949937958,0.08617555919034538,1.5081479708456352e-05,True,,,194,1.0,40,1.0
R4,full,long,24,Q3|L3,quintile_x_liqtercile,19087,730,632,-0.0009959788002319304,0.001504031278268298,-0.6622061752456865,-0.001769911504424737,-0.0028433483639661796,0.0015100537481821969,-1.8829451384687486,0.06010628662039711,-0.0058079280599008295,0.00012123133196847036,-0.0038982951518379567,-0.0006725656075543756,-1.7063957842188566,-0.0014463582893492622,0.00010122707424051105,-0.0024905597143733403,-6.2796462812992715,0.4740923141405145,0.45240215853722426,-0.0030613103959952932,-1.3852415006917658,-0.9603083877203601,-0.0023433483639661804,-0.002843348363966181,-0.0038433483639661804,0.9938177817362602,0.09665427064621393,-0.0001629829226632934,True,,,194,1.0,40,1.0
R4,full,long,24,Q4|L1,quintile_x_liqtercile,27842,730,480,-0.00041371863310519087,0.001157814857928983,-0.3573271065507152,0.0,-0.0027467680611298426,0.0015758742305949844,-1.7430122327038609,0.08175367949131557,-0.005840568366577545,0.00034703224431786037,-0.0024000000000000115,0.0008657060391767345,1.2873232152020047,-0.000454533022650212,0.002185945101003681,-0.001586523042781548,-3.7499046100646445,0.34063644853099634,0.322606134616766,-0.0019123737726876792,-0.8959482822511222,-0.9147992827368631,-0.0022467680611298452,-0.0027467680611298457,-0.003746768061129845,0.7336757416852238,0.054542708103775074,0.00011929530327507323,True,,,194,1.0,40,1.0
R4,full,long,24,Q4|L2,quintile_x_liqtercile,21997,730,607,-0.00036259337994724004,0.0014524558667256733,-0.2496415817195521,-0.0014180374361884018,-0.0023849412745689975,0.0014693006175609464,-1.6231812918775081,0.10498356499273977,-0.005269513286187132,0.000499630737049137,-0.004012124452296926,0.0001095134181099579,0.2929436742750371,-0.00062441371199164,0.0008434405482115558,-0.0018777651452598252,-4.903010279685329,0.47047324635177523,0.4475155703050416,-0.002496543018609923,-1.1665019610201435,-0.9381209267873641,-0.0018849412745689986,-0.002384941274568999,-0.003384941274568999,0.9875437559667227,0.08660340900679543,2.104699627121713e-06,True,,,194,1.0,40,1.0
R4,full,long,24,Q4|L3,quintile_x_liqtercile,19493,730,639,-0.001389779329734112,0.0014245167104794015,-0.9756146203903785,-0.0027593818984547047,-0.0032441177628913225,0.0014360318643875183,-2.2590848039956066,0.024173106354716353,-0.006063375629045606,-0.0004248598967370393,-0.005012673110814091,-0.0010316370458007375,-2.3967321938880195,-0.0018766768219510457,-0.0001865972696504292,-0.0028479566913724563,-6.573183126159618,0.4595260080024623,0.44028931979070485,-0.0037007158160512633,-1.7176371370665504,-0.965255034624573,-0.0027441177628913242,-0.0032441177628913247,-0.004244117762891324,0.9916384528572895,0.0989940634672594,-0.00014404084061869624,True,,,194,1.0,40,0.9669242541886541
R4,full,long,24,Q5|L1,quintile_x_liqtercile,19321,730,480,0.0005039347964131877,0.0011484303791007276,0.4388030877481587,0.0,-0.0013026989537597835,0.0014719223570750885,-0.8850323846893833,0.3764313812456182,-0.004192418037620222,0.0015870201301006548,-0.0023000000000000086,0.001103338990447752,1.0103040585723648,-0.0010406699909359127,0.003247347971831417,-0.0003961898100164497,-0.4072962168333079,0.31349309041975054,0.2957403861083795,-0.00017647761195572698,-0.07392986029464757,-0.7825681082003817,-0.0008026989537597854,-0.0013026989537597857,-0.0023026989537597853,0.7814295326328865,0.0540573606850638,-3.6357726851243694e-05,True,,,194,1.0,40,1.0
R4,full,long,24,Q5|L2,quintile_x_liqtercile,23118,730,612,-0.0015191721256986302,0.001434186137424149,-1.0592572930785116,-0.0071384117937012825,-0.0031900312041457926,0.0014462337849460336,-2.205750714269774,0.027713166156566185,-0.006029317765691693,-0.0003507446425998913,-0.009361274254170594,-0.0008867158932920003,-1.434057023210516,-0.0021006295689254303,0.0003271977823414296,-0.002545076058276684,-4.081909937979607,0.42728609741327106,0.4082100527727312,-0.0029800677728162982,-1.3581586328376438,-0.9404466234405057,-0.002690031204145794,-0.0031900312041457947,-0.004190031204145795,0.9912622199152176,0.09360424885573915,-0.0003453878495374439,True,,,194,1.0,40,1.0
R4,full,long,24,Q5|L3,quintile_x_liqtercile,27247,730,651,-0.0025798542261059824,0.0015254062407693556,-1.6912571596696786,-0.009047365620010739,-0.003304966804872656,0.001540942642066894,-2.144769516170728,0.03230161557490225,-0.0063301884400433685,-0.00027974516970194355,-0.010909948971085227,-0.0015869175771232229,-2.094961660771853,-0.003074044455596172,-9.979069865027369e-05,-0.0023399103117127352,-3.0702479395531785,0.42169780159283593,0.4095129739053841,-0.0029936923362100833,-1.319866765997581,-0.9439401877223302,-0.0028049668048726576,-0.0033049668048726576,-0.004304966804872658,0.9930267552391089,0.1288829546599945,-0.0012264424551872012,True,,,194,1.0,40,1.0
R4,full,long,48,Q1,quintile_pooled,69104,730,750,-0.0003977604490318961,0.0019652637223672997,-0.2023954569073129,0.0,-0.0017457799378167056,0.0020582767902884405,-0.8481754961498922,0.39661940651594424,-0.005786655678498521,0.00229509580286511,-0.005166860658107687,0.0011471264978642945,1.8517683278573427,-6.904379884782727e-05,0.0023632967945764164,-0.0002754539896998158,-0.46526698530642185,0.432939269849079,0.4187732422694584,-0.0017618202923246416,-0.40502128758113326,-0.7871421740467798,-0.0012457799378167067,-0.0017457799378167078,-0.0027457799378167074,0.951236452560448,0.12523383072777952,-0.000680433309603136,True,-0.005720455539734792,0.0022658900333685423,194,1.0,40,1.0
R4,full,long,48,Q2,quintile_pooled,69329,730,746,-0.001591739846027311,0.0019195072136214272,-0.8292440032169841,0.0,-0.0037370588876367884,0.002104103508529049,-1.7760812966132624,0.07613770888059876,-0.007867903127641566,0.0003937853523679896,-0.004312703673802069,-4.954356832027098e-05,-0.10484882257012618,-0.0009772134511709133,0.0008781263145303713,-0.002285429682129645,-5.220249513214863,0.4276174404684638,0.4114346703589921,-0.0033314633401170394,-0.7773061346696413,-0.8807489124138056,-0.00323705888763679,-0.0037370588876367915,-0.00473705888763679,0.9096389886489838,0.08345674119623045,-0.00011173683436925755,True,-0.007884607775033439,0.0003942111454769916,194,1.0,40,1.0
R4,full,long,48,Q3,quintile_pooled,69408,730,742,-0.001508300294575782,0.001891089773407353,-0.7975825980266058,0.0,-0.003602899540849204,0.0020460732477377286,-1.7608849266920448,0.07867826536489042,-0.00761981689105787,0.00041401780935946186,-0.004406450662486459,3.565371385062614e-05,0.08328737366357505,-0.00080476427399261,0.0008760717016938623,-0.002202294970465851,-5.567849904435692,0.4362978864412396,0.41967180048696856,-0.0034273729573791913,-0.8084043993427371,-0.8776744166523649,-0.0031028995408492045,-0.0036028995408492054,-0.004602899540849205,0.923252027835007,0.07904889158806835,-7.308467089042514e-05,True,-0.00753696260094616,0.0004936090211842446,194,1.0,40,1.0
R4,full,long,48,Q4,quintile_pooled,69331,730,746,-0.0016668511322845698,0.0018526515499463125,-0.8997110829248344,0.0,-0.0038116318872217824,0.002086634928511299,-1.8266884327203203,0.06815653261708052,-0.007908181244463007,0.0002849174700194426,-0.005360917822277876,-0.000124123646224421,-0.2676433863837032,-0.0010345980496011343,0.0007863507571522924,-0.002042275944392471,-5.0541128001472,0.4114490935052572,0.396463444535791,-0.003060585186876273,-0.7253817670563095,-0.8670699968974901,-0.003311631887221785,-0.0038116318872217854,-0.004811631887221785,0.886013875066707,0.07721263381331459,-7.075678414455875e-05,True,-0.007989700234830765,0.0004664566324655481,194,1.0,40,1.0
R4,full,long,48,Q5,quintile_pooled,69686,730,751,-0.0025515478598871206,0.00188187615173612,-1.3558532305822553,-0.002897752172814294,-0.0036489815433501994,0.0020218098874953913,-1.804809426404844,0.0715181766736144,-0.007618264277916649,0.00032030119121625013,-0.010440677161572097,-0.001000276381409425,-1.3562087792618505,-0.002448258487861135,0.0004477057250422856,-0.0017667193844111224,-2.5534811623427927,0.38684958241253625,0.3749390121401716,-0.0025883207640146604,-0.6089920241269937,-0.8099304113722894,-0.0031489815433502,-0.003648981543350201,-0.004648981543350201,0.9311052435209368,0.09643341785242322,-0.0010816237757571164,True,-0.007647109072861386,0.00029256560168212817,194,1.0,40,1.0
R4,full,long,48,Q1|L1,quintile_x_liqtercile,16012,730,474,0.0008294997349509071,0.0018038217483649895,0.45985682105384185,0.0,-0.0010015293832873996,0.002195751373357158,-0.45612148781495593,0.6484388401571317,-0.0053122996834880426,0.003309240916913244,-0.0026000000000000172,0.001961945940469164,1.413334578262403,-0.0007633381715707729,0.004687230052509101,-0.0005819183316726513,-0.43332430388263965,0.35136147889083186,0.3346864851361479,-0.0023824433464575004,-0.534136831928344,-0.8137383086915776,-0.0005015293832873999,-0.0010015293832874002,-0.0020015293832874002,0.8200099925056208,0.06553157121411075,0.00027816500076160376,True,-0.005332759371142561,0.0033012496011371752,194,1.0,40,1.0
R4,full,long,48,Q1|L2,quintile_x_liqtercile,23398,730,609,0.0015129499459021175,0.0021644034241693768,0.6990147626858128,-0.003283975662563887,-0.0004317284181000721,0.0021801271552970886,-0.19802900810216273,0.8430777268720062,-0.004711824746741619,0.003848367910541475,-0.005879413983669422,0.0026197933834541803,3.6210855982711236,0.001199434859509677,0.004040151907398684,0.0007672967419027254,1.0596646947227324,0.4686551856758258,0.45100636724926285,-0.0010176767353303146,-0.22347915477229927,-0.799734275835982,6.827158189992844e-05,-0.00043172841810007234,-0.0014317284181000727,0.9894876287338148,0.1074322523146167,-3.0485074066083257e-05,True,-0.00459759242542972,0.003655610366491229,194,1.0,40,1.0
R4,full,long,48,Q1|L3,quintile_x_liqtercile,29694,730,645,-0.0025651239529922492,0.0022200344699196306,-1.1554432995290886,-0.008226254241187891,-0.003110629817909359,0.0022292058262431106,-1.3953982092141377,0.16332186405740828,-0.007487078984879755,0.001265819349061038,-0.009688414584518528,-0.0004526697136269615,-0.5156740505143201,-0.002176029255251964,0.0012706898279980408,-0.0009585985513398369,-1.0907358779148484,0.4487809806034483,0.4387122844827586,-0.002341642499208657,-0.4996565197107178,-0.8276422938805805,-0.0026106298179093576,-0.003110629817909359,-0.004110629817909359,0.9918507543103449,0.17145309648004542,-0.0016187081520336881,True,-0.00742366402085242,0.0011514356056328856,194,1.0,40,1.0
R4,full,long,48,Q2|L1,quintile_x_liqtercile,25261,730,474,-0.00020350389383630413,0.001587432598852998,-0.12819687209607905,0.0,-0.002516560955653809,0.002055147898446826,-1.224515742908671,0.22115436792152135,-0.006551293954408176,0.0015181720431005586,-0.0026000000000000172,0.0010681840674492888,1.1931713853771126,-0.0006893874198634939,0.0028257555547620715,-0.0017680860763286065,-2.4444344891272736,0.3593397458734117,0.34501048964889364,-0.002503089519811968,-0.5951198881984945,-0.8461828184555699,-0.002016560955653809,-0.0025165609556538097,-0.0035165609556538097,0.7711673197957487,0.05869814326217479,0.0001832685304383438,True,-0.006505717000443369,0.0015608499013695374,194,1.0,40,1.0
R4,full,long,48,Q2|L2,quintile_x_liqtercile,23745,730,603,-0.0023932881087726406,0.0022021479142311133,-1.0867971643985888,-0.002510460251046065,-0.004560916867816368,0.0022250149079246968,-2.049836543374175,0.04073861440894488,-0.008929138288040574,-0.00019269544759216353,-0.005478112244630251,-0.0006421607204563262,-1.162175693832562,-0.0017269407494354262,0.00044261930852277373,-0.0027230203215299164,-4.891183621160229,0.46799460961846207,0.4492124989471911,-0.003846487625145471,-0.8605293469227481,-0.9047976882166454,-0.004060916867816368,-0.00456091686781637,-0.00556091686781637,0.9869872820685589,0.09087667991804733,2.8608076972264636e-06,True,-0.0089274921853669,-0.0002768801927321536,194,1.0,40,1.0
R4,full,long,48,Q2|L3,quintile_x_liqtercile,20323,730,637,-0.0023807702494819745,0.0022431835177001594,-1.0613354773232628,-0.00382470119521916,-0.003958907462552605,0.0022560953520188404,-1.7547607014969573,0.07972147600872986,-0.00838814701850191,0.0004703320933966996,-0.006017725647277346,-0.0007464497106075413,-1.2083736976845687,-0.0019591933976981736,0.000466293976483091,-0.002276670197477627,-3.6626625386182226,0.46531194646723084,0.44986223184412516,-0.0035333614621673917,-0.7824899206533654,-0.88697324157529,-0.003458907462552606,-0.003958907462552605,-0.004958907462552606,0.9913894902578233,0.10556275353237413,-0.0005302746999851132,True,-0.008521975406578296,0.0005145591750753981,194,1.0,40,1.0
R4,full,long,48,Q3|L1,quintile_x_liqtercile,26950,730,477,-0.0009139827145974673,0.0016616104973384551,-0.5500583416278798,0.0,-0.003328521461134994,0.0020320861771173492,-1.6379824333319983,0.10185806309402497,-0.007317978940727729,0.0006609360184577414,-0.0026444735754984888,0.0011125277884179113,1.3507518432950534,-0.0005044536356457693,0.002729509212481592,-0.0017857091409602917,-2.771979221036704,0.387406775258803,0.3723052947942562,-0.002902604211470858,-0.7045697836938141,-0.8565645984506468,-0.0028285214611349944,-0.0033285214611349953,-0.004328521461134995,0.8180030425587177,0.060400558738985144,0.0001772304749160771,True,-0.007306935209899938,0.0007078512547278777,194,1.0,40,1.0
R4,full,long,48,Q3|L2,quintile_x_liqtercile,23371,730,605,-0.0018564549211092303,0.0021334779401691022,-0.870154261338219,-0.002983293556085953,-0.0038799825060819907,0.002155210891956615,-1.8002797408654223,0.07223089116888326,-0.008111162418546659,0.0003511974063826781,-0.005643755942521126,-8.56933930447611e-05,-0.1576822046312983,-0.0011526196123398768,0.0009812328262503544,-0.002034396278873269,-3.6253147208191185,0.46861495015189764,0.44965983483804717,-0.0035653798916675736,-0.8003338359981463,-0.8867381559743904,-0.0033799825060819907,-0.003879982506081991,-0.004879982506081991,0.9896880749646998,0.08617555919034538,-5.244204798962556e-05,True,-0.00805634249295082,0.00042188334852383285,194,1.0,40,1.0
R4,full,long,48,Q3|L3,quintile_x_liqtercile,19087,730,632,-0.0019211539124152695,0.0021399056109114014,-0.8977750713018767,-0.0036832412523020164,-0.0035838585041172216,0.002156622761442182,-1.6617920241742303,0.09698558313227394,-0.007817810244540188,0.0006500932363057441,-0.005818926987650927,-0.0013362618870471697,-2.2709101808652794,-0.002491472995547918,-0.00018105077854642143,-0.002893480199166576,-4.854177617891387,0.4657620369885262,0.4498349662073663,-0.004081022406695349,-0.9134343699680809,-0.9030069910404912,-0.003083858504117222,-0.0035838585041172225,-0.004583858504117223,0.9905171058835857,0.09665427064621393,-0.0003902279889982027,True,-0.007903614035274533,0.0006326874691653689,194,1.0,40,1.0
R4,full,long,48,Q4|L1,quintile_x_liqtercile,27841,730,480,-0.001412813721014474,0.00166168955683247,-0.8502272372148708,0.0,-0.004165995074741895,0.002261638146700599,-1.842025472032065,0.06587853100079491,-0.008606116424952681,0.0002741262754688894,-0.002899266804800361,0.000543644315682677,0.6140939051217744,-0.001194355782045528,0.0022816444134108817,-0.0015555360837795733,-2.3338271631020397,0.3391997701314561,0.3262337475756052,-0.0014757361954730222,-0.3168224856836023,-0.8437500629939051,-0.0036659950747418954,-0.004165995074741897,-0.005165995074741897,0.7334243229653042,0.054542708103775074,0.0001666368491674752,True,-0.008610769065454514,0.0003953901041797431,194,1.0,40,1.0
R4,full,long,48,Q4|L2,quintile_x_liqtercile,21997,730,607,-0.0013658396796955,0.0021283022672554243,-0.6417507986104031,-0.003628823224468558,-0.0032884811533700413,0.0021526552007524228,-1.5276395180336408,0.12703700343864027,-0.0075146436499864515,0.0009376813432463694,-0.006437724276111051,0.00010134292209254862,0.17973075496778024,-0.001005639579742933,0.00120832542392803,-0.001713261915144827,-2.975005230102576,0.4597899713597309,0.4415147520116379,-0.002773374628778275,-0.6268858972586132,-0.858074735614895,-0.0027884811533700413,-0.0032884811533700417,-0.004288481153370042,0.9864526980951948,0.08660340900679543,-5.4346388773679276e-05,True,-0.00755178807358164,0.0009512646707373441,194,1.0,40,1.0
R4,full,long,48,Q4|L3,quintile_x_liqtercile,19493,730,639,-0.0023693599554401915,0.002089527870059812,-1.1339212026745398,-0.0044868199663488095,-0.004024772823767009,0.002106576855107433,-1.9105748807639635,0.05645233722629495,-0.00816047281798038,0.00011092717044636127,-0.006846653919581052,-0.001332296627844687,-2.11483692073345,-0.002569080396778534,-9.551285891083966e-05,-0.002926714234105574,-4.588197233853327,0.4600902841900072,0.44593208166615367,-0.004382795900369602,-1.0018896057584592,-0.9057256028934312,-0.00352477282376701,-0.0040247728237670114,-0.005024772823767011,0.9906124961526623,0.0989940634672594,-0.00034022326238931276,True,-0.008250649902827239,7.480024469086976e-06,194,1.0,40,1.0
R4,full,long,48,Q5|L1,quintile_x_liqtercile,19321,730,480,0.00018297441464934825,0.0016514286729453337,0.11079764911857332,0.0,-0.001893131283192496,0.002118719176926309,-0.893526288811394,0.37187108667501234,-0.006052669477353003,0.002266406910968011,-0.0026499999999999285,0.0011728498800259704,0.8181422483930427,-0.0016415340345543896,0.00398723379460633,0.00011960684175794094,0.09186955674046315,0.3064541172817142,0.29320428549246935,0.0003387651869272633,0.06647679553167465,-0.7080407969776366,-0.0013931312831924954,-0.001893131283192496,-0.0028931312831924965,0.778375860462709,0.0540573606850638,1.4951757430669777e-05,True,-0.006066430666072443,0.0022325912047003005,194,1.0,40,1.0
R4,full,long,48,Q5|L2,quintile_x_liqtercile,23118,730,612,-0.0030123223422614137,0.002166077439413666,-1.3906808165994367,-0.011140656914110592,-0.004620805251330541,0.0021910978871926756,-2.1088995057408897,0.035294684026832404,-0.0089224396765894,-0.000319170826071683,-0.013643960895044804,-0.0013824363498726668,-1.539526146210292,-0.003145336877462541,0.00038046417771720733,-0.0028978658067819046,-3.166046201754798,0.4154338610606454,0.40094298814776363,-0.0037781853569897033,-0.82473572474607,-0.8579743502876946,-0.004120805251330541,-0.004620805251330542,-0.005620805251330543,0.9887533523661216,0.09360424885573915,-0.0005105857122232975,True,-0.00885609691055216,-0.00024268937830114468,194,1.0,40,1.0
R4,full,long,48,Q5|L3,quintile_x_liqtercile,27247,730,651,-0.00409966399681193,0.0022937849337354224,-1.787292233250324,-0.013338273434605363,-0.003804320425279096,0.002327141772954013,-1.6347609198085045,0.10253206795050607,-0.008373040618708152,0.0007643997681499597,-0.014900470912734923,-0.0022170047678835344,-1.9843053915233997,-0.004410455312315942,-2.355422345112681e-05,-0.0018598242900286289,-1.6358818948865173,0.4196058281645686,0.41083422028113187,-0.0026574601406109673,-0.5632764797545184,-0.8259637461969822,-0.0033043204252790957,-0.003804320425279098,-0.0048043204252790975,0.990494366352259,0.1288829546599945,-0.0021763394827330742,True,-0.008389440032964825,0.0006574046793455122,194,1.0,40,1.0
R4,full,long,72,Q1,quintile_pooled,69101,730,750,-0.001008705364481985,0.0023379327037977168,-0.43145183898726136,-0.0018026137899954664,-0.0019872125370977026,0.002459142571740568,-0.808091633211475,0.4193025333849599,-0.0068150920684287315,0.0028406669942333262,-0.008278443621037693,0.0013610392588720825,1.8425223725491264,-8.915978590592162e-05,0.0028112383036500866,0.0002590044240199783,0.3681943872648998,0.4223328365335919,0.4095125092245583,-0.001795945659367846,-0.2771392057581332,-0.7607857903542183,-0.0014872125370977022,-0.001987212537097702,-0.002987212537097702,0.9485305821238913,0.12523383072777952,-0.0010209087060654267,True,,,194,1.0,40,1.0
R4,full,long,72,Q2,quintile_pooled,69328,730,746,-0.0019733154849977466,0.002301801556994542,-0.8572917500213619,0.0,-0.0039977410134987785,0.0025290911279532854,-1.5807026363395713,0.11438159058985056,-0.008962946134108883,0.0009674641071113262,-0.006885934381698789,0.00038804030456890057,0.6448214802469852,-0.0007933871873206507,0.0015694677964584519,-0.0021921512564098498,-3.836399406343571,0.41623757806527917,0.4024202039432882,-0.003755838684530836,-0.5868774994546131,-0.8450884456504105,-0.0034977410134987784,-0.0039977410134987785,-0.0049977410134987785,0.9073601315390939,0.08345674119623045,-0.00024144258543952465,True,,,194,1.0,40,1.0
R4,full,long,72,Q3,quintile_pooled,69407,730,742,-0.002937416862835658,0.0022752829827912455,-1.2910116609900222,0.0,-0.005057223102753404,0.0024622183171583408,-2.053929607911443,0.04034009566003987,-0.00989114105109884,-0.0002233051544079682,-0.0075974398107539285,-0.0005795080986523682,-1.1158076148965408,-0.0015991317968007774,0.00044011559949604095,-0.002432308913458477,-4.979693097542424,0.42289904767393277,0.40937054272500684,-0.004039435044279731,-0.6386373490020428,-0.8458555956330791,-0.004557223102753406,-0.005057223102753405,-0.006057223102753406,0.9222579204425939,0.07904889158806835,-0.00017379099417306367,True,,,194,1.0,40,1.0
R4,full,long,72,Q4,quintile_pooled,69330,730,746,-0.0033843345791977324,0.002205005703994661,-1.5348416437502,0.0,-0.005667988199292297,0.0024866366050582266,-2.279379378459514,0.022933890609493534,-0.010549845032392416,-0.000786131366192178,-0.008474235542791446,-0.0010228276072893172,-1.790550408764934,-0.002144292342685485,9.863712810685038e-05,-0.0027442917956380674,-5.385985309991505,0.3995644209827932,0.38537204505790895,-0.004181309677133524,-0.6690818547882524,-0.8448362211637424,-0.005167988199292297,-0.005667988199292298,-0.006667988199292298,0.8837638642493474,0.07721263381331459,-0.00014962972973855745,True,,,194,1.0,40,0.9173556243797414
R4,full,long,72,Q5,quintile_pooled,69686,730,751,-0.002520241097142221,0.002261384793563572,-1.1144680482133842,-0.004624515217783398,-0.003272056993303114,0.002436301599747549,-1.3430426650141207,0.17967785962819627,-0.00805509428472987,0.0015109802981236415,-0.01391377130585747,-0.00014087012378295882,-0.15493749437933593,-0.00192584496820554,0.0016441047206396222,-0.0007727887825053533,-0.8736548877219495,0.3829750595528514,0.37105013919582125,-0.002314204812870164,-0.36901250563658966,-0.6947912490888879,-0.002772056993303113,-0.0032720569933031144,-0.004272056993303115,0.9285365783658124,0.09643341785242322,-0.001447132761722263,True,,,194,1.0,40,1.0
R4,full,long,72,Q1|L1,quintile_x_liqtercile,16012,730,474,0.0017976853015063093,0.002205017738041658,0.8152702223170719,0.0,0.0002267601612224389,0.0026968024873508466,0.08408482352194524,0.9330121708156092,-0.005067702094989241,0.005521222417434118,-0.002900000000000026,0.004751504742587012,2.664981861494908,0.0012511936704251406,0.008251815814748884,0.002298476484178761,1.3036437623382542,0.34099425430926805,0.3253809642767924,-0.0006966924433979075,-0.10181336752976683,-0.6931314936648185,0.0007267601612224405,0.00022676016122243937,-0.0007732398387775613,0.8176992255808144,0.06553157121411075,0.00035141535935230935,True,,,194,1.0,40,1.0
R4,full,long,72,Q1|L2,quintile_x_liqtercile,23397,730,609,0.001088354155767658,0.00267363484929358,0.40706910895301196,-0.006650262685376052,-0.0007590640594735834,0.0027070839737992555,-0.2803991552608822,0.7792511650011757,-0.006073711309652814,0.004555583190705647,-0.009465512561012244,0.002763592093470814,2.9927910557967636,0.0009507195295768642,0.004576464657364764,0.0010394932259931912,1.1148372070296793,0.4575872825947609,0.43887013375496775,-0.0013618368747844941,-0.19707340574017265,-0.7799000703822329,-0.00025906405947358354,-0.0007590640594735844,-0.0017590640594735848,0.9864108371437118,0.1074322523146167,-0.00010666958714206334,True,,,194,1.0,40,1.0
R4,full,long,72,Q1|L3,quintile_x_liqtercile,29692,730,645,-0.00417456919780697,0.002592040531967977,-1.6105339196364636,-0.012276621371456575,-0.003939222599441017,0.0026143950207255704,-1.5067434600406209,0.13231140381289727,-0.00907189947325113,0.001193454274369097,-0.013379066913677148,-0.0015725341614549382,-1.512492207714977,-0.0036136924037755477,0.00046862408086567153,-0.001263441092866943,-1.2004339572944351,0.43840921336206895,0.4317416487068966,-0.003479825859276871,-0.5036762918892325,-0.8249410015012585,-0.0034392225994410164,-0.003939222599441018,-0.004939222599441019,0.9892241379310345,0.17145309648004542,-0.002350947532679752,True,,,194,1.0,40,1.0
R4,full,long,72,Q2|L1,quintile_x_liqtercile,25261,730,474,-0.0008960272465379757,0.0019261037170877503,-0.4652019715183147,0.0,-0.003317220576022884,0.002499845056343006,-1.3269704726722573,0.1849356357027938,-0.008225008728571974,0.0015905675765262063,-0.003577414984419448,0.002381552633386577,2.141296684193631,0.00019805325961886472,0.004565052007154289,-0.0017247681412478498,-1.82355698723574,0.34837509401100425,0.33432292285160115,-0.0029523426385031724,-0.4675271185774551,-0.8141339119362615,-0.0028172205760228822,-0.003317220576022883,-0.004317220576022884,0.7692277243399438,0.05869814326217479,0.00017213717285029177,True,,,194,1.0,40,1.0
R4,full,long,72,Q2|L2,quintile_x_liqtercile,23744,730,603,-0.002654152980907964,0.0026092534297600064,-1.0172078153221351,-0.005312674565607245,-0.004737253159482449,0.0026425548666384868,-1.7926792057523346,0.07344044246605734,-0.009925214482942092,0.000450708163977194,-0.00836066566644116,-0.0003618071970531386,-0.5202260998091048,-0.0017271911572875561,0.001003576763181279,-0.0023528701064549165,-3.3278714642493514,0.4561189252926809,0.4394845447654342,-0.003766500294664516,-0.5589131563250668,-0.8635020404892157,-0.004237253159482449,-0.00473725315948245,-0.005737253159482449,0.9843763160111176,0.09087667991804733,-6.51852385026799e-05,True,,,194,1.0,40,1.0
R4,full,long,72,Q2|L3,quintile_x_liqtercile,20323,730,637,-0.002516914987474749,0.002738291741264245,-0.9191551614265584,-0.00639211321354749,-0.003795721052364842,0.0027601184592089844,-1.37520222717276,0.16949295951476068,-0.009214487563259842,0.0016230454585301575,-0.008544111616267003,-0.0012137771367414188,-1.3334405952342072,-0.0030008201757925814,0.000573265902309744,-0.002457113878965433,-2.682814148006988,0.45399527652037003,0.4437610706553828,-0.0044585694656113384,-0.6637052371600097,-0.8649527762939841,-0.003295721052364842,-0.003795721052364842,-0.0047957210523648435,0.9890769533556386,0.10556275353237413,-0.0008462137986270058,True,,,194,1.0,40,1.0
R4,full,long,72,Q3|L1,quintile_x_liqtercile,26949,730,477,-0.0017651897462458849,0.002034171693746478,-0.867768316545006,0.0,-0.004389451456245112,0.002490106687330702,-1.7627563825188686,0.07836228668151375,-0.009278120883038594,0.0004992179705483697,-0.004693168433735004,0.00047296657902765374,0.48162295476925343,-0.001454971174297758,0.002400904332353066,-0.0016540281128035854,-2.0968768456833202,0.37493970539126564,0.36228711365069943,-0.00339925559298704,-0.5487840461797606,-0.8216229721649257,-0.003889451456245111,-0.004389451456245111,-0.005389451456245111,0.8165559719490928,0.060400558738985144,0.00017545169264323885,True,,,194,1.0,40,1.0
R4,full,long,72,Q3|L2,quintile_x_liqtercile,23371,730,605,-0.00404058464589859,0.002542677362370264,-1.5891063119907545,-0.005981511691136476,-0.00598479255197142,0.002568027864131749,-2.330501407544065,0.02005272098624903,-0.01102643971127137,-0.0009431453926714685,-0.008890235640893827,-0.0008752957714954957,-1.3587158846820997,-0.0021400202077174572,0.00038942866472646586,-0.002689665443322739,-4.0402260914432695,0.4552650720978991,0.4387060887424586,-0.004766560520174963,-0.7276663120467658,-0.8693372152583775,-0.0054847925519714204,-0.005984792551971422,-0.00698479255197142,0.9891318300457832,0.08617555919034538,-0.0001518781727732862,True,,,194,1.0,40,0.8021088394499611
R4,full,long,72,Q3|L3,quintile_x_liqtercile,19087,730,632,-0.003241718969348679,0.002572308418232455,-1.2602372819571166,-0.00683850604944769,-0.004700032550957927,0.0025933530590340525,-1.812338098194987,0.07034694269432348,-0.009791399068338553,0.00039133396642269946,-0.009222385981334165,-0.0017033246432524723,-2.160005329235549,-0.003251472155394613,-0.00015517713111033184,-0.0030240985624150167,-3.7985741342594035,0.45098758317179233,0.43993293864934246,-0.004188017673496935,-0.6207652162839244,-0.8558093209148268,-0.004200032550957925,-0.004700032550957926,-0.005700032550957927,0.9896264473201656,0.09665427064621393,-0.0006075006929959249,True,,,194,1.0,40,1.0
R4,full,long,72,Q4|L1,quintile_x_liqtercile,27840,730,480,-0.0023719330054483264,0.001930421926744209,-1.2287122170481954,0.0,-0.0054676387466555875,0.002629850999702961,-2.079067881516159,0.03796162991766679,-0.01063065936929878,-0.0003046181240123954,-0.006436953835192048,-0.0004338679050445622,-0.4004077552265689,-0.0025611484902927943,0.0016934126802036697,-0.002302852916728322,-2.8255305677701577,0.3261978306156167,0.31387831333955896,-0.0028076196978968656,-0.44280720670415624,-0.824950350126828,-0.00496763874665559,-0.00546763874665559,-0.006467638746655589,0.7320594784857409,0.054542708103775074,0.00020838502551269572,True,,,194,1.0,40,1.0
R4,full,long,72,Q4|L2,quintile_x_liqtercile,21997,730,607,-0.0031852379787676312,0.0025746470803949917,-1.2371551825576674,-0.005631610274254739,-0.005080558441598371,0.002611978063714955,-1.9450999654922112,0.05214867013192271,-0.010208490256128983,4.7373372932239637e-05,-0.008910627866186028,-0.0007860761763817652,-1.1393982540398988,-0.00214051320026893,0.0005683608475053994,-0.0024989725630811077,-3.511923908342497,0.4524253307269173,0.4351502477610583,-0.0038357182747415833,-0.5748360304959883,-0.8370260409792303,-0.00458055844159837,-0.0050805584415983705,-0.006080558441598371,0.9835432104377869,0.08660340900679543,-0.00013878541206379026,True,,,194,1.0,40,1.0
R4,full,long,72,Q4|L3,quintile_x_liqtercile,19493,730,639,-0.00505492339225085,0.0024928061294477756,-2.0278044620223445,-0.008047731372276878,-0.006540057442715099,0.0025153642698694232,-2.600043866829119,0.009510705010910517,-0.01147831348849964,-0.001601801396930557,-0.010389900163071581,-0.0021311464569362362,-2.717321648901133,-0.0036708672676539185,-0.000591425646218554,-0.003487171356622089,-4.392401165668585,0.4447009336206012,0.431312198625218,-0.005122218455532984,-0.7894682095377413,-0.8699772289096834,-0.006040057442715099,-0.006540057442715099,-0.007540057442715101,0.9878424130501693,0.0989940634672594,-0.0005407432756919579,True,,,194,1.0,40,0.38042820043642067
R4,full,long,72,Q5|L1,quintile_x_liqtercile,19321,730,480,4.7249591022968265e-05,0.0018594106906567871,0.025411056987242883,0.0,-0.0020664172014488204,0.0023889537340420048,-0.8649883721073716,0.3873308913758245,-0.006756499414012372,0.0026236650111147314,-0.0029499999999998954,0.0015234853226752515,0.9332568682573051,-0.001681358067860186,0.004728328713210689,-0.000575812275424513,-0.4063090148198137,0.30365923088867036,0.2902541276331453,-0.0019455082974490958,-0.3126044777818717,-0.703895674882524,-0.0015664172014488206,-0.002066417201448821,-0.0030664172014488217,0.7764608457119196,0.0540573606850638,4.574738034927096e-05,True,,,194,1.0,40,1.0
R4,full,long,72,Q5|L2,quintile_x_liqtercile,23118,730,612,-0.0019065415159608078,0.0025729004039967973,-0.7410086737128053,-0.013655646448272774,-0.003470286589840197,0.002609759456170718,-1.329734271729443,0.18402346908582554,-0.008593862752090228,0.0016532895724098327,-0.01631503138480741,0.00041171107144923947,0.3554901522789454,-0.0018619970002924228,0.0026854191431909015,-0.0010533944316246657,-0.894356757420077,0.41673155117224675,0.40124578250713727,-0.0029912885201538774,-0.451910313309839,-0.7410477072811152,-0.0029702865898401966,-0.0034702865898401975,-0.004470286589840198,0.9857686651094385,0.09360424885573915,-0.0005849087261398132,True,,,194,1.0,40,1.0
R4,full,long,72,Q5|L3,quintile_x_liqtercile,27247,730,651,-0.004861562875825802,0.0028434902389394565,-1.7097167450235493,-0.018350203126075937,-0.0037762202436064578,0.0028991033852003942,-1.302547630030598,0.19314227810332488,-0.009467847094958478,0.0019154066077455623,-0.020160113545210356,-0.001789917125375688,-1.2504388648553972,-0.004600136294525448,0.0010203020437740719,-0.0006449908787879729,-0.4363864846793469,0.41057731126362534,0.40272323558556905,-0.0019527458532939818,-0.2699650838765622,-0.7398492909858382,-0.0032762202436064573,-0.0037762202436064578,-0.004776220243606458,0.9878151723125481,0.1288829546599945,-0.0030092881188928224,True,,,194,1.0,40,1.0
R4,full,short,24,Q1,quintile_pooled,69108,730,750,2.303370976966199e-05,0.001445485547322873,0.015934929140123066,0.0,-0.002333861093604928,0.001511940440688364,-1.5436197291887739,0.12311503955471362,-0.0053021447969651345,0.0006344226097552779,-0.0003507758039126268,-0.0007392513922569351,-1.6297853296095413,-0.0016297463794093818,0.00015124359489551167,-0.0032464854734731248,-7.135810719124366,0.4918606838472558,0.47380225440970064,-0.002499932080959751,-1.1288108723060215,-0.938538495950332,-0.0018338610936049285,-0.0023338610936049294,-0.0033338610936049294,0.9541304316369793,0.12523383072777952,-0.0003436745937912354,True,,,194,1.0,40,1.0
R4,full,short,24,Q2,quintile_pooled,69329,730,746,0.0010705926215585288,0.0013814577105784288,0.7749731413133609,0.0,-0.0008184259723407005,0.0015118663845377451,-0.5413348565130874,0.5884424137258181,-0.003786564286597539,0.0021497123419161384,-0.000605164602838949,0.0003068254816288981,0.9438662845928654,-0.0003313655305478874,0.0009450164938056835,-0.001613089153611838,-5.39521660367839,0.46777147967057536,0.4500887023495305,-0.0012018843114881726,-0.561438614388947,-0.8446363073336527,-0.00031842597234070134,-0.0008184259723407015,-0.001818425972340701,0.9118745763200785,0.08345674119623045,-1.974593201841366e-05,True,,,194,1.0,40,1.0
R4,full,short,24,Q3,quintile_pooled,69409,730,742,0.0006730148406929062,0.0013506184954487684,0.49830121752426054,0.0,-0.0012608604092408954,0.0014583646763943032,-0.8645714132066595,0.3875588520099525,-0.004123962675707513,0.0016022418572257213,-0.0010261455525604982,-8.934999702038523e-05,-0.304155642809998,-0.0006660744906920506,0.0004873744966512801,-0.0018911637101426096,-6.953285591677171,0.4707026466308404,0.4523764929620078,-0.0012609423305837046,-0.5967824444509673,-0.8403547911581818,-0.0007608604092408958,-0.0012608604092408963,-0.0022608604092408963,0.9255139823365846,0.07904889158806835,2.8071655847675377e-06,True,,,194,1.0,40,1.0
R4,full,short,24,Q4,quintile_pooled,69332,730,746,0.0006719219009421513,0.0012688647937578199,0.529545704355319,0.0,-0.0012247054839158926,0.0014291650480820078,-0.8569377522627583,0.3917612810843099,-0.004030482224501277,0.0015810712566694924,-0.00019777535071632997,-9.234196715989208e-05,-0.27376064971204755,-0.000754555164041298,0.0005698712297215137,-0.0019139622431748958,-7.195090026337922,0.4599252881023466,0.44149250717551525,-0.0012722794062251927,-0.6147670749047304,-0.840961454669584,-0.0007247054839158928,-0.0012247054839158934,-0.002224705483915893,0.8867494555262285,0.07721263381331459,-4.910263983997191e-06,True,,,194,1.0,40,1.0
R4,full,short,24,Q5,quintile_pooled,69686,730,751,0.001372972836711985,0.0012551713567154562,1.0938529065105442,0.0011752266368424968,-0.0012000831289282518,0.0013441489456316146,-0.892820050060995,0.37224857331149713,-0.003838953882587451,0.0014387876247309473,0.0033078034682080277,0.0006087338720913799,1.152768033047639,-0.00042797132454877476,0.0016454390687315346,-0.0020388254367213004,-4.320246431178155,0.5096863071492121,0.4923227047039578,-0.0016405095243828996,-0.8099673526312728,-0.8803336611695805,-0.000700083128928253,-0.0012000831289282535,-0.0022000831289282537,0.9337743592687197,0.09643341785242322,-0.0006400345842233904,True,,,194,1.0,40,1.0
R4,full,short,24,Q1|L1,quintile_x_liqtercile,16012,730,474,0.0005461744176607486,0.0011966811549973958,0.45640763655372946,0.0,-0.0012955747517434519,0.0014547078976395198,-0.8906081790342342,0.373433638859453,-0.004151497928020725,0.001560348424533821,-0.0016999999999999914,0.00013495590100007319,0.1620029048390971,-0.0015004998913069922,0.0017704116933071384,-0.0022472694064006667,-2.743317661311227,0.3830252310766925,0.3666000499625281,-0.0015209578047057151,-0.7097160789810789,-0.9110435891548239,-0.0007955747517434503,-0.0012955747517434508,-0.0022955747517434504,0.8226330252310767,0.06553157121411075,0.00019135249468569155,True,,,194,1.0,40,1.0
R4,full,short,24,Q1|L2,quintile_x_liqtercile,23400,730,609,-0.0008144199486356191,0.001591298320861095,-0.5117958951875938,0.0018085957773444905,-0.002840936490588871,0.0015980889511861029,-1.7777086115765492,0.07586909767402024,-0.005978349355983245,0.000296476374805503,0.00020338199800190755,-0.001595772115308975,-2.850852207353577,-0.0026946916678545407,-0.0004968525627634089,-0.003669334247822073,-6.543607700068209,0.5169437203538311,0.4984402375966839,-0.00245068974472383,-1.0714767291478502,-0.9410792296278944,-0.0023409364905888704,-0.0028409364905888704,-0.0038409364905888704,0.992820819623093,0.1074322523146167,-3.8385008393266845e-06,True,,,194,1.0,40,1.0
R4,full,short,24,Q1|L3,quintile_x_liqtercile,29696,730,645,0.0004008585545949415,0.0016865490485267524,0.23767974903848935,0.00411617432257011,-0.00239803882086407,0.0016917942720694025,-1.4174529731270396,0.15677837081886464,-0.005719416589511778,0.0009233389477836368,0.0019980981544624066,-0.0005356961073772705,-0.7532446872181664,-0.0019319106125163252,0.0008605183977617842,-0.0033594951728375625,-4.704071659265601,0.5307785560344828,0.5121901939655172,-0.002627225962667789,-1.0840588419526211,-0.9532944203574227,-0.0018980388208640698,-0.0023980388208640706,-0.0033980388208640707,0.9945447198275862,0.17145309648004542,-0.0008496266746800341,True,,,194,1.0,40,1.0
R4,full,short,24,Q2|L1,quintile_x_liqtercile,25261,730,474,0.0005227424173182674,0.0011109152870516072,0.4705511062914949,0.0,-0.0011790465081539519,0.0014357727310505785,-0.8211929943057382,0.41180517715261283,-0.003997795636503269,0.0016397026201953647,-0.0016999999999999914,9.316809009629402e-05,0.15878511610056012,-0.001058764681919693,0.001245100862112281,-0.0015871517602919058,-3.4410995345422823,0.380121125757036,0.3672564620195543,-0.0013211133368449424,-0.6340447430723333,-0.8558128390851546,-0.0006790465081539502,-0.0011790465081539508,-0.002179046508153951,0.7732256659937458,0.05869814326217479,0.00014808365772498754,True,,,194,1.0,40,1.0
R4,full,short,24,Q2|L2,quintile_x_liqtercile,23745,730,603,0.0013013874907010772,0.0015911685144567467,0.8178816252817785,0.0012004801920769692,-0.0005966973008689725,0.0016037217414117619,-0.3720703445372623,0.7099487528625655,-0.0037451686173645407,0.002551774015626595,-0.00026317449348098754,0.00038582536307126567,1.025734582909172,-0.00035263214013153677,0.001124282866274068,-0.0015320717097494277,-4.083777848449042,0.5124231449507285,0.4919986524046155,-0.0011545635880097253,-0.5180448556406504,-0.8463002423187024,-9.66973008689714e-05,-0.0005966973008689719,-0.0015966973008689717,0.9896824728375305,0.09087667991804733,2.9731882898597894e-05,True,,,194,1.0,40,1.0
R4,full,short,24,Q2|L3,quintile_x_liqtercile,20323,730,637,0.0014819009835879253,0.001634757526422619,0.9064958928990567,0.0025723472668810476,-0.0007275884151509078,0.001642588186472477,-0.4429524217591219,0.6579317375516878,-0.003952363422173293,0.002497186591871478,0.0007016764516128583,0.000480094545382088,1.1069664895178521,-0.00037136110116719876,0.0013315501919313748,-0.0017325011995759855,-3.986455430486882,0.5245522534934068,0.5040838417634323,-0.001230356028319584,-0.5471162336221722,-0.8557758687491142,-0.0002275884151509077,-0.0007275884151509079,-0.001727588415150908,0.9933084038575084,0.10556275353237413,-0.0002397360912423233,True,,,194,1.0,40,1.0
R4,full,short,24,Q3|L1,quintile_x_liqtercile,26951,730,477,5.586957402450851e-05,0.0011829538858594802,0.04722886892916898,0.0,-0.0017817940011993817,0.0014432019542221263,-1.2346116882579705,0.21737340599455218,-0.004615128387985659,0.0010515403855868952,-0.0016999999999999914,-0.0008207665728365512,-1.471205556204264,-0.0019160235701459367,0.00027449042447283444,-0.0022556157392581723,-5.1844521213063395,0.4000593669993692,0.38495788653482244,-0.001647427806309481,-0.8021288348610608,-0.8674135022365902,-0.00128179400119938,-0.0017817940011993804,-0.00278179400119938,0.819375904419131,0.060400558738985144,0.00013233067517999893,True,,,194,1.0,40,1.0
R4,full,short,24,Q3|L2,quintile_x_liqtercile,23371,730,605,0.0011209318740358798,0.0015356130266423473,0.7299572578430276,0.001408603315635415,-0.0008499818871270299,0.0015494513759509595,-0.548569577799989,0.5834690548598318,-0.003891908106317468,0.0021919443320634084,-0.0001813321945867679,0.00013185256129132848,0.3442670218449337,-0.0006200522782246109,0.0008837574008072678,-0.0018563475407668427,-4.716779374441219,0.5140986692910017,0.4943733687048051,-0.0010836191430090198,-0.48694792335690346,-0.8326285489258518,-0.0003499818871270292,-0.0008499818871270296,-0.0018499818871270297,0.9921269949937958,0.08617555919034538,1.5081479708456352e-05,True,,,194,1.0,40,1.0
R4,full,short,24,Q3|L3,quintile_x_liqtercile,19087,730,632,0.0009959788002319304,0.001504031278268298,0.6622061752456865,0.001769911504424737,-0.001156651636033822,0.0015100537481821969,-0.7659671964830388,0.44394409567931176,-0.004121231331968472,0.0018079280599008279,-0.00010170484816204341,0.0006725656075543756,1.7063957842188566,-0.00010122707424051105,0.0014463582893492622,-0.00150944028562666,-3.8058718374731892,0.5173154503064913,0.49614921150521296,-0.0009386896040047094,-0.42475660012662175,-0.8152131596727756,-0.0006566516360338214,-0.001156651636033822,-0.0021566516360338214,0.9938177817362602,0.09665427064621393,-0.0001629829226632934,True,,,194,1.0,40,1.0
R4,full,short,24,Q4|L1,quintile_x_liqtercile,27842,730,480,0.00041371863310519087,0.001157814857928983,0.3573271065507152,0.0,-0.001253231938870157,0.0015758742305949844,-0.7952613949382171,0.42672066698430006,-0.00434703224431786,0.001840568366577546,-0.0015999999999999886,-0.0008657060391767345,-1.2873232152020047,-0.002185945101003681,0.000454533022650212,-0.0024134769572184524,-5.704492228673179,0.3677896702823073,0.35349472020688166,-0.0020876262273123226,-0.9780541644399203,-0.9098799247929489,-0.0007532319388701562,-0.0012532319388701568,-0.0022532319388701566,0.7336757416852238,0.054542708103775074,0.00011929530327507323,True,,,194,1.0,40,1.0
R4,full,short,24,Q4|L2,quintile_x_liqtercile,21997,730,607,0.00036259337994724004,0.0014524558667256733,0.2496415817195521,0.0014180374361884018,-0.0016150587254310038,0.0014693006175609464,-1.0992023729711742,0.27204317406556894,-0.004499630737049138,0.0012695132861871307,1.2124452296926116e-05,-0.0001095134181099579,-0.2929436742750371,-0.0008434405482115558,0.00062441371199164,-0.002122234854740176,-5.54134223598969,0.5142519434468337,0.49393099058962586,-0.00150345698139008,-0.7024855986969784,-0.8776350318984397,-0.0011150587254310032,-0.0016150587254310034,-0.0026150587254310034,0.9875437559667227,0.08660340900679543,2.104699627121713e-06,True,,,194,1.0,40,1.0
R4,full,short,24,Q4|L3,quintile_x_liqtercile,19493,730,639,0.001389779329734112,0.0014245167104794015,0.9756146203903785,0.0027593818984547047,-0.0007558822371086781,0.0014360318643875183,-0.526368708002917,0.5987923749886966,-0.003575140103262961,0.002063375629045605,0.001012673110814091,0.0010316370458007375,2.3967321938880195,0.0001865972696504292,0.0018766768219510457,-0.0011520433086275445,-2.6589560367318548,0.530214424951267,0.5080024622960911,-0.00029928418394873957,-0.1389087015699373,-0.6908979883784283,-0.0002558822371086773,-0.000755882237108678,-0.0017558822371086778,0.9916384528572895,0.0989940634672594,-0.00014404084061869624,True,,,194,1.0,40,1.0
R4,full,short,24,Q5|L1,quintile_x_liqtercile,19321,730,480,-0.0005039347964131877,0.0011484303791007276,-0.4388030877481587,0.0,-0.002697301046240217,0.0014719223570750885,-1.8325022602415821,0.06728492258836179,-0.005587020130100656,0.00019241803762022136,-0.0016999999999999914,-0.001103338990447752,-1.0103040585723648,-0.003247347971831417,0.0010406699909359127,-0.003603810189983551,-3.7048359636121924,0.36343874540655247,0.3487397132653589,-0.0038235223880442753,-1.6017469459666347,-0.9818257116160508,-0.002197301046240216,-0.0026973010462402166,-0.003697301046240216,0.7814295326328865,0.0540573606850638,-3.6357726851243694e-05,True,,,194,1.0,40,1.0
R4,full,short,24,Q5|L2,quintile_x_liqtercile,23118,730,612,0.0015191721256986302,0.001434186137424149,1.0592572930785116,0.0071384117937012825,-0.0008099687958542077,0.0014462337849460336,-0.5600538476456847,0.5756149965228972,-0.003649255357400109,0.0020293177656916933,0.005361274254170593,0.0008867158932920003,1.434057023210516,-0.0003271977823414296,0.0021006295689254303,-0.0014549239417233177,-2.3334738769049546,0.560602128211783,0.5417856215935635,-0.0010199322271837044,-0.46483162963430485,-0.8457908967935022,-0.0003099687958542068,-0.0008099687958542074,-0.0018099687958542075,0.9912622199152176,0.09360424885573915,-0.0003453878495374439,True,,,194,1.0,40,1.0
R4,full,short,24,Q5|L3,quintile_x_liqtercile,27247,730,651,0.0025798542261059824,0.0015254062407693556,1.6912571596696786,0.009047365620010739,-0.0006950331951273448,0.001540942642066894,-0.45104417007701486,0.6520920305116616,-0.003720254830298057,0.0023301884400433676,0.006909948971085227,0.0015869175771232229,2.094961660771853,9.979069865027369e-05,0.003074044455596172,-0.0016600896882872666,-2.178240302384372,0.5701912137116013,0.55217088119793,-0.0010063076637899196,-0.44366350734839705,-0.8436315707178492,-0.000195033195127344,-0.0006950331951273449,-0.0016950331951273454,0.9930267552391089,0.1288829546599945,-0.0012264424551872012,True,,,194,1.0,40,1.0
R4,full,short,48,Q1,quintile_pooled,69104,730,750,0.0003977604490318961,0.0019652637223672997,0.2023954569073129,0.0,-0.002254220062183293,0.0020582767902884405,-1.0951977269623654,0.2737927130077738,-0.006295095802865108,0.0017866556784985224,0.0011668606581076869,-0.0011471264978642945,-1.8517683278573427,-0.0023632967945764164,6.904379884782727e-05,-0.0037245460103001865,-6.291098908154926,0.4979235700125888,0.482165853940876,-0.0022381797076753618,-0.5145305857753177,-0.7718758955043601,-0.0017542200621832947,-0.002254220062183295,-0.0032542200621832953,0.951236452560448,0.12523383072777952,-0.000680433309603136,True,-0.006265890033368572,0.0017204555397348142,194,1.0,40,1.0
R4,full,short,48,Q2,quintile_pooled,69329,730,746,0.001591739846027311,0.0019195072136214272,0.8292440032169841,0.0,-0.00026294111236321117,0.002104103508529049,-0.12496586375022482,0.9005851214114172,-0.004393785352367989,0.003867903127641567,0.00031270367380206894,4.954356832027098e-05,0.10484882257012618,-0.0008781263145303713,0.0009772134511709133,-0.0017145703178703554,-3.9163247669449164,0.4700070673416699,0.45691085053293523,-0.0006685366598829634,-0.1559848012496282,-0.7145221172159908,0.00023705888763678846,-0.0002629411123632117,-0.001262941112363212,0.9096389886489838,0.08345674119623045,-0.00011173683436925755,True,-0.004394211145476949,0.003884607775033473,194,1.0,40,1.0
R4,full,short,48,Q3,quintile_pooled,69408,730,742,0.001508300294575782,0.001891089773407353,0.7975825980266058,0.0,-0.00039710045915079627,0.0020460732477377286,-0.19407929779144334,0.8461680072923331,-0.004414017809359462,0.0036198168910578695,0.00040645066248645896,-3.565371385062614e-05,-0.08328737366357505,-0.0008760717016938623,0.00080476427399261,-0.0017977050295341504,-4.5449641901411635,0.47855465429555244,0.4643634110850178,-0.0005726270426208125,-0.13506385975317448,-0.6817476012120244,0.00010289954084920297,-0.0003971004591507974,-0.0013971004591507975,0.923252027835007,0.07904889158806835,-7.308467089042514e-05,True,-0.004493609021184246,0.0035369626009461924,194,1.0,40,1.0
R4,full,short,48,Q4,quintile_pooled,69331,730,746,0.0016668511322845698,0.0018526515499463125,0.8997110829248344,0.0,-0.00018836811277821638,0.002086634928511299,-0.09027363157991744,0.9280946384248011,-0.004284917470019441,0.003908181244463009,0.0013609178222778757,0.000124123646224421,0.2676433863837032,-0.0007863507571522924,0.0010345980496011343,-0.00195772405560753,-4.844868410544543,0.4646849263698383,0.45186274934014103,-0.0009394148131237298,-0.22264839419093468,-0.6860767917979402,0.0003116318872217828,-0.00018836811277821714,-0.0011883681127782186,0.886013875066707,0.07721263381331459,-7.075678414455875e-05,True,-0.0044664566324655736,0.003989700234830737,194,1.0,40,1.0
R4,full,short,48,Q5,quintile_pooled,69686,730,751,0.0025515478598871206,0.00188187615173612,1.3558532305822553,0.002897752172814294,-0.00035101845664980096,0.0020218098874953913,-0.17361595609003624,0.8622156206563523,-0.004320301191216251,0.0036182642779166484,0.0064406771615720965,0.001000276381409425,1.3562087792618505,-0.0004477057250422856,0.002448258487861135,-0.0022332806155888787,-3.2278131051538246,0.517492753207244,0.5007605544872715,-0.0014116792359853431,-0.33214638899983445,-0.738870115206173,0.00014898154335019837,-0.00035101845664980156,-0.0013510184566498022,0.9311052435209368,0.09643341785242322,-0.0010816237757571164,True,-0.004292565601682171,0.003647109072861371,194,1.0,40,1.0
R4,full,short,48,Q1|L1,quintile_x_liqtercile,16012,730,474,-0.0008294997349509071,0.0018038217483649895,-0.45985682105384185,0.0,-0.0029984706167126007,0.002195751373357158,-1.3655783861030397,0.1724936824553478,-0.007309240916913244,0.0013122996834880425,-0.0013999999999999829,-0.001961945940469164,-1.413334578262403,-0.004687230052509101,0.0007633381715707729,-0.00341808166832735,-2.545267572658547,0.37465650761928554,0.36072945291031727,-0.001617556653542502,-0.36265147193216524,-0.7637168363604951,-0.002498470616712601,-0.002998470616712601,-0.003998470616712602,0.8200099925056208,0.06553157121411075,0.00027816500076160376,True,-0.007301249601137174,0.0013327593711425733,194,1.0,40,1.0
R4,full,short,48,Q1|L2,quintile_x_liqtercile,23398,730,609,-0.0015129499459021175,0.0021644034241693768,-0.6990147626858128,0.003283975662563887,-0.0035682715818999276,0.0021801271552970886,-1.6367263593914891,0.1021204372274644,-0.007848367910541474,0.0007118247467416193,0.0018794139836694219,-0.0026197933834541803,-3.6210855982711236,-0.004040151907398684,-0.001199434859509677,-0.004767296741902727,-6.583810109937189,0.5221144395538653,0.5074142130678176,-0.0029823232646696888,-0.6549104045596756,-0.8275346210128104,-0.0030682715818999297,-0.0035682715818999306,-0.004568271581899931,0.9894876287338148,0.1074322523146167,-3.0485074066083257e-05,True,-0.007655610366491238,0.0005975924254297363,194,1.0,40,1.0
R4,full,short,48,Q1|L3,quintile_x_liqtercile,29694,730,645,0.0025651239529922492,0.0022200344699196306,1.1554432995290886,0.008226254241187891,-0.0008893701820906429,0.0022292058262431106,-0.3989627927671004,0.6900377793772571,-0.00526581934906104,0.003487078984879754,0.005688414584518528,0.0004526697136269615,0.5156740505143201,-0.0012706898279980408,0.002176029255251964,-0.0030414014486601654,-3.4606412398173796,0.5453259698275862,0.5277478448275862,-0.001658357500791346,-0.3538580878855721,-0.7421485255309027,-0.0003893701820906433,-0.0008893701820906436,-0.0018893701820906438,0.9918507543103449,0.17145309648004542,-0.0016187081520336881,True,-0.005151435605632916,0.003423664020852399,194,1.0,40,1.0
R4,full,short,48,Q2|L1,quintile_x_liqtercile,25261,730,474,0.00020350389383630413,0.001587432598852998,0.12819687209607905,0.0,-0.0014834390443461919,0.002055147898446826,-0.721816198954488,0.4706395769338782,-0.00551817204310056,0.0025512939544081754,-0.0013999999999999829,-0.0010681840674492888,-1.1931713853771126,-0.0028257555547620715,0.0006893874198634939,-0.002231913923671395,-3.085691044586766,0.3796461227882674,0.36998772908997346,-0.001496910480188035,-0.35589665913330104,-0.7485588719390144,-0.0009834390443461925,-0.001483439044346193,-0.002483439044346193,0.7711673197957487,0.05869814326217479,0.0001832685304383438,True,-0.005560849901369529,0.0025057170004433543,194,1.0,40,1.0
R4,full,short,48,Q2|L2,quintile_x_liqtercile,23745,730,603,0.0023932881087726406,0.0022021479142311133,1.0867971643985888,0.002510460251046065,0.000560916867816368,0.0022250149079246968,0.2520957795916717,0.8010382831206132,-0.0038073045524078366,0.004929138288040573,0.0014781122446302511,0.0006421607204563262,1.162175693832562,-0.00044261930852277373,0.0017269407494354262,-0.0012769796784700858,-2.293755224117492,0.5181925376905584,0.5038322243746315,-0.00015351237485453236,-0.03434351453896458,-0.7189126190301728,0.0010609168678163672,0.0005609168678163665,-0.00043908313218363345,0.9869872820685589,0.09087667991804733,2.8608076972264636e-06,True,-0.0037231198072678233,0.004927492185366879,194,1.0,40,1.0
R4,full,short,48,Q2|L3,quintile_x_liqtercile,20323,730,637,0.0023807702494819745,0.0022431835177001594,1.0613354773232628,0.00382470119521916,-4.109253744739606e-05,0.0022560953520188404,-0.018214007404706935,0.9854731256463152,-0.004470332093396701,0.004388147018501909,0.0020177256472773456,0.0007464497106075413,1.2083736976845687,-0.000466293976483091,0.0019591933976981736,-0.0017233298025223747,-2.772459320799393,0.5260283408777799,0.5101358000393623,-0.00046663853783261087,-0.1033406732801298,-0.70677794978281,0.0004589074625526033,-4.109253744739686e-05,-0.0010410925374473969,0.9913894902578233,0.10556275353237413,-0.0005302746999851132,True,-0.004514559175075383,0.004521975406578276,194,1.0,40,1.0
R4,full,short,48,Q3|L1,quintile_x_liqtercile,26950,730,477,0.0009139827145974673,0.0016616104973384551,0.5500583416278798,0.0,-0.000671478538865007,0.0020320861771173492,-0.3304380229668923,0.7411642180985578,-0.004660936018457742,0.0033179789407277284,-0.0013555264245015113,-0.0011125277884179113,-1.3507518432950534,-0.002729509212481592,0.0005044536356457693,-0.002214290859039708,-3.4372721233250796,0.40677525880301285,0.3962747207895811,-0.0010973957885291455,-0.2663786920362379,-0.6851674851411347,-0.00017147853886500736,-0.0006714785388650073,-0.0016714785388650074,0.8180030425587177,0.060400558738985144,0.0001772304749160771,True,-0.004707851254727861,0.0033069352098999264,194,1.0,40,1.0
R4,full,short,48,Q3|L2,quintile_x_liqtercile,23371,730,605,0.0018564549211092303,0.0021334779401691022,0.870154261338219,0.002983293556085953,-0.00012001749391801041,0.002155210891956615,-0.0556871229474217,0.9556063581719845,-0.0043511974063826795,0.004111162418546658,0.0016437559425211256,8.56933930447611e-05,0.1576822046312983,-0.0009812328262503544,0.0011526196123398768,-0.0019656037211267323,-3.5027256879589896,0.5215010055196612,0.5071242137692011,-0.00043462010833242944,-0.09756076184659622,-0.6845721066499992,0.00037998250608198893,-0.00012001749391801102,-0.0011200174939180114,0.9896880749646998,0.08617555919034538,-5.244204798962556e-05,True,-0.004421883348523835,0.004056342492950826,194,1.0,40,1.0
R4,full,short,48,Q3|L3,quintile_x_liqtercile,19087,730,632,0.0019211539124152695,0.0021399056109114014,0.8977750713018767,0.0036832412523020164,-0.0004161414958827787,0.002156622761442182,-0.19295979961024598,0.8470443439664019,-0.004650093236305744,0.003817810244540187,0.0018189269876509265,0.0013362618870471697,2.2709101808652794,0.00018105077854642143,0.002491472995547918,-0.0011065198008334246,-1.8563263894138107,0.5273222612249174,0.5081469062712841,8.10224066953467e-05,0.018134830843281477,-0.6755847244764737,8.385850411722059e-05,-0.00041614149588277996,-0.00141614149588278,0.9905171058835857,0.09665427064621393,-0.0003902279889982027,True,-0.004632687469165348,0.003903614035274555,194,1.0,40,1.0
R4,full,short,48,Q4|L1,quintile_x_liqtercile,27841,730,480,0.001412813721014474,0.00166168955683247,0.8502272372148708,0.0,0.00016599507474189429,0.002261638146700599,0.07339594752770551,0.9415112309016185,-0.00427412627546889,0.004606116424952679,-0.001100733195199639,-0.000543644315682677,-0.6140939051217744,-0.0022816444134108817,0.001194355782045528,-0.0024444639162204277,-3.6675178071320405,0.36976510308167515,0.36042669348466344,-0.0025242638045269794,-0.5419285205070411,-0.7876655443867007,0.0006659950747418939,0.00016599507474189396,-0.0008340049252581064,0.7334243229653042,0.054542708103775074,0.0001666368491674752,True,-0.004395390104179804,0.004610769065454475,194,1.0,40,1.0
R4,full,short,48,Q4|L2,quintile_x_liqtercile,21997,730,607,0.0013658396796955,0.0021283022672554243,0.6417507986104031,0.003628823224468558,-0.0007115188466299607,0.0021526552007524228,-0.3305308004650544,0.741094155583261,-0.004937681343246372,0.00351464364998645,0.002437724276111051,-0.00010134292209254862,-0.17973075496778024,-0.00120832542392803,0.001005639579742933,-0.002286738084855174,-3.9708218003222293,0.5262081192889939,0.5114788380233668,-0.0012266253712217281,-0.27726299161294754,-0.7019278475006547,-0.00021151884662996083,-0.0007115188466299604,-0.001711518846629961,0.9864526980951948,0.08660340900679543,-5.4346388773679276e-05,True,-0.00495126467073732,0.0035517880735816336,194,1.0,40,1.0
R4,full,short,48,Q4|L3,quintile_x_liqtercile,19493,730,639,0.0023693599554401915,0.002089527870059812,1.1339212026745398,0.0044868199663488095,2.477282376700913e-05,0.002106576855107433,0.011759753130747156,0.9906205170550965,-0.004110927170446361,0.004160472817980379,0.002846653919581052,0.001332296627844687,2.11483692073345,9.551285891083966e-05,0.002569080396778534,-0.0010732857658944284,-1.6825854484955938,0.5308299989740433,0.5151841592284806,0.0003827959003695982,0.08750561112711386,-0.6378528227676771,0.0005247728237670087,2.4772823767008558e-05,-0.0009752271762329923,0.9906124961526623,0.0989940634672594,-0.00034022326238931276,True,-0.00400748002446907,0.004250649902827225,194,1.0,40,1.0
R4,full,short,48,Q5|L1,quintile_x_liqtercile,19321,730,480,-0.00018297441464934825,0.0016514286729453337,-0.11079764911857332,0.0,-0.0021068687168075044,0.002118719176926309,-0.9944067811119752,0.32035572247625704,-0.0062664069109680115,0.0020526694773530026,-0.0013500000000000716,-0.0011728498800259704,-0.8181422483930427,-0.00398723379460633,0.0016415340345543896,-0.0041196068417579425,-3.164254226051867,0.3721857046736711,0.3600745303038145,-0.004338765186927264,-0.8514074566146034,-0.8928108778296135,-0.0016068687168075057,-0.0021068687168075057,-0.0031068687168075058,0.778375860462709,0.0540573606850638,1.4951757430669777e-05,True,-0.006232591204700328,0.0020664306660724188,194,1.0,40,1.0
R4,full,short,48,Q5|L2,quintile_x_liqtercile,23118,730,612,0.0030123223422614137,0.002166077439413666,1.3906808165994367,0.011140656914110592,0.0006208052513305404,0.002191097887192675,0.28333067863341405,0.7770040230747463,-0.0036808291739283167,0.004922439676589397,0.009643960895044804,0.0013824363498726668,1.539526146210292,-0.00038046417771720733,0.003145336877462541,-0.0011021341932180974,-1.2041302147587198,0.5732762349684228,0.5554978804394843,-0.00022181464301030004,-0.048419662636178376,-0.7231515873120964,0.0011208052513305403,0.0006208052513305396,-0.000379194748669461,0.9887533523661216,0.09360424885573915,-0.0005105857122232975,True,-0.00375731062169884,0.00485609691055219,194,1.0,40,1.0
R4,full,short,48,Q5|L3,quintile_x_liqtercile,27247,730,651,0.00409966399681193,0.0022937849337354224,1.787292233250324,0.013338273434605363,-0.000195679574720905,0.002327141772954013,-0.08408579872317554,0.9330113638550959,-0.004764399768149961,0.004373040618708151,0.010900470912734923,0.0022170047678835344,1.9843053915233997,2.355422345112681e-05,0.004410455312315942,-0.0021401757099713745,-1.8824760567914598,0.573200719345249,0.5540793481851213,-0.0013425398593890352,-0.2845653691546703,-0.731506780813495,0.00030432042527909575,-0.00019567957472090526,-0.0011956795747209055,0.990494366352259,0.1288829546599945,-0.0021763394827330742,True,-0.004657404679345519,0.004389440032964789,194,1.0,40,1.0
R4,full,short,72,Q1,quintile_pooled,69101,730,750,0.001008705364481985,0.0023379327037977168,0.43145183898726136,0.0018026137899954664,-0.0020127874629022988,0.002459142571740568,-0.8184915693918707,0.4133451219335351,-0.006840666994233328,0.00281509206842873,0.004278443621037693,-0.0013610392588720825,-1.8425223725491264,-0.0028112383036500866,8.915978590592162e-05,-0.004259004424019981,-6.05449706194816,0.5086891721772852,0.4937562401423838,-0.0022040543406321566,-0.3401160086467023,-0.660584308252955,-0.0015127874629022992,-0.0020127874629023005,-0.0030127874629023005,0.9485305821238913,0.12523383072777952,-0.0010209087060654267,True,,,194,1.0,40,1.0
R4,full,short,72,Q2,quintile_pooled,69328,730,746,0.0019733154849977466,0.002301801556994542,0.8572917500213619,0.0,-2.2589865012213885e-06,0.0025290911279532854,-0.0008932009116846319,0.9992875742456043,-0.004967464107111326,0.004962946134108883,0.0028859343816987886,-0.00038804030456890057,-0.6448214802469852,-0.0015694677964584519,0.0007933871873206507,-0.0018078487435901516,-3.1638463935316725,0.4817475084014827,0.4692714868821485,-0.00024416131546916713,-0.038152006601421234,-0.6998593866129255,0.0004977410134987765,-2.2589865012238737e-06,-0.0010022589865012243,0.9073601315390939,0.08345674119623045,-0.00024144258543952465,True,,,194,1.0,40,1.0
R4,full,short,72,Q3,quintile_pooled,69407,730,742,0.002937416862835658,0.0022752829827912455,1.2910116609900222,0.0,0.001057223102753405,0.0024622183171583408,0.4293782949245345,0.6677753403944332,-0.003776694845592031,0.005891141051098841,0.0035974398107539284,0.0005795080986523682,1.1158076148965408,-0.00044011559949604095,0.0015991317968007774,-0.0015676910865415237,-3.2095514017705296,0.4924721577893357,0.48124882940252706,3.943504427972662e-05,0.006234706551909325,-0.6803531754768217,0.0015572231027534032,0.0010572231027534038,5.722310275340244e-05,0.9222579204425939,0.07904889158806835,-0.00017379099417306367,True,,,194,1.0,40,1.0
R4,full,short,72,Q4,quintile_pooled,69330,730,746,0.0033843345791977324,0.002205005703994661,1.5348416437502,0.0,0.001667988199292297,0.0024866366050582266,0.6707808434490732,0.5025734874957166,-0.0032138686338078217,0.0065498450323924155,0.0044742355427914455,0.0010228276072893172,1.790550408764934,-9.863712810685038e-05,0.002144292342685485,-0.0012557082043619327,-2.4644704156748323,0.4771897941817028,0.46537723739056436,0.00018130967713352064,0.029012683688790914,-0.6645223245019101,0.0021679881992922945,0.0016679881992922947,0.000667988199292294,0.8837638642493474,0.07721263381331459,-0.00014962972973855745,True,,,194,1.0,40,1.0
R4,full,short,72,Q5,quintile_pooled,69686,730,751,0.002520241097142221,0.002261384793563572,1.1144680482133842,0.004624515217783398,-0.0007279430066968869,0.002436301599747549,-0.2987901854073883,0.7651856429777393,-0.0055109802981236425,0.0040550942847298686,0.00991377130585747,0.00014087012378295882,0.15493749437933593,-0.0016441047206396222,0.00192584496820554,-0.0032272112174946484,-3.6484339805434116,0.5214677266595873,0.5066871394541228,-0.00168579518712984,-0.26880918341076276,-0.6895906863207094,-0.00022794300669688757,-0.0007279430066968886,-0.001727943006696889,0.9285365783658124,0.09643341785242322,-0.001447132761722263,True,,,194,1.0,40,1.0
R4,full,short,72,Q1|L1,quintile_x_liqtercile,16012,730,474,-0.0017976853015063093,0.002205017738041658,-0.8152702223170719,0.0,-0.0042267601612224395,0.0026968024873508466,-1.5673228503191268,0.11747498130032012,-0.009521222417434118,0.0010677020949892398,-0.0010999999999999743,-0.004751504742587012,-2.664981861494908,-0.008251815814748884,-0.0012511936704251406,-0.00629847648417876,-3.5723530944749142,0.38533599800149887,0.37359480389707717,-0.003303307556602095,-0.482739362987607,-0.7419928826852222,-0.00372676016122244,-0.00422676016122244,-0.00522676016122244,0.8176992255808144,0.06553157121411075,0.00035141535935230935,True,,,194,1.0,40,1.0
R4,full,short,72,Q1|L2,quintile_x_liqtercile,23397,730,609,-0.001088354155767658,0.00267363484929358,-0.40706910895301196,0.006650262685376052,-0.0032409359405264175,0.0027070839737992555,-1.197205543638134,0.2316172092300165,-0.008555583190705648,0.0020737113096528127,0.005465512561012244,-0.002763592093470814,-2.9927910557967636,-0.004576464657364764,-0.0009507195295768642,-0.005039493225993193,-5.404763025312913,0.5333105422845178,0.5201914448100509,-0.002638163125215509,-0.3817724439769134,-0.6937283089550215,-0.002740935940526418,-0.003240935940526418,-0.0042409359405264175,0.9864108371437118,0.1074322523146167,-0.00010666958714206334,True,,,194,1.0,40,1.0
R4,full,short,72,Q1|L3,quintile_x_liqtercile,29692,730,645,0.00417456919780697,0.002592040531967977,1.6105339196364636,0.012276621371456575,-6.0777400558984755e-05,0.002614395020725571,-0.023247214012103366,0.9814594653139959,-0.0051934542743691,0.00507189947325113,0.009379066913677148,0.0015725341614549382,1.512492207714977,-0.00046862408086567153,0.0036136924037755477,-0.0027365589071330593,-2.6000881693698665,0.5557987607758621,0.5377155172413793,-0.0005201741407231319,-0.07529094642412357,-0.6457699091195687,0.0004392225994410161,-6.077740055898491e-05,-0.0010607774005589841,0.9892241379310345,0.17145309648004542,-0.002350947532679752,True,,,194,1.0,40,1.0
R4,full,short,72,Q2|L1,quintile_x_liqtercile,25261,730,474,0.0008960272465379757,0.0019261037170877503,0.4652019715183147,0.0,-0.0006827794239771181,0.002499845056343006,-0.2731286974145302,0.7848319623497106,-0.005590567576526208,0.004225008728571972,-0.0004225850155805521,-0.002381552633386577,-2.141296684193631,-0.004565052007154289,-0.00019805325961886472,-0.002275231858752152,-2.405549392051666,0.3909670268772513,0.38241697343941733,-0.0010476573614968292,-0.16590493972115739,-0.6989086795678796,-0.00018277942397711906,-0.0006827794239771196,-0.00168277942397712,0.7692277243399438,0.05869814326217479,0.00017213717285029177,True,,,194,1.0,40,1.0
R4,full,short,72,Q2|L2,quintile_x_liqtercile,23744,730,603,0.002654152980907964,0.0026092534297600064,1.0172078153221351,0.005312674565607245,0.0007372531594824498,0.0026425548666384868,0.2789925646540263,0.7803299833617826,-0.004450708163977193,0.005925214482942093,0.004360665666441161,0.0003618071970531386,0.5202260998091048,-0.001003576763181279,0.0017271911572875561,-0.0016471298935450845,-2.329680909967305,0.530405120862461,0.5176871894213763,-0.00023349970533548655,-0.034649156272442,-0.7137640328892776,0.0012372531594824485,0.0007372531594824471,-0.00026274684051755335,0.9843763160111176,0.09087667991804733,-6.51852385026799e-05,True,,,194,1.0,40,1.0
R4,full,short,72,Q2|L3,quintile_x_liqtercile,20323,730,637,0.002516914987474749,0.002738291741264245,0.9191551614265584,0.00639211321354749,-0.00020427894763516,0.0027601184592089844,-0.07401093491244713,0.9410220710321286,-0.005623045458530159,0.005214487563259839,0.004544111616266999,0.0012137771367414188,1.3334405952342072,-0.000573265902309744,0.0030008201757925814,-0.0015428861210345687,-1.6846092278059186,0.5377386341271403,0.5206652233812241,0.00045856946561133533,0.06826291667661129,-0.6896738692498696,0.0002957210523648398,-0.0002042789476351605,-0.001204278947635161,0.9890769533556386,0.10556275353237413,-0.0008462137986270058,True,,,194,1.0,40,1.0
R4,full,short,72,Q3|L1,quintile_x_liqtercile,26949,730,477,0.0017651897462458849,0.002034171693746478,0.867768316545006,0.0,0.00038945145624511024,0.002490106687330702,0.1563995061844467,0.8757616060768628,-0.0044992179705483715,0.005278120883038592,0.0006931684337350003,-0.00047296657902765374,-0.48162295476925343,-0.002400904332353066,0.001454971174297758,-0.002345971887196416,-2.9740813307871026,0.4198731030388483,0.41182145374939705,-0.000600744407012963,-0.09698563034818303,-0.6679815823209835,0.0008894514562451087,0.0003894514562451083,-0.0006105485437548916,0.8165559719490928,0.060400558738985144,0.00017545169264323885,True,,,194,1.0,40,1.0
R4,full,short,72,Q3|L2,quintile_x_liqtercile,23371,730,605,0.00404058464589859,0.002542677362370264,1.5891063119907545,0.005981511691136476,0.0019847925519714204,0.002568027864131749,0.7728859097260923,0.43984145393172724,-0.003056854607328531,0.007026439711271372,0.004890235640893827,0.0008752957714954957,1.3587158846820997,-0.00038942866472646586,0.0021400202077174572,-0.001310334556677263,-1.9682923307618165,0.5354499165632621,0.5238971374780711,0.0007665605201749605,0.11702364090740403,-0.6776053778347783,0.002484792551971419,0.001984792551971418,0.0009847925519714178,0.9891318300457832,0.08617555919034538,-0.0001518781727732862,True,,,194,1.0,40,1.0
R4,full,short,72,Q3|L3,quintile_x_liqtercile,19087,730,632,0.003241718969348679,0.002572308418232455,1.2602372819571166,0.00683850604944769,0.0007000325509579259,0.002593353059034052,0.2699333777633299,0.7872882167180804,-0.0043913339664226995,0.005791399068338551,0.0052223859813341645,0.0017033246432524723,2.160005329235549,0.00015517713111033184,0.003251472155394613,-0.000975901437584985,-1.225831063996965,0.5423586734426573,0.5270603028239116,0.00018801767349693282,0.02786875339426836,-0.6867669062636748,0.001200032550957925,0.0007000325509579239,-0.0002999674490420763,0.9896264473201656,0.09665427064621393,-0.0006075006929959249,True,,,194,1.0,40,1.0
R4,full,short,72,Q4|L1,quintile_x_liqtercile,27840,730,480,0.0023719330054483264,0.001930421926744209,1.2287122170481954,0.0,0.0014676387466555881,0.002629850999702961,0.5580691631660335,0.5769692063473736,-0.003695381875987604,0.0066306593692987805,0.002436953835192048,0.0004338679050445622,0.4004077552265689,-0.0016934126802036697,0.0025611484902927943,-0.001697147083271679,-2.0823479115630477,0.3834853817972847,0.37587098627972126,-0.0011923803021031381,-0.1880577313582959,-0.6697134469420857,0.001967638746655587,0.001467638746655586,0.00046763874665558636,0.7320594784857409,0.054542708103775074,0.00020838502551269572,True,,,194,1.0,40,1.0
R4,full,short,72,Q4|L2,quintile_x_liqtercile,21997,730,607,0.0031852379787676312,0.0025746470803949917,1.2371551825576674,0.005631610274254739,0.0010805584415983702,0.002611978063714955,0.41369353617829296,0.6792207365641492,-0.004047373372932241,0.006208490256128981,0.004910627866186028,0.0007860761763817652,1.1393982540398988,-0.0005683608475053994,0.00214051320026893,-0.0015010274369188935,-2.109464593838531,0.5343455925808065,0.5199799972723553,-0.0001642817252584203,-0.024619914202886825,-0.6701527407148825,0.0015805584415983691,0.0010805584415983687,8.055844159836842e-05,0.9835432104377869,0.08660340900679543,-0.00013878541206379026,True,,,194,1.0,40,1.0
R4,full,short,72,Q4|L3,quintile_x_liqtercile,19493,730,639,0.00505492339225085,0.0024928061294477756,2.0278044620223445,0.008047731372276878,0.0025400574427150973,0.0025153642698694232,1.0098169371098509,0.31291943597460053,-0.002398198603069445,0.0074783134884996395,0.006389900163071581,0.0021311464569362362,2.717321648901133,0.000591425646218554,0.0036708672676539185,-0.0005128286433779126,-0.6459530951020871,0.5465271365548374,0.5315994665025136,0.0011222184555329808,0.1729632975420695,-0.6507679122237631,0.0030400574427150977,0.002540057442715097,0.0015400574427150968,0.9878424130501693,0.0989940634672594,-0.0005407432756919579,True,,,194,1.0,40,1.0
R4,full,short,72,Q5|L1,quintile_x_liqtercile,19321,730,480,-4.7249591022968265e-05,0.0018594106906567871,-0.025411056987242883,0.0,-0.00193358279855118,0.0023889537340420048,-0.8093847825506619,0.4185590336798158,-0.0066236650111147315,0.002756499414012372,-0.0010500000000001047,-0.0015234853226752515,-0.9332568682573051,-0.004728328713210689,0.001681358067860186,-0.0034241877245754877,-2.4162012522304375,0.3751358625329952,0.36411158842710006,-0.002054491702550908,-0.33011594277197853,-0.6770587020052428,-0.0014335827985511803,-0.0019335827985511817,-0.0029335827985511823,0.7764608457119196,0.0540573606850638,4.574738034927096e-05,True,,,194,1.0,40,1.0
R4,full,short,72,Q5|L2,quintile_x_liqtercile,23118,730,612,0.0019065415159608078,0.0025729004039967973,0.7410086737128053,0.013655646448272774,-0.0005297134101598036,0.002609759456170718,-0.20297403613475107,0.8392121973856925,-0.005653289572409834,0.004593862752090226,0.012315031384807407,-0.00041171107144923947,-0.3554901522789454,-0.0026854191431909015,0.0018619970002924228,-0.002946605568375338,-2.5017377369876757,0.5720650575309283,0.5568820832251925,-0.0010087114798461255,-0.15239155896370846,-0.7064551619314124,-2.971341015980446e-05,-0.0005297134101598047,-0.0015297134101598052,0.9857686651094385,0.09360424885573915,-0.0005849087261398132,True,,,194,1.0,40,1.0
R4,full,short,72,Q5|L3,quintile_x_liqtercile,27247,730,651,0.004861562875825802,0.0028434902389394565,1.7097167450235493,0.018350203126075937,-0.0002237797563935431,0.0028991033852003942,-0.07718929843478997,0.9384942221149545,-0.005915406607745563,0.005467847094958477,0.016160113545210353,0.001789917125375688,1.2504388648553972,-0.0010203020437740719,0.004600136294525448,-0.003355009121212029,-2.269924559590784,0.5823026388226227,0.5651998385143319,-0.0020472541467060207,-0.2830307571770449,-0.7630296475155932,0.0002762202436064566,-0.00022377975639354322,-0.0012237797563935445,0.9878151723125481,0.1288829546599945,-0.0030092881188928224,True,,,194,1.0,40,1.0
R4,live_diag,long,24,Q1,quintile_pooled,58162,730,716,-2.072816795125375e-05,0.0015127683019811183,-0.013702143232448871,-0.0032402979575551494,-0.001644538855156235,0.0015148014639364978,-1.0856464654335558,0.27799479253969167,-0.0046184393992687815,0.001329361688956311,-0.00520228565952037,0.0006967610127114253,1.5594650418431308,-0.00018039719223292435,0.001573919217655775,-0.0009063664842146121,-2.0236607593031546,0.4687172257276963,0.45131784811650016,-0.0016266753064218356,-0.7115473065055652,-0.9103171920288449,-0.0011445388551562371,-0.0016445388551562373,-0.0026445388551562367,0.9962691057889036,0.13614354994949185,-0.00034679635971422105,True,,,194,1.0,40,1.0
R4,live_diag,long,24,Q2,quintile_pooled,58461,730,709,-0.0007593199844115623,0.0014900864112646723,-0.5095811750723296,-0.0018362100624311761,-0.0027817074255918617,0.0014906646459564327,-1.8660853285395231,0.062431339423634005,-0.00570822189447741,0.00014480704329368705,-0.003928704423081722,-4.188187735970403e-05,-0.13741090560175379,-0.0006402585728395895,0.0005564948181201815,-0.0020499149889587846,-6.766247580704087,0.4777886112108927,0.4581686936590205,-0.0025093915408354707,-1.128072999114679,-0.957369255010988,-0.002281707425591864,-0.0027817074255918643,-0.003781707425591864,0.9978618224115222,0.09270313433230477,-2.71506424849175e-05,True,,,194,1.0,40,1.0
R4,live_diag,long,24,Q3,quintile_pooled,58461,730,703,-0.000837572340849683,0.0014606753293990296,-0.5734144501463498,-0.0017630465444288257,-0.002851044767937805,0.001462790847981617,-1.949044712627047,0.05167381088874163,-0.005722836618092598,2.074708221698777e-05,-0.0038480837130804284,-0.0001203654331762317,-0.4326653979453005,-0.0006665247555634467,0.00042579388921098327,-0.002118245866795172,-7.55781027398363,0.479208361129642,0.4583739587075144,-0.0026944073813210618,-1.2402952186085667,-0.9529768585496912,-0.002351044767937807,-0.0028510447679378076,-0.0038510447679378076,0.9979131386736457,0.08650044507558553,1.2914451738951187e-06,True,,,194,1.0,40,1.0
R4,live_diag,long,24,Q4,quintile_pooled,58460,730,709,-0.0009553849511844222,0.0014413733366796533,-0.6628296270453056,-0.0025111170956957363,-0.002963266962190321,0.0014427281537486348,-2.0539329980432393,0.0403387833487232,-0.005795671170653258,-0.0001308627537273837,-0.004634843869002257,-0.00023757155785971858,-0.8820553843284166,-0.0007663434024664671,0.0002912002867470299,-0.00223128630758268,-8.257370715599023,0.46973195805750845,0.4486067634833479,-0.0028704414051399594,-1.3334894635336707,-0.9505072165398971,-0.0024632669621903226,-0.0029632669621903226,-0.003963266962190323,0.9978960332529379,0.08799949142444718,-9.105310775140007e-06,True,,,194,1.0,40,1.0
R4,live_diag,long,24,Q5,quintile_pooled,58737,730,717,-0.0015686061022169107,0.001419000906517293,-1.1054299507579592,-0.007532956685499026,-0.002920127890504039,0.0014216746878221939,-2.054005684645947,0.040331727713307744,-0.0057111993466131515,-0.00012905643439492607,-0.009373431933842295,-0.0008553073094305732,-1.882098561045574,-0.0017474812893744358,3.6866670513289405e-05,-0.002195408038429496,-4.790569597642375,0.43602839777312424,0.4192587295912287,-0.002810909057917865,-1.3032349702287076,-0.9342463852754737,-0.0024201278905040414,-0.002920127890504042,-0.003920127890504042,0.9973781432487189,0.10735227276861566,-0.0006418798141098993,True,,,194,1.0,40,1.0
R4,live_diag,long,24,Q1|L1,quintile_x_liqtercile,10750,729,447,-0.00028835067669247526,0.0015927721118267485,-0.18103699490429062,-0.0022141008867511136,-0.0022639491829194187,0.0015997315543422803,-1.4152056804619493,0.15743640050220747,-0.005404594046644983,0.0008766956808061465,-0.004432918275966384,4.3975397846734525e-05,0.0686582569213092,-0.0012134659239463666,0.0013014167196398355,-0.0019349889223867595,-3.0137795635464992,0.47125581395348837,0.44595348837209303,-0.0021477213565705283,-0.946565775248589,-0.9470395128891876,-0.0017639491829194193,-0.00226394918291942,-0.003263949182919419,0.9946046511627907,0.09023786050631386,0.00017292677609427059,True,,,194,1.0,40,1.0
R4,live_diag,long,24,Q1|L2,quintile_x_liqtercile,21286,730,590,0.0007594378179237491,0.001554253860795798,0.4886189039510619,-0.002343658454417641,-0.0012108968185617003,0.0015537417716040224,-0.7793423853898307,0.43603132163184083,-0.0042612460623338184,0.001839452425210418,-0.0045352789944771415,0.0014778249600618503,2.614424853618856,0.0003680969036478315,0.002587553016475869,-0.0004673478394163547,-0.8304168590934083,0.4735284445905952,0.45440879409968526,-0.0016106206723968365,-0.6921284825822225,-0.9290718209408095,-0.0007108968185617016,-0.001210896818561702,-0.0022108968185617023,0.9965236999107436,0.10972099415419083,-2.2153344647189055e-06,True,,,194,1.0,40,1.0
R4,live_diag,long,24,Q1|L3,quintile_x_liqtercile,26126,730,627,-0.0005462457062796299,0.00169366358654829,-0.322523144866618,-0.004636100485561734,-0.0017434641382803844,0.0016950989582279056,-1.0285323637406047,0.3040410761389173,-0.005071329759098075,0.0015844014825373055,-0.006251790745015693,0.0003289939674880565,0.4404205857961935,-0.001137533010511362,0.001795520945487475,-0.0008416558895050702,-1.1244652647424065,0.46375258363316235,0.4510066600321519,-0.0015894406198456049,-0.6444458136666835,-0.9076367879252826,-0.0012434641382803849,-0.001743464138280385,-0.0027434641382803856,0.9967465360177601,0.17656087777345025,-0.0008408817272762227,True,,,194,1.0,40,1.0
R4,live_diag,long,24,Q2|L1,quintile_x_liqtercile,17991,730,451,-0.0005109679047723662,0.0014604210476704875,-0.3498771163202621,-0.001404494382022503,-0.002662885872841965,0.0014617329555246764,-1.821732117879319,0.06890585814967969,-0.005532600838977163,0.0002068290932932329,-0.003627410468319636,0.00023205288548001446,0.6034226447247476,-0.0005229265134369087,0.0009870322843969375,-0.0019156111452875916,-4.934106046882531,0.4814073703518426,0.4607303651825913,-0.0023794278628088265,-1.0850705226199706,-0.9498071954292345,-0.0021628858728419665,-0.002662885872841967,-0.003662885872841967,0.9986659996664999,0.07866246712152232,0.00014790936160738688,True,,,194,1.0,40,1.0
R4,live_diag,long,24,Q2|L2,quintile_x_liqtercile,22588,730,590,-0.0007418584805115367,0.0015744123923999184,-0.4711970536389784,-0.0015105774650136516,-0.002847391906678047,0.0015747526508029467,-1.8081518422757998,0.07099541434499337,-0.0059389902953510335,0.00024420648199493947,-0.0036520993975740195,3.588585233251056e-05,0.08951615867088931,-0.0007511446429838137,0.0008229163476488349,-0.0020507202456708203,-5.155605282988823,0.4803878165397556,0.4590933238887905,-0.002601052576996966,-1.1368477182929404,-0.959082329859602,-0.002347391906678049,-0.0028473919066780494,-0.0038473919066780494,0.9975650788029042,0.09152444982360253,2.362492433319816e-05,True,,,194,1.0,40,1.0
R4,live_diag,long,24,Q2|L3,quintile_x_liqtercile,17882,730,608,-0.0010312427399692496,0.001593721256661615,-0.6470659380733899,-0.002817513778370695,-0.0028184196046646594,0.0015947593578623962,-1.7673008725544952,0.07759675233146496,-0.005949295719446638,0.00031245651011731863,-0.004594500554466486,-0.00041572025094974537,-0.9044677011273382,-0.0013180761259475524,0.00048663562404806167,-0.002184187937475717,-4.751533827147339,0.4708645565373001,0.4544234425679454,-0.002597185944609945,-1.1321140200698532,-0.9659247359468283,-0.00231841960466466,-0.0028184196046646607,-0.00381841960466466,0.9974275808075159,0.10831826516061,-0.0002676434065934078,True,,,194,1.0,40,1.0
R4,live_diag,long,24,Q3|L1,quintile_x_liqtercile,20597,730,450,-0.00026952834090991775,0.0014343851731823077,-0.18790513590707703,-0.00045024808669580363,-0.002441418296907429,0.0014363107251906533,-1.6997842138812684,0.08959868233666897,-0.005261223630379323,0.000378387036564465,-0.002683189796622569,0.00028002217567974587,0.8394250050777673,-0.00037488576429672464,0.0009349301156562164,-0.0018780976484117943,-5.584065631058071,0.49099383405350294,0.4690974413749575,-0.0023517459600647657,-1.10925468082302,-0.9436241833399551,-0.0019414182969074306,-0.0024414182969074313,-0.0034414182969074304,0.9983978249259601,0.0758390741686167,0.0001341228258120945,True,,,194,1.0,40,1.0
R4,live_diag,long,24,Q3|L2,quintile_x_liqtercile,21912,730,581,-0.0012436813853410516,0.0015257657315129324,-0.8151194902692112,-0.0022508047893651795,-0.003256244595096123,0.001530931731504487,-2.126969170529979,0.03375828767126995,-0.006261812531034702,-0.00025067665915754454,-0.0044098814220375135,-0.00026436223251613935,-0.6574593176919401,-0.0010537679330425848,0.0005250434680103062,-0.0022611985048551827,-5.495866165660212,0.47485396129974444,0.454043446513326,-0.0029481400487437084,-1.301206441583271,-0.9600596899208933,-0.0027562445950961253,-0.0032562445950961253,-0.004256244595096125,0.9977181453085068,0.08669453432970994,1.7101043820325902e-05,True,,,194,1.0,40,1.0
R4,live_diag,long,24,Q3|L3,quintile_x_liqtercile,15952,730,601,-0.0010131829780026717,0.0015669243184722407,-0.6466061992008206,-0.0026991157500578233,-0.0028237136631136697,0.0015677295439569777,-1.8011484659443016,0.07209318432301265,-0.005901524092263358,0.00025409676603601944,-0.0046654589371979745,-0.0004395433238777439,-0.9582530692792973,-0.001340058842025197,0.0004609721942697093,-0.0022321890195361894,-4.861601927699756,0.46997241725175526,0.4504764292878636,-0.0028467999521558755,-1.262938090416708,-0.9545439629056017,-0.00232371366311367,-0.0028237136631136706,-0.003823713663113671,0.9975551654964895,0.09999965350302178,-0.00019208340287815056,True,,,194,1.0,40,1.0
R4,live_diag,long,24,Q4|L1,quintile_x_liqtercile,19420,730,453,-0.0007279963201615831,0.001582999331137668,-0.45988416156713574,-0.0016527659028758301,-0.002881001275168499,0.001584308122148281,-1.818460206630725,0.06940460966161288,-0.005991359232081732,0.00022935668174473402,-0.003910604390243903,0.0005006759829952255,1.271824671760129,-0.00027218119673356805,0.001273533162724019,-0.0016382128719973099,-4.1410953479116,0.4768280123583934,0.4535530381050463,-0.002260763261493179,-1.05112093459621,-0.9343363993150113,-0.0023810012751685006,-0.0028810012751685015,-0.0038810012751685006,0.9978887744593203,0.07631404079719104,0.00012072801898962389,True,,,194,1.0,40,1.0
R4,live_diag,long,24,Q4|L2,quintile_x_liqtercile,21606,730,593,-0.000971642786464631,0.001479450681258997,-0.6567591598509883,-0.0024552952809802076,-0.0029967150268676514,0.001482209865238644,-2.0217886124952784,0.0435635336593185,-0.005906630834096481,-8.67992196388217e-05,-0.004599069680436383,-0.0002977506105438012,-0.8252849584267719,-0.0010060526023185795,0.0004105513812309771,-0.002306286211966183,-6.324476447633841,0.47065629917615476,0.448579098398593,-0.0029456950789048617,-1.3385631238682099,-0.9545495401850141,-0.002496715026867653,-0.0029967150268676536,-0.003996715026867654,0.997546977691382,0.08751603757079096,2.983705748618284e-06,True,,,194,1.0,40,1.0
R4,live_diag,long,24,Q4|L3,quintile_x_liqtercile,17434,730,615,-0.0011885282588246298,0.0014477662143843103,-0.8209393526496084,-0.0034724586529877866,-0.0030134433833799434,0.0014492789604466938,-2.079270772309526,0.03794196664403657,-0.005858708318523925,-0.00016817844823596153,-0.0054368058509347405,-0.0009853367655636726,-2.1328028843023503,-0.0018923292753315162,-7.834425579582923e-05,-0.0027987495175241473,-6.045239447851051,0.4606825351304847,0.4431316317751649,-0.0037102114177350906,-1.655237555186819,-0.9662178498482524,-0.0025134433833799447,-0.003013443383379945,-0.004013443383379945,0.9983366790937769,0.10161445873981341,-0.00016862471044467475,True,,,194,1.0,40,1.0
R4,live_diag,long,24,Q5|L1,quintile_x_liqtercile,13020,730,454,-9.46487494044538e-05,0.0017832639615930717,-0.053076129750247246,-0.003497197112939554,-0.00199989354018133,0.0017905739082596309,-1.1169008612021774,0.26440519671744317,-0.005515198249624279,0.001515411169261619,-0.00561483972034992,0.0005075573750595981,0.7675551517179132,-0.0007906536224710625,0.0018057683725902587,-0.0013937772410786149,-2.0705577203918653,0.4599078341013825,0.4342549923195084,-0.0019256600737212338,-0.8757226107720739,-0.8944299667161792,-0.0014998935401813313,-0.001999893540181332,-0.0029998935401813315,0.9972350230414746,0.07971976333578369,-0.00010295417821935192,True,,,194,1.0,40,1.0
R4,live_diag,long,24,Q5|L2,quintile_x_liqtercile,21690,730,589,-0.0011944645341099163,0.0014727330246183173,-0.8110529974836962,-0.007480721434224902,-0.0028187512108274766,0.0014758335662921605,-1.909938407153336,0.05653384677657917,-0.0057161488898673524,7.864646821239977e-05,-0.009355997597958283,-0.0006873999858225018,-1.0519350564862844,-0.0019702926520413274,0.0005954926803963239,-0.00229595703742041,-3.4826903226194292,0.43531581373905026,0.41715076071922547,-0.002956093047476683,-1.3004430379864889,-0.9423965008919513,-0.002318751210827477,-0.002818751210827478,-0.0038187512108274774,0.997372060857538,0.09563359342181095,-0.0003919753275089021,True,,,194,1.0,40,1.0
R4,live_diag,long,24,Q5|L3,quintile_x_liqtercile,24027,730,629,-0.002705079875299647,0.001572162274310433,-1.7206111096172458,-0.009929254064788395,-0.0035101889985751913,0.0015786363543091033,-2.2235576857163157,0.026484380299628837,-0.006609411982447681,-0.0004109660147027013,-0.011471747036763387,-0.0017454062831318725,-2.176250950547539,-0.003319959317967736,-0.00017085324829600908,-0.002538944622658545,-3.1292120914021,0.4237316352436842,0.4130353352478462,-0.0031823477824216855,-1.37778162933002,-0.9568941832329213,-0.0030101889985751913,-0.0035101889985751913,-0.004510188998575192,0.9974611894951513,0.13290491886873915,-0.0011594294350329667,True,,,194,1.0,40,1.0
R4,live_diag,long,48,Q1,quintile_pooled,58161,730,716,-0.0004995871062490409,0.002099606901410887,-0.2379431625573959,-0.005920663114268865,-0.0017457625633586877,0.0021062328144983685,-0.828855457640597,0.40745824088258403,-0.005880787125891762,0.0023892619991743866,-0.007725844521577525,0.0009518552515515095,1.6007999877873114,-0.00021550142123482046,0.0021192119243378395,-0.0002320121550047915,-0.3873718686534053,0.46032701201794957,0.446280281278476,-0.0017938294523798081,-0.3965540923289809,-0.8197373924837277,-0.0012457625633586892,-0.0017457625633586907,-0.0027457625633586914,0.9934494438044805,0.13614354994949185,-0.0006945722176456427,True,-0.005901407862717622,0.0023106523181615425,194,1.0,40,1.0
R4,live_diag,long,48,Q2,quintile_pooled,58460,730,709,-0.0016810261017208771,0.0020932838550417653,-0.803056927837117,-0.0034873796065218454,-0.0036818392844164215,0.0020970539188456126,-1.7557198941471197,0.07955734532801284,-0.00779884354134994,0.00043516497251709684,-0.005771628783351166,-0.000240746443494524,-0.5607804551004036,-0.001083570151482529,0.0006020772644934811,-0.002180254791099026,-5.09578548089314,0.4724517199500522,0.45503840166948906,-0.003277272491223342,-0.7345600175470725,-0.8854494756690523,-0.0031818392844164237,-0.0036818392844164246,-0.004681839284416425,0.9957749610851679,0.09270313433230477,-0.0001255734151578709,True,-0.007830639775320654,0.0005050899863522202,194,1.0,40,1.0
R4,live_diag,long,48,Q3,quintile_pooled,58461,730,703,-0.0017728260833680264,0.002065413787204438,-0.8583394254221415,-0.003436426116838587,-0.0037307442731491997,0.0020721883048199522,-1.8003886347931857,0.07221368935013618,-0.007798931550283141,0.000337443003984742,-0.0056239338638727505,-0.0003200498092127026,-0.8024964904028241,-0.0011030180801212268,0.00046291846169582154,-0.002218588494829576,-5.487453465247986,0.473050409674826,0.45548314260789247,-0.0033632377717352138,-0.7657636873930198,-0.8847640367193847,-0.0032307442731492014,-0.0037307442731492027,-0.004730744273149202,0.9958091719265836,0.08650044507558553,-8.526296155696437e-05,True,-0.007846174143171927,0.0003951409742885891,194,1.0,40,1.0
R4,live_diag,long,48,Q4,quintile_pooled,58460,730,709,-0.0018202259723547722,0.002062996988121396,-0.8823211971881278,-0.004063229258970236,-0.003781616471992509,0.0020674178763127864,-1.8291495470364096,0.067786672223242,-0.007840438289185292,0.00027720534520027373,-0.006257169858621243,-0.0003790963445989224,-0.9496591493934587,-0.0011627994581657722,0.0004046067689679275,-0.002278834079329476,-5.672392007808944,0.4682437864559279,0.4516857392107559,-0.0034766969356354455,-0.7926423810626021,-0.8825724657196777,-0.0032816164719925095,-0.0037816164719925117,-0.004781616471992512,0.9958262773472913,0.08799949142444718,-7.962780476493513e-05,True,-0.00788877688163504,0.0003589872502692505,194,1.0,40,1.0
R4,live_diag,long,48,Q5,quintile_pooled,58737,730,717,-0.002672048272642022,0.002047460302838664,-1.3050549839415249,-0.011095260738627433,-0.0036020162525360216,0.0020579332605566766,-1.7503076127753854,0.08048707508033624,-0.007642217564508424,0.0004381850594363814,-0.012822249238625754,-0.001228635417632321,-1.8544366989004015,-0.002529346226770103,7.20753915054613e-05,-0.0021059100588344893,-3.116660670503248,0.4304612084376117,0.4175392001634404,-0.0031894959764745593,-0.719309592047037,-0.8497215790604437,-0.003102016252536022,-0.0036020162525360233,-0.004602016252536024,0.9951648875495854,0.10735227276861566,-0.0010718558311806148,True,-0.007720886828857699,0.00046902709575639544,194,1.0,40,1.0
R4,live_diag,long,48,Q1|L1,quintile_x_liqtercile,10750,729,447,0.0017911852838366495,0.00249911341275014,0.7167282904002129,-0.0016051932053743334,-4.035574851480361e-05,0.0025166830823687807,-0.016035292165916863,0.9872106417942713,-0.004981200935711673,0.0049004894386820656,-0.00402197802197801,0.0019144283978063828,1.5812749055211741,-0.00046242542412781363,0.0042912822197405795,3.6396105652966046e-05,0.029681612677880925,0.4796279069767442,0.45730232558139533,-0.0015865565229627309,-0.3325239491831599,-0.7951208760608044,0.0004596442514851968,-4.035574851480374e-05,-0.001040355748514804,0.9911627906976744,0.09023786050631386,0.00021456303050210055,True,-0.004668780922420053,0.00468511212819696,194,1.0,40,1.0
R4,live_diag,long,48,Q1|L2,quintile_x_liqtercile,21285,730,590,0.000957026268224722,0.0021785432426337523,0.43929642960298737,-0.004389815627743654,-0.0009712355607101401,0.002185584469727979,-0.4443825320697952,0.6568982916703532,-0.005262045866012702,0.0033195747445924216,-0.006727423071805514,0.0023139723819869283,3.0589795258593426,0.000828887308185422,0.0037990574557884346,0.00048297730276997385,0.6390870027277898,0.4667637525250153,0.450227838586931,-0.0015041326940433315,-0.32353828742217694,-0.834418137670943,-0.0004712355607101394,-0.0009712355607101407,-0.00197123556071014,0.9932822849626533,0.10972099415419083,-2.3384729947037878e-05,True,-0.005145844217263754,0.0031194554587804816,194,1.0,40,1.0
R4,live_diag,long,48,Q1|L3,quintile_x_liqtercile,26126,730,627,-0.0026288766595329418,0.0022455140294166225,-1.1707237741978909,-0.0092290179946658,-0.003075389956506615,0.0022515022573935924,-1.3659279915920581,0.17238396127554137,-0.007495612200142341,0.001344832287129111,-0.010405256282306164,-0.0005539368499396422,-0.5820168697331524,-0.0024224425037223875,0.001314568803843103,-0.0009239117475267488,-0.9627351927781672,0.4471407793003139,0.4385286687590906,-0.0023205853427717927,-0.4855459747304987,-0.8465355564184217,-0.002575389956506616,-0.0030753899565066165,-0.0040753899565066165,0.9945265253004669,0.17656087777345025,-0.0016135740384097385,True,-0.007455338243449668,0.0013797445712223188,194,1.0,40,1.0
R4,live_diag,long,48,Q2|L1,quintile_x_liqtercile,17991,730,451,-0.0010422305739633659,0.002111017360701418,-0.4937100913358044,-0.0019404915912031306,-0.0033148994625339335,0.002116227690651916,-1.5664190943049043,0.11768567898528492,-0.0074695462900464075,0.0008397473649785405,-0.0045255455712452635,0.0003981156387051193,0.7218663077141085,-0.0006846194162214274,0.001480850693631666,-0.0018167884503633037,-3.2399164062128163,0.48313045411594685,0.4640653660163415,-0.002754990076346391,-0.6264088328805565,-0.8761107672775696,-0.002814899462533934,-0.003314899462533934,-0.004314899462533934,0.9961091656939581,0.07866246712152232,0.00020573013894313057,True,-0.007401085202565255,0.0008880030835266264,194,1.0,40,1.0
R4,live_diag,long,48,Q2|L2,quintile_x_liqtercile,22588,730,590,-0.0018059672920113707,0.002191955514045001,-0.8239069088946364,-0.0034577724853440683,-0.003938746492490654,0.0021969635673747415,-1.7928137502968489,0.07341832527971792,-0.008251896611295755,0.00037440362631444794,-0.005931509759163166,-0.00018781461202914895,-0.3082037172599049,-0.0013841728299408321,0.001008543605882534,-0.002252356172013687,-3.697306748839752,0.47148928634673276,0.4528953426598194,-0.0035989690168190726,-0.7824006783370128,-0.8978481653762755,-0.003438746492490655,-0.003938746492490655,-0.004938746492490656,0.9955285992562423,0.09152444982360253,-1.932534486592678e-05,True,-0.008336276270012617,0.0003447751589180652,194,1.0,40,1.0
R4,live_diag,long,48,Q2|L3,quintile_x_liqtercile,17881,730,608,-0.0021659206117373014,0.0022250039999640266,-0.9734457159503171,-0.005161895823556861,-0.003726706240888811,0.002229180080086139,-1.6717833943432714,0.094997355520485,-0.008103104862168942,0.0006496923803913208,-0.006997121494481574,-0.0009504042886929845,-1.449097893306853,-0.002238002588196414,0.0003371940108104452,-0.0024550279750190987,-3.7289413257137354,0.4629236103344145,0.44866346046303546,-0.0036618632856327223,-0.7967912894081897,-0.8924441588063265,-0.0032267062408888104,-0.0037267062408888117,-0.00472670624088881,0.9957499161167654,0.10831826516061,-0.0005931962024036866,True,-0.008126227698560154,0.0007550334321912618,194,1.0,40,1.0
R4,live_diag,long,48,Q3|L1,quintile_x_liqtercile,20597,730,450,-0.0012212856257152929,0.002075884146203245,-0.5883207056371631,-0.002207505518763919,-0.003449536259485869,0.002082892253448021,-1.6561280372402867,0.09812741037135428,-0.007538737875675058,0.0006396653567033199,-0.004557810656853524,9.313652672699043e-05,0.18285264788917857,-0.0009068370318115166,0.0010931100852654974,-0.002099715219101694,-4.03655088971587,0.48108947905034716,0.4629314948778948,-0.003116955432800667,-0.7238832048754802,-0.8695927596921921,-0.002949536259485868,-0.00344953625948587,-0.00444953625948587,0.9969413021313783,0.0758390741686167,0.00016152543586246335,True,-0.007515495349034793,0.0006641840420882355,194,1.0,40,1.0
R4,live_diag,long,48,Q3|L2,quintile_x_liqtercile,21912,730,581,-0.002039113983422285,0.002128104896933603,-0.958183023008149,-0.0037693845760385924,-0.004010560155640137,0.0021385002463465315,-1.8754078529997276,0.06113721963584016,-0.00820893318674875,0.00018781287546847537,-0.005982784795599777,-9.143498205204604e-05,-0.15906745860036933,-0.0012199329298803296,0.0010370629657762375,-0.0019946578979682067,-3.3857329506017284,0.47111171960569553,0.4522635998539613,-0.0033944142466173196,-0.7478234332640634,-0.8830251499412254,-0.003510560155640136,-0.004010560155640136,-0.005010560155640136,0.9953450164293538,0.08669453432970994,-4.9439023383771555e-05,True,-0.008190899312911826,0.00023030452421142483,194,1.0,40,1.0
R4,live_diag,long,48,Q3|L3,quintile_x_liqtercile,15952,730,601,-0.0021191888178392192,0.0022167373765706114,-0.9559945351387074,-0.004470170689190978,-0.0037100500289100145,0.0022248411143647564,-1.66755729429664,0.09583429647910595,-0.00807793025198155,0.0006578301941615218,-0.006411899007002062,-0.0011675803416910228,-1.7871647204185603,-0.0024501823740138372,0.00011502169063179165,-0.002680084850760949,-4.071717144002535,0.4653335005015045,0.45028836509528586,-0.003651458774549115,-0.7963797119501044,-0.9044636865014624,-0.0032100500289100145,-0.003710050028910015,-0.0047100500289100145,0.9949849548645938,0.09999965350302178,-0.00045376554750504056,True,-0.008288932996350903,0.0005126875149986391,194,1.0,40,1.0
R4,live_diag,long,48,Q4|L1,quintile_x_liqtercile,19420,730,453,-0.001633632508907374,0.002250400651897437,-0.7259296283663836,-0.0024410493532907585,-0.0038636366552570424,0.0022543291008723593,-1.7138742758375112,0.08697807992091043,-0.008289408649679423,0.0005621353391653374,-0.004850901523386379,0.0006555485783256154,1.176534379959062,-0.000438332196622031,0.0017494293532732618,-0.0015325542115155316,-2.723499068847559,0.4780638516992791,0.4598867147270855,-0.002539940087561936,-0.5781782241378689,-0.8569448582433152,-0.0033636366552570423,-0.0038636366552570432,-0.004863636655257043,0.9968589083419156,0.07631404079719104,0.00016086761609586476,True,-0.008345227018552264,0.0007228504749892581,194,1.0,40,1.0
R4,live_diag,long,48,Q4|L2,quintile_x_liqtercile,21606,730,593,-0.0015101219887407144,0.00212206028692512,-0.7116301068566206,-0.004592880760060869,-0.0035006581614597664,0.002126213748423127,-1.646428146773096,0.10010782256230567,-0.007674909941417474,0.0006735936184979418,-0.0068903858731197126,-0.00021490993855481413,-0.37689213319958836,-0.0013343714318986009,0.0009045515547889726,-0.002140357058888123,-3.720900831930615,0.4630658150513746,0.44584837545126355,-0.003331993052075335,-0.7297165033667496,-0.8817782311146817,-0.003000658161459767,-0.0035006581614597685,-0.0045006581614597686,0.9951402388225493,0.08751603757079096,-6.708500767406447e-05,True,-0.007731036925905011,0.0006597026626126556,194,1.0,40,1.0
R4,live_diag,long,48,Q4|L3,quintile_x_liqtercile,17434,730,615,-0.002412387939207693,0.002077155983961363,-1.1613898801220532,-0.005501971397788519,-0.004038188026898388,0.0020846861153281646,-1.9370724432837263,0.053123566900400196,-0.008130911410902192,5.4535357105415204e-05,-0.007352848416081772,-0.001735079818969894,-2.6270245009952666,-0.003031736694798836,-0.000438422943140952,-0.0032827881227449904,-4.956357025029153,0.4637223974763407,0.4497849154000574,-0.004852882101596042,-1.0776444928067945,-0.9194039640025069,-0.0035381880268983883,-0.00403818802689839,-0.005038188026898389,0.995526240321193,0.10161445873981341,-0.0003633999734977251,True,-0.00815151160329107,5.095099274601725e-05,194,1.0,40,1.0
R4,live_diag,long,48,Q5|L1,quintile_x_liqtercile,13020,730,454,-0.0004874788391600628,0.0023826957686774114,-0.20459130601917042,-0.0060619769570111615,-0.0025538548900576117,0.0023920791288431797,-1.0676297699619441,0.2860419375948584,-0.007250062206362781,0.002142352426247558,-0.008058009611344666,0.0008042555159788184,0.7760948801718714,-0.001230203576978429,0.002838714608936066,-0.001244898670234917,-1.1895753924651031,0.45483870967741935,0.43525345622119815,-0.0010494255923994083,-0.19904466373874052,-0.8053761874273581,-0.0020538548900576104,-0.0025538548900576117,-0.003553854890057612,0.9950844854070661,0.07971976333578369,-9.857750694659882e-05,True,-0.007184783964363179,0.0021641119718386736,194,1.0,40,1.0
R4,live_diag,long,48,Q5|L2,quintile_x_liqtercile,21690,730,589,-0.002628529730230362,0.002172953969336943,-1.2096573454026887,-0.01127886819667323,-0.004101363714109967,0.0021851226813569087,-1.8769489462088775,0.060925360468388506,-0.008391267421507528,0.00018853999328759426,-0.013228549897511486,-0.00126757812978972,-1.3497278306721467,-0.003111312139083129,0.0005761558795036887,-0.0026828048699962855,-2.805973382858978,0.424020285846012,0.4103273397879207,-0.003778773907832105,-0.8053871833666901,-0.8584061453770903,-0.003601363714109967,-0.0041013637141099684,-0.0051013637141099685,0.9951129552789304,0.09563359342181095,-0.0005840100097294368,True,-0.008433637224715797,0.00031750244499095576,194,1.0,40,1.0
R4,live_diag,long,48,Q5|L3,quintile_x_liqtercile,24027,730,629,-0.0038951311048243194,0.002275668734383193,-1.7116424047017864,-0.014098360655737663,-0.003719193645655174,0.0022962209234013735,-1.6197020102691,0.10572997454661692,-0.008227209024538357,0.0007888217332280094,-0.015497437260049374,-0.0022950845177664657,-2.043220212545172,-0.004500311203250907,-8.985783228202373e-05,-0.0020516954453012595,-1.787610778958514,0.4230657177342157,0.4144504099554668,-0.0028299167247495204,-0.5914218925963153,-0.8510432590636321,-0.0032191936456551734,-0.003719193645655175,-0.004719193645655176,0.9952553377450368,0.13290491886873915,-0.0020395076598502975,True,-0.008220825969716499,0.0007097587791764765,194,1.0,40,1.0
R4,live_diag,long,72,Q1,quintile_pooled,58160,730,716,-0.001522287616629927,0.002501267588957829,-0.6086064615198564,-0.009645474516444319,-0.0023418970949658545,0.002518803845016861,-0.9297655709073993,0.35280151475055344,-0.007286905841729029,0.00260311165179732,-0.01150332612222838,0.0007080126032299406,1.0255481882376367,-0.0006473473486820429,0.002063372555141924,-2.5252075418170798e-05,-0.03603272587470152,0.44879046816704776,0.43603321699362135,-0.0020778282135746192,-0.3075222117729331,-0.8042224191604702,-0.0018418970949658552,-0.002341897094965856,-0.003341897094965856,0.9908360985506249,0.13614354994949185,-0.0010452900820753217,True,,,194,1.0,40,1.0
R4,live_diag,long,72,Q2,quintile_pooled,58459,730,709,-0.0022817662873341376,0.0025228966746431384,-0.9044232014206017,-0.006857483601669601,-0.0041248597192379225,0.002531288006685498,-1.6295497424013272,0.1036304693452307,-0.009094377833322237,0.0008446583948463916,-0.009199052835043872,-6.044995009581608e-05,-0.10654789550904085,-0.0011742848015691898,0.0010533849013775578,-0.0018225065514372674,-3.213034213228796,0.45760421477566243,0.4427738150219805,-0.003376601917412348,-0.5048981810477281,-0.839846963311919,-0.003624859719237922,-0.0041248597192379225,-0.0051248597192379225,0.9936709943381058,0.09270313433230477,-0.00027022589902050975,True,,,194,1.0,40,1.0
R4,live_diag,long,72,Q3,quintile_pooled,58461,730,703,-0.003120247487113155,0.0024625610270193514,-1.267074177199116,-0.0064102564102562765,-0.004973978530971261,0.0024735126318128605,-2.0108967575094963,0.04470559696979079,-0.00983006989502979,-0.00011788716691273245,-0.008676086328914942,-0.000884360808102722,-1.8143013522336466,-0.001841312017731584,7.259040152613968e-05,-0.002658684763252118,-5.3819335888825215,0.4597081815227245,0.44477514924479566,-0.004233595017876951,-0.6480003049995081,-0.8608099552472924,-0.004473978530971262,-0.004973978530971263,-0.005973978530971263,0.9937907322830605,0.08650044507558553,-0.00019476988915281677,True,,,194,1.0,40,1.0
R4,live_diag,long,72,Q4,quintile_pooled,58460,730,709,-0.00312699144078309,0.002466781965372121,-1.2676399798112576,-0.00697558047807062,-0.004999534829950464,0.002476744008843726,-2.018591672009135,0.043896875425114494,-0.00986197015275486,-0.0001370995071460681,-0.009351672233676845,-0.0009074311102065121,-1.812331114265169,-0.0018904137548443108,7.555153443128664e-05,-0.0026952059458440606,-5.326850199027348,0.45669762747814785,0.4410290621097826,-0.00442142509517871,-0.678932054008349,-0.8518302188901828,-0.0044995348299504655,-0.004999534829950466,-0.005999534829950465,0.9937223106002292,0.08799949142444718,-0.00016709664595311648,True,,,194,1.0,40,1.0
R4,live_diag,long,72,Q5,quintile_pooled,58737,730,717,-0.002956495236813072,0.0024487507028939596,-1.2073483974171215,-0.015089458935115263,-0.0035356355177368947,0.002465773139248042,-1.433885162207224,0.15203558057813682,-0.008376532424114944,0.0013052613886411551,-0.016990480000737614,-0.000742237953329938,-0.888204455909799,-0.002382827508110175,0.0008983516014502992,-0.001253330919262421,-1.4736786065041585,0.4242300423923592,0.41173366021417507,-0.0032385575163090138,-0.4968126119084243,-0.7605106098651575,-0.0030356355177368947,-0.0035356355177368955,-0.004535635517736895,0.9927303062805387,0.10735227276861566,-0.0014164867816841144,True,,,194,1.0,40,1.0
R4,live_diag,long,72,Q1|L1,quintile_x_liqtercile,10750,729,447,0.0019744130031875817,0.0030223170182006797,0.6532779292501347,-0.004566210045662156,0.00026279076403358623,0.003053505018769904,0.08606200494782576,0.9314408887224788,-0.005731976884985781,0.006257558413052953,-0.00737805023896807,0.003366445833314028,2.288368038284037,0.00047831753488485756,0.0062545741317431985,0.0015829074842977741,1.0564799163404197,0.4666046511627907,0.4458604651162791,-0.0008923915495009345,-0.12038367418058042,-0.7787028728807734,0.0007627907640335873,0.0002627907640335866,-0.0007372092359664126,0.9881860465116279,0.09023786050631386,0.0002594798098465427,True,,,194,1.0,40,1.0
R4,live_diag,long,72,Q1|L2,quintile_x_liqtercile,21285,730,590,0.00023409728027790929,0.0026736873138374635,0.08755596777018643,-0.008194034742707301,-0.0015822307860896847,0.0026968271910303727,-0.5867008428838795,0.557587024065886,-0.0068767415414775004,0.0037122799692981315,-0.010471660356949809,0.0023095890253930352,2.4945747107194416,0.0004919488052006161,0.004127229245585454,0.0006143251908568959,0.6570828909875612,0.45586508197491427,0.43796683421806737,-0.0017564845048446602,-0.24897628234561864,-0.8078939673859111,-0.0010822307860896844,-0.0015822307860896858,-0.002582230786089686,0.9904166862404284,0.10972099415419083,-0.00010423362140114152,True,,,194,1.0,40,1.0
R4,live_diag,long,72,Q1|L3,quintile_x_liqtercile,26125,730,627,-0.004392112848925486,0.002625328636079069,-1.672976399436648,-0.0138206103329932,-0.004027104976622584,0.0026439808499633156,-1.5231218398115323,0.12816366926372944,-0.009217865843217737,0.00116365588997257,-0.014448844185733587,-0.001690751468316294,-1.5009019760806788,-0.0039023035734748546,0.0005208006368422665,-0.0012044244901749403,-1.050235735466961,0.43569624129219936,0.4304141468269157,-0.0033118990536267407,-0.4708845409178966,-0.8378234842156951,-0.003527104976622585,-0.004027104976622585,-0.005027104976622585,0.992268238536324,0.17656087777345025,-0.0023452771181145023,True,,,194,1.0,40,1.0
R4,live_diag,long,72,Q2|L1,quintile_x_liqtercile,17991,730,451,-0.002188092765336527,0.002551984923205753,-0.857408186639241,-0.005130397605814463,-0.004377664898962877,0.0025649093459745387,-1.706752289640701,0.08829572089010004,-0.009413189668226442,0.0006578598703006876,-0.007862565579514832,0.0006580769397429637,0.8838962690138604,-0.0008035788257682773,0.002119732705254205,-0.0014667224253848237,-1.9236474594006465,0.46489911622477903,0.4460563615140904,-0.0028796703282686115,-0.4297150686935475,-0.8330816713063022,-0.0038776648989628775,-0.004377664898962878,-0.005377664898962879,0.993774665110333,0.07866246712152232,0.00018937358633031842,True,,,194,1.0,40,1.0
R4,live_diag,long,72,Q2|L2,quintile_x_liqtercile,22587,730,590,-0.0024856340106550992,0.0026407354494940747,-0.9412658171159513,-0.00710269310446876,-0.004528842706641356,0.002651992852014139,-1.707713014083648,0.08811712162732023,-0.009735333031605724,0.0006776476183230117,-0.009515681252025957,-3.340057449078208e-05,-0.042345489646718006,-0.0015819194725984389,0.0015151183236168748,-0.0019850454515146216,-2.497146466397424,0.4571011156366212,0.44107490703028157,-0.003782830902075995,-0.5454851389727462,-0.8652968475442231,-0.004028842706641354,-0.004528842706641354,-0.005528842706641355,0.9933593058261023,0.09152444982360253,-0.00010093670380604941,True,,,194,1.0,40,1.0
R4,live_diag,long,72,Q2|L3,quintile_x_liqtercile,17881,730,608,-0.0021184935435059654,0.0027529218944555454,-0.7695436429826307,-0.008436593725283492,-0.0033605276380101793,0.0027618404580228547,-1.2167710948864559,0.22408672615911118,-0.008782674840582838,0.0020616195645624794,-0.010020862201693527,-0.0008175654090679331,-0.8059934962244939,-0.002808975498187813,0.0011738446800519467,-0.0019752110216874185,-1.9364009509965905,0.45090034671736945,0.44161726876188345,-0.0035079442987751485,-0.5004189703424048,-0.8382725517777512,-0.0028605276380101793,-0.0033605276380101793,-0.00436052763801018,0.9939604071132982,0.10831826516061,-0.0009462521261393076,True,,,194,1.0,40,1.0
R4,live_diag,long,72,Q3|L1,quintile_x_liqtercile,20597,730,450,-0.0023829572289036957,0.002525064680420182,-0.943721262818171,-0.00497076023391807,-0.004608643051641109,0.0025354926931110385,-1.8176518765614442,0.06952941565844342,-0.009586415961426497,0.0003691298581442789,-0.0075924225028703145,-0.00014112387430732413,-0.2303620854731535,-0.0013438291646979557,0.0010615814160833074,-0.0023207504687986387,-3.710932612115114,0.4667670049036267,0.45001699276593676,-0.0038805733285800868,-0.603294413628326,-0.8454056205309433,-0.004108643051641107,-0.004608643051641107,-0.005608643051641108,0.9954362285769772,0.0758390741686167,0.00016718762376236339,True,,,194,1.0,40,1.0
R4,live_diag,long,72,Q3|L2,quintile_x_liqtercile,21912,730,581,-0.003603125848339996,0.002500434646043179,-1.440999809389849,-0.006509711007534946,-0.005500844962142537,0.0025152692062336596,-2.1869806017223303,0.029062322143424683,-0.010438914375485938,-0.0005627755487991361,-0.00893926565965014,-0.0006487868478450321,-0.9693027876870755,-0.00196283810991035,0.0006652644142202858,-0.002451046705390354,-3.5648652387940087,0.4595655348667397,0.4431818181818182,-0.004352229562289036,-0.6538312140480427,-0.8624315513144081,-0.0050008449621425375,-0.005500844962142539,-0.00650084496214254,0.9931087988316903,0.08669453432970994,-0.00015778339046919158,True,,,194,1.0,40,1.0
R4,live_diag,long,72,Q3|L3,quintile_x_liqtercile,15952,730,601,-0.0034089345982677203,0.0026488179046856987,-1.2869644954594246,-0.008316044260027522,-0.004722957495477266,0.0026631057098041133,-1.7734772893505104,0.07656880458625746,-0.009951264993335695,0.0005053500023811629,-0.00986002896323577,-0.0021676072814321057,-2.554151580056046,-0.003833717261350819,-0.0005014973015133922,-0.0033816277098423385,-3.960482138096755,0.4507898696088265,0.44019558676028087,-0.004619767277398713,-0.6702516147092347,-0.879642169990562,-0.004222957495477266,-0.004722957495477266,-0.005722957495477265,0.9926028084252758,0.09999965350302178,-0.0007142897884299613,True,,,194,1.0,40,1.0
R4,live_diag,long,72,Q4|L1,quintile_x_liqtercile,19420,730,453,-0.002287343339885725,0.0026516825467005362,-0.8626007448485282,-0.006004491936071388,-0.004507648683627048,0.0026596006561323536,-1.6948592162637544,0.0905309574948359,-0.009729074930649284,0.0007137775633951886,-0.00858954058577406,0.00026115357174840136,0.38785630190325937,-0.001060735005756189,0.0015830421492529917,-0.0018984424635431142,-2.774667834364824,0.46359423274974254,0.4466529351184346,-0.0034706562864976333,-0.537238358160968,-0.8186352429667357,-0.004007648683627048,-0.004507648683627049,-0.005507648683627048,0.9953141091658084,0.07631404079719104,0.00018469658078533644,True,,,194,1.0,40,1.0
R4,live_diag,long,72,Q4|L2,quintile_x_liqtercile,21606,730,593,-0.002696072066641315,0.0025664771823316166,-1.050495241181908,-0.006628285773964515,-0.0046124440841851825,0.002580281201554531,-1.7875741920711365,0.07426174537906897,-0.009678147448120749,0.0004532592797503836,-0.009097703050349069,-0.0007464673437229628,-1.0420174401349893,-0.0021528566562368763,0.0006599219687909509,-0.0025715529408701972,-3.5238055614463697,0.45700268443950753,0.44010922891789317,-0.00440006477013576,-0.6432280364558267,-0.8534613574443688,-0.004112444084185182,-0.0046124440841851825,-0.005612444084185182,0.9927334999537165,0.08751603757079096,-0.000157409513264026,True,,,194,1.0,40,1.0
R4,live_diag,long,72,Q4|L3,quintile_x_liqtercile,17434,730,615,-0.004596327801752119,0.0025106244926793066,-1.8307508013064016,-0.008906284265518372,-0.006028144516823403,0.002522575794498392,-2.3896782526695435,0.01711730247485049,-0.010980558494134967,-0.0010757305395118384,-0.010774032826748823,-0.0024086183112050226,-2.8428290316662586,-0.004071981070486128,-0.0007452555519239172,-0.0037378207106768297,-4.4021614666805355,0.4486377975336966,0.4359047892170921,-0.005472886611166797,-0.8168031567949897,-0.8772945402529919,-0.005528144516823401,-0.006028144516823402,-0.007028144516823402,0.9931746486951534,0.10161445873981341,-0.0005717854071379086,True,,,194,1.0,40,0.6846920989940196
R4,live_diag,long,72,Q5|L1,quintile_x_liqtercile,13020,730,454,-0.0009502014393188081,0.002664832846064563,-0.35657074728798466,-0.008978675645342327,-0.0029858104873470644,0.0026778326597077487,-1.1150101095835194,0.2652150442448315,-0.00824303047723249,0.0022714095025383615,-0.01140771863635897,2.094687415931122e-05,0.01927219944452469,-0.002112872599806434,0.002154766348125057,-0.002002383225672152,-1.8298027541676678,0.44600614439324116,0.42642089093701996,-0.003804704298625856,-0.591545378349659,-0.8078986783459191,-0.0024858104873470644,-0.0029858104873470635,-0.003985810487347066,0.9929339477726574,0.07971976333578369,-0.00010595186262377793,True,,,194,1.0,40,1.0
R4,live_diag,long,72,Q5|L2,quintile_x_liqtercile,21690,730,589,-0.0019116966476656844,0.0025798968747492387,-0.74099731131753,-0.014459519072618165,-0.0032933488441300013,0.0026006632597677715,-1.2663495866912364,0.2057941069401983,-0.00839906701761134,0.0018123693293513377,-0.016446565702451146,0.0002864452610424878,0.23758524250345686,-0.002080520156075857,0.0026534106781608323,-0.0010145186387435555,-0.8276149194472245,0.4236053480866759,0.40880590133702166,-0.00318878430136706,-0.46895946321472737,-0.7614145682986908,-0.0027933488441300005,-0.0032933488441300018,-0.004293348844130002,0.9924389119409867,0.09563359342181095,-0.0006796175675926903,True,,,194,1.0,40,1.0
R4,live_diag,long,72,Q5|L3,quintile_x_liqtercile,24027,730,629,-0.004986862184079987,0.0028127552364108485,-1.7729456582377063,-0.019565516293138963,-0.004052218386991664,0.002847964228301361,-1.4228473611863335,0.1552099464460931,-0.00964344695656874,0.0015390101825854124,-0.020792728082302224,-0.0020844282131895946,-1.4689921032021296,-0.004870146619573709,0.0007012901931945197,-0.0010628935002979722,-0.7273962131869711,0.4129937154035044,0.4064177799975028,-0.002592297458788657,-0.3552769253899769,-0.7507400164397698,-0.0035522183869916616,-0.0040522183869916625,-0.005052218386991663,0.9928830066175552,0.13290491886873915,-0.002791589151576134,True,,,194,1.0,40,1.0
R4,live_diag,short,24,Q1,quintile_pooled,58162,730,716,2.072816795125375e-05,0.0015127683019811183,0.013702143232448871,0.0032402979575551494,-0.0023554611448437634,0.0015148014639364978,-1.5549636047503232,0.12038933554342866,-0.00532936168895631,0.0006184393992687827,0.0012022856595203697,-0.0006967610127114253,-1.5594650418431308,-0.001573919217655775,0.00018039719223292435,-0.0030936335157853894,-6.9072112203981035,0.5268125784433403,0.5081924935096195,-0.002373324693578167,-1.038149891691269,-0.9362027716821587,-0.0018554611448437645,-0.0023554611448437656,-0.0033554611448437647,0.9962691057889036,0.13614354994949185,-0.00034679635971422105,True,,,194,1.0,40,1.0
R4,live_diag,short,24,Q2,quintile_pooled,58461,730,709,0.0007593199844115623,0.0014900864112646723,0.5095811750723296,0.0018362100624311761,-0.0012182925744081382,0.001490664645956433,-0.8172814574444162,0.41403498278190615,-0.0041448070432936876,0.001708221894477411,-7.129557691827777e-05,4.188187735970403e-05,0.13741090560175379,-0.0005564948181201815,0.0006402585728395895,-0.0019500850110412168,-6.436734234928916,0.5175073980944561,0.49812695643249344,-0.0014906084591645324,-0.6700887954996473,-0.8793296856344309,-0.000718292574408138,-0.0012182925744081384,-0.0022182925744081384,0.9978618224115222,0.09270313433230477,-2.71506424849175e-05,True,,,194,1.0,40,1.0
R4,live_diag,short,24,Q3,quintile_pooled,58461,730,703,0.000837572340849683,0.0014606753293990296,0.5734144501463498,0.0017630465444288257,-0.0011489552320621955,0.001462790847981617,-0.7854542114804334,0.4324428547976602,-0.004020747082216988,0.0017228366180925972,-0.00015191628691957164,0.0001203654331762317,0.4326653979453005,-0.00042579388921098327,0.0006665247555634467,-0.001881754133204829,-6.71401792586235,0.5160534373342912,0.4975624775491353,-0.0013055926186789411,-0.6009931139678588,-0.8485787890959317,-0.0006489552320621947,-0.0011489552320621949,-0.002148955232062195,0.9979131386736457,0.08650044507558553,1.2914451738951187e-06,True,,,194,1.0,40,1.0
R4,live_diag,short,24,Q4,quintile_pooled,58460,730,709,0.0009553849511844222,0.0014413733366796533,0.6628296270453056,0.0025111170956957363,-0.0010367330378096794,0.0014427281537486348,-0.7185920889641891,0.4726228538951599,-0.003869137246272617,0.0017956711706532578,0.0006348438690022568,0.00023757155785971858,0.8820553843284166,-0.0002912002867470299,0.0007663434024664671,-0.0017687136924173208,-6.545517981450088,0.5256495783513796,0.5055336035989805,-0.0011295585948600435,-0.5247466407057082,-0.8404677163817984,-0.0005367330378096791,-0.0010367330378096796,-0.0020367330378096796,0.9978960332529379,0.08799949142444718,-9.105310775140007e-06,True,,,194,1.0,40,1.0
R4,live_diag,short,24,Q5,quintile_pooled,58737,730,717,0.0015686061022169107,0.001419000906517293,1.1054299507579592,0.007532956685499026,-0.0010798721094959598,0.0014216746878221939,-0.7595775030293128,0.44775305779592806,-0.0038709435656050723,0.001711199346613153,0.005373431933842295,0.0008553073094305732,1.882098561045574,-3.6866670513289405e-05,0.0017474812893744358,-0.0018045919615705054,-3.937775227166323,0.5602431176260279,0.5422646713315287,-0.0011890909420821383,-0.5513038190042087,-0.8566365927217755,-0.0005798721094959593,-0.0010798721094959606,-0.0020798721094959604,0.9973781432487189,0.10735227276861566,-0.0006418798141098993,True,,,194,1.0,40,1.0
R4,live_diag,short,24,Q1|L1,quintile_x_liqtercile,10750,729,447,0.00028835067669247526,0.0015927721118267485,0.18103699490429062,0.0022141008867511136,-0.001736050817080583,0.0015997315543422803,-1.0852138362641408,0.2781866805592824,-0.004876695680806148,0.0014045940466449823,0.0004329182759663843,-4.3975397846734525e-05,-0.0686582569213092,-0.0013014167196398355,0.0012134659239463666,-0.0020650110776132408,-3.2162913762479866,0.5231627906976745,0.5011162790697674,-0.0018522786434294744,-0.8163552337598823,-0.9173324280726893,-0.0012360508170805825,-0.0017360508170805831,-0.0027360508170805836,0.9946046511627907,0.09023786050631386,0.00017292677609427059,True,,,194,1.0,40,1.0
R4,live_diag,short,24,Q1|L2,quintile_x_liqtercile,21286,730,590,-0.0007594378179237491,0.001554253860795798,-0.4886189039510619,0.002343658454417641,-0.0027891031814383013,0.0015537417716040224,-1.795087982064703,0.07305436518105525,-0.005839452425210419,0.00026124606233381706,0.0005352789944771414,-0.0014778249600618503,-2.614424853618856,-0.002587553016475869,-0.0003680969036478315,-0.0035326521605836473,-6.277067451782801,0.5218208296143186,0.5033588575186734,-0.002389379327603167,-1.0267827283417894,-0.939600475898862,-0.0022891031814383,-0.0027891031814383004,-0.003789103181438301,0.9965236999107436,0.10972099415419083,-2.2153344647189055e-06,True,,,194,1.0,40,1.0
R4,live_diag,short,24,Q1|L3,quintile_x_liqtercile,26126,730,627,0.0005462457062796299,0.00169366358654829,0.322523144866618,0.004636100485561734,-0.0022565358617196167,0.0016950989582279056,-1.3312118745436843,0.1835360237880241,-0.005584401482537306,0.0010713297590980732,0.0022517907450156933,-0.0003289939674880565,-0.4404205857961935,-0.001795520945487475,0.001137533010511362,-0.0031583441104949305,-4.219596500944949,0.5323815356349996,0.5150424864120033,-0.002410559380154398,-0.9773720903687229,-0.9465149639216307,-0.0017565358617196165,-0.0022565358617196176,-0.003256535861719618,0.9967465360177601,0.17656087777345025,-0.0008408817272762227,True,,,194,1.0,40,1.0
R4,live_diag,short,24,Q2|L1,quintile_x_liqtercile,17991,730,451,0.0005109679047723662,0.0014604210476704875,0.3498771163202621,0.001404494382022503,-0.0013371141271580362,0.0014617329555246764,-0.9147458310386734,0.36062795181514407,-0.004206829093293235,0.001532600838977162,-0.0003725895316803642,-0.00023205288548001446,-0.6034226447247476,-0.0009870322843969375,0.0005229265134369087,-0.002084388854712409,-5.368832645075793,0.5133122116613863,0.4955255405480518,-0.0016205721371911758,-0.7390159135858922,-0.8826494624028776,-0.0008371141271580351,-0.0013371141271580355,-0.002337114127158035,0.9986659996664999,0.07866246712152232,0.00014790936160738688,True,,,194,1.0,40,1.0
R4,live_diag,short,24,Q2|L2,quintile_x_liqtercile,22588,730,590,0.0007418584805115367,0.0015744123923999184,0.4711970536389784,0.0015105774650136516,-0.0011526080933219535,0.0015747526508029467,-0.7319296098560324,0.46444708224342846,-0.00424420648199494,0.0019389902953510332,-0.0003479006024259806,-3.588585233251056e-05,-0.08951615867088931,-0.0008229163476488349,0.0007511446429838137,-0.0019492797543291807,-4.900579209016036,0.5147423410660528,0.4949530724278378,-0.001398947423003037,-0.6114409988932133,-0.876214452132621,-0.0006526080933219529,-0.0011526080933219535,-0.0021526080933219538,0.9975650788029042,0.09152444982360253,2.362492433319816e-05,True,,,194,1.0,40,1.0
R4,live_diag,short,24,Q2|L3,quintile_x_liqtercile,17882,730,608,0.0010312427399692496,0.001593721256661615,0.6470659380733899,0.002817513778370695,-0.0011815803953353422,0.0015947593578623962,-0.7409145395573185,0.45898416859241264,-0.00431245651011732,0.001949295719446636,0.0005945005544664862,0.00041572025094974537,0.9044677011273382,-0.00048663562404806167,0.0013180761259475524,-0.001815812062524284,-3.9501602819021318,0.5252208925176155,0.5047533832904597,-0.0014028140553900574,-0.611487006909952,-0.8831594883990991,-0.0006815803953353418,-0.0011815803953353422,-0.002181580395335342,0.9974275808075159,0.10831826516061,-0.0002676434065934078,True,,,194,1.0,40,1.0
R4,live_diag,short,24,Q3|L1,quintile_x_liqtercile,20597,730,450,0.00026952834090991775,0.0014343851731823077,0.18790513590707703,0.00045024808669580363,-0.0015585817030925723,0.0014363107251906533,-1.0851285002315143,0.2782239496716064,-0.004378387036564466,0.0012612236303793218,-0.001316810203377431,-0.00028002217567974587,-0.8394250050777673,-0.0009349301156562164,0.00037488576429672464,-0.0021219023515882058,-6.308959496320613,0.5031800747681702,0.485167742875176,-0.001648254039935237,-0.7774366534611855,-0.8816894322253185,-0.0010585817030925712,-0.0015585817030925719,-0.0025585817030925715,0.9983978249259601,0.0758390741686167,0.0001341228258120945,True,,,194,1.0,40,1.0
R4,live_diag,short,24,Q3|L2,quintile_x_liqtercile,21912,730,581,0.0012436813853410516,0.0015257657315129324,0.8151194902692112,0.0022508047893651795,-0.0007437554049038772,0.001530931731504487,-0.48581879230693653,0.6272418353186883,-0.0037493233408424555,0.0022618125310347017,0.0004098814220375134,0.00026436223251613935,0.6574593176919401,-0.0005250434680103062,0.0010537679330425848,-0.0017388014951448187,-4.22617487383215,0.5207648776925885,0.502692588535962,-0.0010518599512562945,-0.4642543846590309,-0.827080286673277,-0.00024375540490387653,-0.0007437554049038769,-0.0017437554049038767,0.9977181453085068,0.08669453432970994,1.7101043820325902e-05,True,,,194,1.0,40,1.0
R4,live_diag,short,24,Q3|L3,quintile_x_liqtercile,15952,730,601,0.0010131829780026717,0.0015669243184722407,0.6466061992008206,0.0026991157500578233,-0.0011762863368863315,0.0015677295439569777,-0.750312030171584,0.45330922214566627,-0.004254096766036021,0.0019015240922633577,0.0006654589371979745,0.0004395433238777439,0.9582530692792973,-0.0004609721942697093,0.001340058842025197,-0.0017678109804638111,-3.8502085599441878,0.5262036108324974,0.506519558676028,-0.0011532000478441272,-0.5115990904769315,-0.8427518688735782,-0.0006762863368863314,-0.001176286336886332,-0.0021762863368863317,0.9975551654964895,0.09999965350302178,-0.00019208340287815056,True,,,194,1.0,40,1.0
R4,live_diag,short,24,Q4|L1,quintile_x_liqtercile,19420,730,453,0.0007279963201615831,0.001582999331137668,0.45988416156713574,0.0016527659028758301,-0.001118998724831502,0.0015843081221482808,-0.7063011980991227,0.480226823218008,-0.0042293566817447345,0.0019913592320817304,-8.93956097560971e-05,-0.0005006759829952255,-1.271824671760129,-0.001273533162724019,0.00027218119673356805,-0.002361787128002691,-5.970155561410766,0.5180741503604531,0.4981977342945417,-0.0017392367385068233,-0.8086420091840615,-0.8846114708482264,-0.0006189987248315011,-0.0011189987248315016,-0.0021189987248315012,0.9978887744593203,0.07631404079719104,0.00012072801898962389,True,,,194,1.0,40,1.0
R4,live_diag,short,24,Q4|L2,quintile_x_liqtercile,21606,730,593,0.000971642786464631,0.001479450681258997,0.6567591598509883,0.0024552952809802076,-0.0010032849731323487,0.001482209865238644,-0.6768845604538021,0.49869421691125165,-0.003913200780361179,0.001906630834096481,0.0005990696804363833,0.0002977506105438012,0.8252849584267719,-0.0004105513812309771,0.0010060526023185795,-0.001693713788033817,-4.644632962671347,0.5240211052485421,0.5046746274183097,-0.0010543049210951405,-0.4790902150046732,-0.8499369464579851,-0.0005032849731323487,-0.0010032849731323491,-0.002003284973132349,0.997546977691382,0.08751603757079096,2.983705748618284e-06,True,,,194,1.0,40,1.0
R4,live_diag,short,24,Q4|L3,quintile_x_liqtercile,17434,730,615,0.0011885282588246298,0.0014477662143843103,0.8209393526496084,0.0034724586529877866,-0.0009865566166200575,0.0014492789604466938,-0.6807223754328036,0.49626361837406124,-0.0038318215517640394,0.0018587083185239244,0.0014368058509347404,0.0009853367655636726,2.1328028843023503,7.834425579582923e-05,0.0018923292753315162,-0.0012012504824758538,-2.5946754998772357,0.5361055348437052,0.5147691425293949,-0.00028978858226491247,-0.12928345326532453,-0.7127335994899596,-0.00048655661662005696,-0.0009865566166200573,-0.0019865566166200575,0.9983366790937769,0.10161445873981341,-0.00016862471044467475,True,,,194,1.0,40,1.0
R4,live_diag,short,24,Q5|L1,quintile_x_liqtercile,13020,730,454,9.46487494044538e-05,0.0017832639615930717,0.053076129750247246,0.003497197112939554,-0.002000106459818671,0.0017905739082596309,-1.1170197725949764,0.26435438528113386,-0.00551541116926162,0.001515198249624278,0.0016148397203499202,-0.0005075573750595981,-0.7675551517179132,-0.0018057683725902587,0.0007906536224710625,-0.0026062227589213863,-3.871733943918868,0.5342549923195085,0.5139016897081413,-0.0020743399262787687,-0.9433369890456406,-0.9297048398391283,-0.0015001064598186705,-0.0020001064598186707,-0.0030001064598186716,0.9972350230414746,0.07971976333578369,-0.00010295417821935192,True,,,194,1.0,40,1.0
R4,live_diag,short,24,Q5|L2,quintile_x_liqtercile,21690,730,589,0.0011944645341099163,0.0014727330246183173,0.8110529974836962,0.007480721434224902,-0.0011812487891725246,0.0014758335662921603,-0.8003943101390887,0.4237434884930601,-0.0040786464682124,0.0017161488898673513,0.005355997597958283,0.0006873999858225018,1.0519350564862844,-0.0005954926803963239,0.0019702926520413274,-0.001704042962579592,-2.5848279555664004,0.5610880590133702,0.5428307976025818,-0.00104390695252332,-0.45923504670241666,-0.8504199880525554,-0.0006812487891725238,-0.001181248789172525,-0.0021812487891725244,0.997372060857538,0.09563359342181095,-0.0003919753275089021,True,,,194,1.0,40,1.0
R4,live_diag,short,24,Q5|L3,quintile_x_liqtercile,24027,730,629,0.002705079875299647,0.001572162274310433,1.7206111096172458,0.009929254064788395,-0.0004898110014248099,0.0015786363543091033,-0.31027475079222894,0.756440833242507,-0.0035890339852972996,0.0026094119824476803,0.0074717470367633865,0.0017454062831318725,2.176250950547539,0.00017085324829600908,0.003319959317967736,-0.0014610553773414564,-1.8007293708508,0.5735630748741,0.557123236359096,-0.0008176522175783177,-0.3539984569829403,-0.8353918168455235,1.0188998575190523e-05,-0.0004898110014248106,-0.0014898110014248105,0.9974611894951513,0.13290491886873915,-0.0011594294350329667,True,,,194,1.0,40,1.0
R4,live_diag,short,48,Q1,quintile_pooled,58161,730,716,0.0004995871062490409,0.002099606901410887,0.2379431625573959,0.005920663114268865,-0.0022542374366413113,0.0021062328144983685,-1.0702698301555957,0.2848530679745062,-0.006389261999174386,0.0018807871258917628,0.003725844521577525,-0.0009518552515515095,-1.6007999877873114,-0.0021192119243378395,0.00021550142123482046,-0.00376798784499521,-6.29110355252279,0.5362171827450442,0.5192992108385056,-0.0022061705476201948,-0.4877085488109275,-0.7692204481659839,-0.0017542374366413115,-0.0022542374366413113,-0.0032542374366413118,0.9934494438044805,0.13614354994949185,-0.0006945722176456427,True,-0.006310652318161519,0.0019014078627175815,194,1.0,40,1.0
R4,live_diag,short,48,Q2,quintile_pooled,58460,730,709,0.0016810261017208771,0.0020932838550417653,0.803056927837117,0.0034873796065218454,-0.00031816071558357764,0.0020970539188456126,-0.15171794712780629,0.8794514925139983,-0.004435164972517096,0.0037988435413499407,0.001771628783351166,0.000240746443494524,0.5607804551004036,-0.0006020772644934811,0.001083570151482529,-0.0018197452089009753,-4.253186945076306,0.5242982501154616,0.5104599647628334,-0.0007227275087766615,-0.161990415185332,-0.7219202149499976,0.0001818392844164214,-0.00031816071558357856,-0.0013181607155835781,0.9957749610851679,0.09270313433230477,-0.0001255734151578709,True,-0.004505089986352249,0.0038306397753206664,194,1.0,40,1.0
R4,live_diag,short,48,Q3,quintile_pooled,58461,730,703,0.0017728260833680264,0.002065413787204438,0.8583394254221415,0.003436426116838587,-0.0002692557268507995,0.0020721883048199522,-0.1299378662761995,0.8966515279865511,-0.004337443003984741,0.003798931550283142,0.0016239338638727504,0.0003200498092127026,0.8024964904028241,-0.00046291846169582154,0.0011030180801212268,-0.0017814115051704258,-4.4061405528162165,0.5238364037563504,0.5093994286789484,-0.0006367622282647897,-0.1449821347769492,-0.7040954969303748,0.00023074427314919997,-0.0002692557268508001,-0.0012692557268508004,0.9958091719265836,0.08650044507558553,-8.526296155696437e-05,True,-0.004395140974288633,0.003846174143171909,194,1.0,40,1.0
R4,live_diag,short,48,Q4,quintile_pooled,58460,730,709,0.0018202259723547722,0.002062996988121396,0.8823211971881278,0.004063229258970236,-0.00021838352800749057,0.0020674178763127864,-0.10563105335868278,0.9159042234426521,-0.004277205345200274,0.0038404382891852923,0.0022571698586212425,0.0003790963445989224,0.9496591493934587,-0.0004046067689679275,0.0011627994581657722,-0.0017211659206705261,-4.284264440786894,0.528779870340911,0.5142231573185543,-0.000523303064364557,-0.11930639760507795,-0.6844584756957925,0.0002816164719925083,-0.00021838352800749192,-0.0012183835280074916,0.9958262773472913,0.08799949142444718,-7.962780476493513e-05,True,-0.0043589872502692705,0.003888776881635055,194,1.0,40,1.0
R4,live_diag,short,48,Q5,quintile_pooled,58737,730,717,0.002672048272642022,0.002047460302838664,1.3050549839415249,0.011095260738627433,-0.00039798374746397903,0.0020579332605566766,-0.1933900166210071,0.8467075501033579,-0.004438185059436382,0.003642217564508424,0.008822249238625754,0.001228635417632321,1.8544366989004015,-7.20753915054613e-05,0.002529346226770103,-0.0018940899411655115,-2.8031755683305355,0.5669169348111072,0.5498748659277798,-0.0008105040235254426,-0.1827885417679625,-0.7319731177701756,0.00010201625253602117,-0.0003979837474639791,-0.0013979837474639792,0.9951648875495854,0.10735227276861566,-0.0010718558311806148,True,-0.004469027095756453,0.0037208868288576844,194,1.0,40,1.0
R4,live_diag,short,48,Q1|L1,quintile_x_liqtercile,10750,729,447,-0.0017911852838366495,0.00249911341275014,-0.7167282904002129,0.0016051932053743334,-0.003959644251485198,0.0025166830823687807,-1.5733583140544884,0.11607153862639595,-0.008900489438682067,0.0009812009357116711,2.1978021978010312e-05,-0.0019144283978063828,-1.5812749055211741,-0.0042912822197405795,0.00046242542412781363,-0.004036396105652967,-3.2917462918930402,0.5153488372093024,0.49572093023255814,-0.0024134434770372725,-0.5058299181274253,-0.8220105139289278,-0.0034596442514851986,-0.003959644251485199,-0.0049596442514852,0.9911627906976744,0.09023786050631386,0.00021456303050210055,True,-0.008685112128196918,0.0006687809224200939,194,1.0,40,1.0
R4,live_diag,short,48,Q1|L2,quintile_x_liqtercile,21285,730,590,-0.000957026268224722,0.0021785432426337523,-0.43929642960298737,0.004389815627743654,-0.0030287644392898616,0.002185584469727979,-1.3857915268160859,0.16623551145985063,-0.007319574744592423,0.0012620458660127002,0.0027274230718055143,-0.0023139723819869283,-3.0589795258593426,-0.0037990574557884346,-0.000828887308185422,-0.004482977302769976,-5.9319817127896926,0.5297599473857284,0.5147742753793395,-0.0024958673059566716,-0.5368599705332653,-0.7952743141820793,-0.0025287644392898616,-0.0030287644392898625,-0.004028764439289863,0.9932822849626533,0.10972099415419083,-2.3384729947037878e-05,True,-0.007119455458780445,0.001145844217263742,194,1.0,40,1.0
R4,live_diag,short,48,Q1|L3,quintile_x_liqtercile,26126,730,627,0.0026288766595329418,0.0022455140294166225,1.1707237741978909,0.0092290179946658,-0.0009246100434933855,0.0022515022573935924,-0.41066360935553414,0.6814402205391615,-0.005344832287129111,0.0034956122001423406,0.006405256282306164,0.0005539368499396422,0.5820168697331524,-0.001314568803843103,0.0024224425037223875,-0.003076088252473253,-3.20534772360577,0.5500650692796448,0.5326877440097987,-0.0016794146572282108,-0.3513910958976302,-0.7412516239413653,-0.0004246100434933857,-0.0009246100434933853,-0.0019246100434933862,0.9945265253004669,0.17656087777345025,-0.0016135740384097385,True,-0.005379744571222352,0.003455338243449668,194,1.0,40,1.0
R4,live_diag,short,48,Q2|L1,quintile_x_liqtercile,17991,730,451,0.0010422305739633659,0.002111017360701418,0.4937100913358044,0.0019404915912031306,-0.000685100537466068,0.002116227690651916,-0.32373668508940967,0.74623050193576,-0.004839747364978542,0.003469546290046406,0.0005255455712452634,-0.0003981156387051193,-0.7218663077141085,-0.001480850693631666,0.0006846194162214274,-0.002183211549636698,-3.8933662950613597,0.5129787115780112,0.5019732088266355,-0.0012450099236536115,-0.2830809518685587,-0.7541479597985716,-0.00018510053746606775,-0.0006851005374660685,-0.0016851005374660685,0.9961091656939581,0.07866246712152232,0.00020573013894313057,True,-0.004888003083526613,0.0034010852025652683,194,1.0,40,1.0
R4,live_diag,short,48,Q2|L2,quintile_x_liqtercile,22588,730,590,0.0018059672920113707,0.002191955514045001,0.8239069088946364,0.0034577724853440683,-6.125350750934675e-05,0.0021969635673747415,-0.027880984654898737,0.9777647261127016,-0.004374403626314449,0.004251896611295755,0.001931509759163166,0.00018781461202914895,0.3082037172599049,-0.001008543605882534,0.0013841728299408321,-0.0017476438279863135,-2.8688070741516234,0.5251460952718258,0.5111120949176554,-0.0004010309831809299,-0.08718244358553544,-0.7182546734139419,0.0004387464924906529,-6.125350750934723e-05,-0.0010612535075093473,0.9955285992562423,0.09152444982360253,-1.932534486592678e-05,True,-0.004344775158918025,0.004336276270012619,194,1.0,40,1.0
R4,live_diag,short,48,Q2|L3,quintile_x_liqtercile,17881,730,608,0.0021659206117373014,0.0022250039999640266,0.9734457159503171,0.005161895823556861,-0.00027329375911119087,0.002229180080086139,-0.1225983318048627,0.9024590575706539,-0.004649692380391322,0.004103104862168941,0.002997121494481574,0.0009504042886929845,1.449097893306853,-0.0003371940108104452,0.002238002588196414,-0.0015449720249809027,-2.3466575899112123,0.5346158147858181,0.5181747008164634,-0.0003381367143672804,-0.07357576392707983,-0.6997657573819818,0.00022670624088880851,-0.0002732937591111913,-0.0012732937591111919,0.9957499161167654,0.10831826516061,-0.0005931962024036866,True,-0.004755033432191265,0.004126227698560151,194,1.0,40,1.0
R4,live_diag,short,48,Q3|L1,quintile_x_liqtercile,20597,730,450,0.0012212856257152929,0.002075884146203245,0.5883207056371631,0.002207505518763919,-0.0005504637405141334,0.0020828922534480215,-0.26427854806358575,0.7916401891296937,-0.004639665356703323,0.0035387378756750565,0.0005578106568535236,-9.313652672699043e-05,-0.18285264788917857,-0.0010931100852654974,0.0009068370318115166,-0.0019002847808983064,-3.65316027300609,0.5155119677622955,0.5022090595717823,-0.0008830445671993365,-0.20507868820497702,-0.6969522422641159,-5.0463740514133724e-05,-0.0005504637405141337,-0.0015504637405141333,0.9969413021313783,0.0758390741686167,0.00016152543586246335,True,-0.004664184042088261,0.0035154953490347447,194,1.0,40,1.0
R4,live_diag,short,48,Q3|L2,quintile_x_liqtercile,21912,730,581,0.002039113983422285,0.002128104896933603,0.958183023008149,0.0037693845760385924,1.0560155640134643e-05,0.0021385002463465315,0.004938112893919878,0.9960613266567263,-0.004187812875468477,0.004208933186748747,0.0019827847955997766,9.143498205204604e-05,0.15906745860036933,-0.0010370629657762375,0.0012199329298803296,-0.0020053421020317943,-3.403868321978388,0.5255111354508945,0.5121851040525739,-0.0006055857533826833,-0.13341660278551692,-0.6849685261590213,0.0005105601556401341,1.0560155640133545e-05,-0.0009894398443598663,0.9953450164293538,0.08669453432970994,-4.9439023383771555e-05,True,-0.004230304524211421,0.0041908993129118,194,1.0,40,1.0
R4,live_diag,short,48,Q3|L3,quintile_x_liqtercile,15952,730,601,0.0021191888178392192,0.0022167373765706114,0.9559945351387074,0.004470170689190978,-0.00028994997108998713,0.0022248411143647564,-0.1303239000834334,0.8963462230282447,-0.004657830194161524,0.004077930251981549,0.0024118990070020616,0.0011675803416910228,1.7871647204185603,-0.00011502169063179165,0.0024501823740138372,-0.0013199151492390522,-2.0052802209823306,0.5322843530591775,0.5148570712136409,-0.0003485412254508881,-0.07601651226682392,-0.7277840656039973,0.00021005002891001241,-0.0002899499710899879,-0.0012899499710899885,0.9949849548645938,0.09999965350302178,-0.00045376554750504056,True,-0.004512687514998628,0.00428893299635089,194,1.0,40,1.0
R4,live_diag,short,48,Q4|L1,quintile_x_liqtercile,19420,730,453,0.001633632508907374,0.002250400651897437,0.7259296283663836,0.0024410493532907585,-0.0001363633447429588,0.002254329100872359,-0.06048954639772437,0.9517823656432575,-0.0045621353391653375,0.00428940864967942,0.0008509015233863788,-0.0006555485783256154,-1.176534379959062,-0.0017494293532732618,0.000438332196622031,-0.0024674457884844695,-4.384893047746636,0.5179711637487127,0.5046858908341916,-0.0014600599124380668,-0.3323601416593448,-0.7060119237295743,0.00036363665525704044,-0.0001363633447429596,-0.0011363633447429593,0.9968589083419156,0.07631404079719104,0.00016086761609586476,True,-0.004722850474989269,0.004345227018552263,194,1.0,40,1.0
R4,live_diag,short,48,Q4|L2,quintile_x_liqtercile,21606,730,593,0.0015101219887407144,0.00212206028692512,0.7116301068566206,0.004592880760060869,-0.0004993418385402332,0.002126213748423127,-0.23485025384233463,0.8143910913555188,-0.004673593618497941,0.003674909941417475,0.0028903858731197125,0.00021490993855481413,0.37689213319958836,-0.0009045515547889726,0.0013343714318986009,-0.0018596429411118786,-3.232893753844821,0.533833194483014,0.5193927612700175,-0.0006680069479246686,-0.1462955314269552,-0.7068190192521083,6.581614597664109e-07,-0.0004993418385402341,-0.0014993418385402342,0.9951402388225493,0.08751603757079096,-6.708500767406447e-05,True,-0.004659702662612661,0.0037310369259050177,194,1.0,40,1.0
R4,live_diag,short,48,Q4|L3,quintile_x_liqtercile,17434,730,615,0.002412387939207693,0.002077155983961363,1.1613898801220532,0.005501971397788519,3.818802689838682e-05,0.0020846861153281646,0.018318358153584853,0.9853899083244212,-0.004054535357105416,0.00413091141090219,0.0033528484160817718,0.001735079818969894,2.6270245009952666,0.000438422943140952,0.003031736694798836,-0.0007172118772550111,-1.0828472607287294,0.5345569257241182,0.5184399197017494,0.0008528821015960389,0.18939337089936237,-0.601940314642067,0.0005381880268983866,3.81880268983864e-05,-0.0009618119731016139,0.995526240321193,0.10161445873981341,-0.0003633999734977251,True,-0.004050950992746027,0.004151511603291066,194,1.0,40,1.0
R4,live_diag,short,48,Q5|L1,quintile_x_liqtercile,13020,730,454,0.0004874788391600628,0.0023826957686774114,0.20459130601917042,0.0060619769570111615,-0.0014461451099423907,0.0023920791288431797,-0.6045557157809212,0.5456628650704117,-0.00614235242624756,0.003250062206362779,0.0040580096113446654,-0.0008042555159788184,-0.7760948801718714,-0.002838714608936066,0.001230203576978429,-0.002755101329765085,-2.632664669019183,0.5414746543778802,0.5252688172043011,-0.0029505744076005944,-0.5596357617448601,-0.8447366221975563,-0.0009461451099423905,-0.0014461451099423912,-0.002446145109942391,0.9950844854070661,0.07971976333578369,-9.857750694659882e-05,True,-0.006164111971838677,0.0031847839643631966,194,1.0,40,1.0
R4,live_diag,short,48,Q5|L2,quintile_x_liqtercile,21690,730,589,0.002628529730230362,0.002172953969336943,1.2096573454026887,0.01127886819667323,0.0001013637141099672,0.0021851226813569087,0.04638811128308035,0.9630136513802618,-0.0041885399932875935,0.0043912674215075284,0.009228549897511486,0.00126757812978972,1.3497278306721467,-0.0005761558795036887,0.003111312139083129,-0.0013171951300037165,-1.3776680205694636,0.5731212540341171,0.5565698478561549,-0.00022122609216789835,-0.047150918156027406,-0.7527945522941184,0.0006013637141099664,0.00010136371410996631,-0.0008986362858900335,0.9951129552789304,0.09563359342181095,-0.0005840100097294368,True,-0.00431750244499092,0.004433637224715835,194,1.0,40,1.0
R4,live_diag,short,48,Q5|L3,quintile_x_liqtercile,24027,730,629,0.0038951311048243194,0.002275668734383193,1.7116424047017864,0.014098360655737663,-0.0002808063543448272,0.0022962209234013735,-0.1222906522116657,0.9027026306854538,-0.004788821733228011,0.004227209024538356,0.011497437260049372,0.0022950845177664657,2.043220212545172,8.985783228202373e-05,0.004500311203250907,-0.0019483045546987428,-1.6975278814649042,0.5751030091147459,0.5571648562034378,-0.0011700832752504825,-0.24453470983503464,-0.7583817136569222,0.00021919364565517284,-0.00028080635434482766,-0.0012808063543448278,0.9952553377450368,0.13290491886873915,-0.0020395076598502975,True,-0.0047097587791765,0.004220825969716483,194,1.0,40,1.0
R4,live_diag,short,72,Q1,quintile_pooled,58160,730,716,0.001522287616629927,0.002501267588957829,0.6086064615198564,0.009645474516444319,-0.0016581029050341445,0.002518803845016861,-0.6582898101868845,0.5105606151473709,-0.006603111651797319,0.00328690584172903,0.00750332612222838,-0.0007080126032299406,-1.0255481882376367,-0.002063372555141924,0.0006473473486820429,-0.003974747924581832,-5.671652726192853,0.5480632016917972,0.531918917524887,-0.0019221717864253832,-0.2844847881587569,-0.6895144909639424,-0.0011581029050341451,-0.0016581029050341464,-0.002658102905034147,0.9908360985506249,0.13614354994949185,-0.0010452900820753217,True,,,194,1.0,40,1.0
R4,live_diag,short,72,Q2,quintile_pooled,58459,730,709,0.0022817662873341376,0.0025228966746431384,0.9044232014206017,0.006857483601669601,0.00012485971923792267,0.002531288006685498,0.04932655585146774,0.960672623526946,-0.004844658394846392,0.0050943778333222365,0.005199052835043872,6.044995009581608e-05,0.10654789550904085,-0.0010533849013775578,0.0011742848015691898,-0.0021774934485627347,-3.838867379541734,0.5395049691247156,0.5270864336908366,-0.0006233980825876556,-0.09321577303621224,-0.7142547781807228,0.0006248597192379205,0.00012485971923792007,-0.0008751402807620801,0.9936709943381058,0.09270313433230477,-0.00027022589902050975,True,,,194,1.0,40,1.0
R4,live_diag,short,72,Q3,quintile_pooled,58461,730,703,0.003120247487113155,0.0024625610270193514,1.267074177199116,0.0064102564102562765,0.0009739785309712616,0.00247351263181286,0.3937633139384551,0.6938714100263084,-0.0038821128330872663,0.005830069895029789,0.004676086328914942,0.000884360808102722,1.8143013522336466,-7.259040152613968e-05,0.001841312017731584,-0.0013413152367478833,-2.7152032560276846,0.5376062674261474,0.5247943073159884,0.00023359501787694853,0.03575439837571821,-0.6955266137466852,0.0014739785309712602,0.0009739785309712592,-2.6021469028740607e-05,0.9937907322830605,0.08650044507558553,-0.00019476988915281677,True,,,194,1.0,40,1.0
R4,live_diag,short,72,Q4,quintile_pooled,58460,730,709,0.00312699144078309,0.002466781965372121,1.2676399798112576,0.00697558047807062,0.0009995348299504645,0.002476744008843726,0.40356808228118,0.6866491939745082,-0.0038629004928539316,0.00586197015275486,0.005351672233676845,0.0009074311102065121,1.812331114265169,-7.555153443128664e-05,0.0018904137548443108,-0.0013047940541559405,-2.5788168350502785,0.5409418244641727,0.5280443372504747,0.0004214250951787063,0.0647119422632169,-0.661420992865785,0.0014995348299504637,0.000999534829950463,-4.6517004953727913e-07,0.9937223106002292,0.08799949142444718,-0.00016709664595311648,True,,,194,1.0,40,1.0
R4,live_diag,short,72,Q5,quintile_pooled,58737,730,717,0.002956495236813072,0.0024487507028939596,1.2073483974171215,0.015089458935115263,-0.0004643644822631052,0.0024657731392480416,-0.18832408986526517,0.8506752290240119,-0.005305261388641154,0.0043765324241149435,0.012990480000737612,0.000742237953329938,0.888204455909799,-0.0008983516014502992,0.002382827508110175,-0.00274666908073758,-3.22956004772584,0.5732843012070756,0.5580809370584129,-0.0007614424836909893,-0.11680948299837522,-0.6812627503268344,3.563551773689439e-05,-0.0004643644822631071,-0.001464364482263106,0.9927303062805387,0.10735227276861566,-0.0014164867816841144,True,,,194,1.0,40,1.0
R4,live_diag,short,72,Q1|L1,quintile_x_liqtercile,10750,729,447,-0.0019744130031875817,0.0030223170182006797,-0.6532779292501347,0.004566210045662156,-0.00426279076403359,0.003053505018769904,-1.3960320149566492,0.1631321751487814,-0.010257558413052956,0.001731976884985777,0.00337805023896807,-0.003366445833314028,-2.288368038284037,-0.0062545741317431985,-0.00047831753488485756,-0.005582907484297777,-3.7261998508800103,0.5288372093023256,0.5130232558139535,-0.003107608450499068,-0.41921656855100736,-0.726616908866071,-0.0037627907640335897,-0.00426279076403359,-0.0052627907640335906,0.9881860465116279,0.09023786050631386,0.0002594798098465427,True,,,194,1.0,40,1.0
R4,live_diag,short,72,Q1|L2,quintile_x_liqtercile,21285,730,590,-0.00023409728027790929,0.0026736873138374635,-0.08755596777018643,0.008194034742707301,-0.0024177692139103176,0.0026968271910303727,-0.8965235970446309,0.37027035772107647,-0.007712279969298134,0.0028767415414774986,0.006471660356949809,-0.0023095890253930352,-2.4945747107194416,-0.004127229245585454,-0.0004919488052006161,-0.004614325190856898,-4.93548723296823,0.5409404801052285,0.5275520270587682,-0.002243515495155342,-0.31801142898096135,-0.7023124646561537,-0.0019177692139103171,-0.0024177692139103176,-0.0034177692139103185,0.9904166862404284,0.10972099415419083,-0.00010423362140114152,True,,,194,1.0,40,1.0
R4,live_diag,short,72,Q1|L3,quintile_x_liqtercile,26125,730,627,0.004392112848925486,0.002625328636079069,1.672976399436648,0.0138206103329932,2.71049766225832e-05,0.0026439808499633156,0.010251578268034457,0.9918233835662609,-0.005163655889972571,0.005217865843217737,0.010448844185733587,0.001690751468316294,1.5009019760806788,-0.0005208006368422665,0.0039023035734748546,-0.0027955755098250613,-2.4376898058491796,0.5617775396157085,0.5432519329403659,-0.0006881009463732632,-0.09783392941379836,-0.6714266458789488,0.0005271049766225836,2.7104976622582718e-05,-0.0009728950233774175,0.992268238536324,0.17656087777345025,-0.0023452771181145023,True,,,194,1.0,40,1.0
R4,live_diag,short,72,Q2|L1,quintile_x_liqtercile,17991,730,451,0.002188092765336527,0.002551984923205753,0.857408186639241,0.005130397605814463,0.0003776648989628766,0.002564909345974539,0.14724298133795546,0.8829811159396258,-0.004657859870300688,0.005413189668226442,0.003862565579514832,-0.0006580769397429637,-0.8838962690138604,-0.002119732705254205,0.0008035788257682773,-0.002533277574615178,-3.322464350462601,0.5315991328997832,0.5211494636206992,-0.0011203296717313912,-0.16717974176472047,-0.7312454077677106,0.0008776648989628752,0.000377664898962875,-0.0006223351010371256,0.993774665110333,0.07866246712152232,0.00018937358633031842,True,,,194,1.0,40,1.0
R4,live_diag,short,72,Q2|L2,quintile_x_liqtercile,22587,730,590,0.0024856340106550992,0.0026407354494940747,0.9412658171159513,0.00710269310446876,0.0005288427066413524,0.0026519928520141386,0.1994133227922188,0.841995276550282,-0.004677647618323014,0.0057353330316057185,0.005515681252025958,3.340057449078208e-05,0.042345489646718006,-0.0015151183236168748,0.0015819194725984389,-0.0020149545484853793,-2.5347714969762847,0.5398884363378785,0.5286877988312378,-0.00021716909792400828,-0.031315836903164786,-0.7158083055606399,0.0010288427066413532,0.0005288427066413516,-0.00047115729335864894,0.9933593058261023,0.09152444982360253,-0.00010093670380604941,True,,,194,1.0,40,1.0
R4,live_diag,short,72,Q2|L3,quintile_x_liqtercile,17881,730,608,0.0021184935435059654,0.0027529218944555454,0.7695436429826307,0.008436593725283492,-0.0006394723619898225,0.0027618404580228547,-0.2315384873634619,0.8169617310540077,-0.006061619564562481,0.004782674840582837,0.0060208622016935266,0.0008175654090679331,0.8059934962244939,-0.0011738446800519467,0.002808975498187813,-0.002024788978312583,-1.985004771704021,0.5469746113410133,0.5310367967788838,-0.0004920557012248548,-0.07019324891904007,-0.702292741105141,-0.0001394723619898221,-0.0006394723619898233,-0.0016394723619898234,0.9939604071132982,0.10831826516061,-0.0009462521261393076,True,,,194,1.0,40,1.0
R4,live_diag,short,72,Q3|L1,quintile_x_liqtercile,20597,730,450,0.0023829572289036957,0.002525064680420182,0.943721262818171,0.00497076023391807,0.0006086430516411054,0.0025354926931110385,0.24004922329091907,0.8103598589427136,-0.0043691298581442824,0.005586415961426493,0.0035924225028703145,0.00014112387430732413,0.2303620854731535,-0.0010615814160833074,0.0013438291646979557,-0.0016792495312013625,-2.685158069768698,0.529980094188474,0.5194931300674855,-0.00011942667141991658,-0.01856670074373377,-0.6874437835423101,0.001108643051641104,0.0006086430516411048,-0.0003913569483588966,0.9954362285769772,0.0758390741686167,0.00016718762376236339,True,,,194,1.0,40,1.0
R4,live_diag,short,72,Q3|L2,quintile_x_liqtercile,21912,730,581,0.003603125848339996,0.002500434646043179,1.440999809389849,0.006509711007534946,0.0015008449621425363,0.0025152692062336596,0.5966935699856507,0.550898003411364,-0.003437224451200865,0.006438914375485937,0.00493926565965014,0.0006487868478450321,0.9693027876870755,-0.0006652644142202858,0.00196283810991035,-0.001548953294609647,-2.2528374283222736,0.5377875136911281,0.5251460387002556,0.0003522295622890324,0.052915104554807614,-0.6811822355388073,0.0020008449621425357,0.0015008449621425357,0.000500844962142535,0.9931087988316903,0.08669453432970994,-0.00015778339046919158,True,,,194,1.0,40,1.0
R4,live_diag,short,72,Q3|L3,quintile_x_liqtercile,15952,730,601,0.0034089345982677203,0.0026488179046856987,1.2869644954594246,0.008316044260027522,0.0007229574954772636,0.0026631057098041133,0.2714715727639821,0.7861055340291994,-0.004505350002381165,0.005951264993335693,0.00586002896323577,0.0021676072814321057,2.554151580056046,0.0005014973015133922,0.003833717261350819,-0.0006183722901576622,-0.7242229541517412,0.547204112337011,0.5311559679037111,0.0006197672773987106,0.08991795332476882,-0.7075062648258066,0.0012229574954772636,0.0007229574954772633,-0.00027704250452273747,0.9926028084252758,0.09999965350302178,-0.0007142897884299613,True,,,194,1.0,40,1.0
R4,live_diag,short,72,Q4|L1,quintile_x_liqtercile,19420,730,453,0.002287343339885725,0.0026516825467005362,0.8626007448485282,0.006004491936071388,0.0005076486836270452,0.0026596006561323536,0.19087402556340113,0.848677653988642,-0.004713777563395191,0.005729074930649281,0.004589540585774059,-0.00026115357174840136,-0.38785630190325937,-0.0015830421492529917,0.001060735005756189,-0.002101557536456887,-3.0715305891289018,0.5338825952626158,0.5240473738414007,-0.0005293437135023698,-0.0819394731340063,-0.6657877579406526,0.0010076486836270457,0.0005076486836270447,-0.0004923513163729549,0.9953141091658084,0.07631404079719104,0.00018469658078533644,True,,,194,1.0,40,1.0
R4,live_diag,short,72,Q4|L2,quintile_x_liqtercile,21606,730,593,0.002696072066641315,0.0025664771823316166,1.050495241181908,0.006628285773964515,0.0006124440841851808,0.002580281201554531,0.23735555791989035,0.8124479271362525,-0.004453259279750385,0.005678147448120747,0.005097703050349069,0.0007464673437229628,1.0420174401349893,-0.0006599219687909509,0.0021528566562368763,-0.0014284470591298035,-1.9574046527270734,0.540081458854022,0.5264278441173748,0.0004000647701357569,0.0584838837592009,-0.6718675784986574,0.00111244408418518,0.0006124440841851798,-0.00038755591581482153,0.9927334999537165,0.08751603757079096,-0.000157409513264026,True,,,194,1.0,40,1.0
R4,live_diag,short,72,Q4|L3,quintile_x_liqtercile,17434,730,615,0.004596327801752119,0.0025106244926793066,1.8307508013064016,0.008906284265518372,0.002028144516823401,0.002522575794498392,0.8039974542079884,0.42166161965994686,-0.0029242694604881634,0.006980558494134965,0.006774032826748823,0.0024086183112050226,2.8428290316662586,0.0007452555519239172,0.004071981070486128,-0.0002621792893231714,-0.30877766863546613,0.5498709492400344,0.5344995698308002,0.0014728866111667941,0.2198215528798658,-0.6321270657477089,0.0025281445168234004,0.002028144516823399,0.0010281445168233995,0.9931746486951534,0.10161445873981341,-0.0005717854071379086,True,,,194,1.0,40,1.0
R4,live_diag,short,72,Q5|L1,quintile_x_liqtercile,13020,730,454,0.0009502014393188081,0.002664832846064563,0.35657074728798466,0.008978675645342327,-0.0010141895126529366,0.0026778326597077487,-0.378735209228355,0.7049952334299454,-0.006271409502538362,0.00424303047723249,0.00740771863635897,-2.094687415931122e-05,-0.01927219944452469,-0.002154766348125057,0.002112872599806434,-0.0019976167743278503,-1.825447111508665,0.5503072196620584,0.5351766513056836,-0.00019529570137414708,-0.03036405998783044,-0.6212321344752102,-0.0005141895126529375,-0.0010141895126529385,-0.0020141895126529388,0.9929339477726574,0.07971976333578369,-0.00010595186262377793,True,,,194,1.0,40,1.0
R4,live_diag,short,72,Q5|L2,quintile_x_liqtercile,21690,730,589,0.0019116966476656844,0.0025798968747492387,0.74099731131753,0.014459519072618165,-0.0007066511558700003,0.002600663259767771,-0.2717195904605894,0.7859148851537517,-0.005812369329351338,0.004399067017611338,0.012446565702451146,-0.0002864452610424878,-0.23758524250345686,-0.0026534106781608323,0.002080520156075857,-0.0029854813612564452,-2.435469218552234,0.5738128169663439,0.5592899953895805,-0.0008112156986329431,-0.11930166565959713,-0.7215909824289357,-0.00020665115586999958,-0.0007066511558700005,-0.0017066511558700014,0.9924389119409867,0.09563359342181095,-0.0006796175675926903,True,,,194,1.0,40,1.0
R4,live_diag,short,72,Q5|L3,quintile_x_liqtercile,24027,730,629,0.004986862184079987,0.0028127552364108485,1.7729456582377063,0.019565516293138963,5.221838699166242e-05,0.002847964228301361,0.018335338089133072,0.9853763741596587,-0.005539010182585414,0.005643446956568739,0.01679272808230222,0.0020844282131895946,1.4689921032021296,-0.0007012901931945197,0.004870146619573709,-0.0029371064997020303,-2.0100227774571633,0.5852582511341408,0.5694010904399217,-0.0014077025412113457,-0.19292702271093728,-0.7186596753655324,0.0005522183869916615,5.2218386991660784e-05,-0.0009477816130083396,0.9928830066175552,0.13290491886873915,-0.002791589151576134,True,,,194,1.0,40,1.0
