run,universe,direction,horizon_h,bucket,bucket_type,n_obs,n_days,n_symbols,mean_ret_gross,se_gross,t_stat_gross,median_ret_gross,mean_ret_net,se_net,t_stat_clustered,p_value_raw,ci_lo_net,ci_hi_net,median_ret_net,mean_ret_neutral,t_stat_neutral,ci_lo_neutral,ci_hi_neutral,mean_ret_neutral_net,t_stat_neutral_net,hit_rate_gross,hit_rate_net,mean_ret_net_dayeq,sharpe_daily_ann,max_dd,mean_net_slip5bp,mean_net_slip10bp,mean_net_slip20bp,funding_cov,mean_stop_pct_1atr,mean_funding_paid,reliable,boot_ci_lo_net,boot_ci_hi_net,n_tests_bonferroni,p_value_bonferroni,n_tests_family,p_value_bonferroni_family
R6,exec,long,24,Q1|L1,funding_x_liqtercile,9467,730,366,0.0005842893431349819,0.0015250973141049846,0.3831161052682574,0.0,-0.0006463985621026019,0.0015305687027787468,-0.4223257413594474,0.6729119690851797,-0.0036512537899070054,0.002358456665701802,-0.0023000000000000086,0.0010344388893259518,1.8217752652157566,-8.03169866009487e-05,0.0021491947652528525,-0.00021839238267674143,-0.37172991105841746,0.4798774691032006,0.4565332206612443,-0.0007926596570652203,-0.3916719967948934,-0.7738070058851243,-0.00014639856210260405,-0.0006463985621026043,-0.0016463985621026044,0.9977817682475969,0.07359455325977163,-0.0007693128816430246,True,,,194,1.0,30,1.0
R6,exec,long,24,Q1|L2,funding_x_liqtercile,19151,730,521,-0.001019871613985091,0.0015853751220767755,-0.6432998725557781,-0.003971405877680745,-0.0015961378405428817,0.00159315500268438,-1.0018722835213623,0.3167381650443915,-0.00472386424042793,0.0015315885593421665,-0.005153441124591802,-0.0003573699967266029,-0.6770504948548978,-0.0013936252863812684,0.0006788852929280626,-0.0009089837061702691,-1.6576124567594381,0.45687134502923976,0.4430346700083542,-0.0016437749773634228,-0.7476453538317467,-0.8721500331031686,-0.0010961378405428828,-0.001596137840542883,-0.002596137840542883,0.9968149540517962,0.0919642531092294,-0.0014234571462993031,True,,,194,1.0,30,1.0
R6,exec,long,24,Q1|L3,funding_x_liqtercile,28100,730,586,-0.0034649011595686056,0.0014526145123717872,-2.3852860687115225,-0.007100983768595581,-0.002710948477042265,0.0014537771631139551,-1.8647620459489676,0.06261693950047496,-0.005565044409302485,0.00014314745521795506,-0.007668955341959436,-0.002553174496626516,-4.496914490541678,-0.0036678170021441415,-0.0014385319911088905,-0.0017807615798040661,-3.1292945943269426,0.43612099644128116,0.4311387900355872,-0.002087738696903263,-0.955500840599746,-0.9193090442442424,-0.002210948477042266,-0.0027109484770422663,-0.0037109484770422663,0.9971174377224199,0.1274160335549432,-0.0027568427906063744,True,,,194,1.0,30,1.0
R6,exec,long,24,Q2|L1,funding_x_liqtercile,12876,686,384,0.0027269252961543127,0.0016928044200670656,1.6108921171450374,0.0,0.0007866179662456179,0.0016962110601131594,0.46375005136043634,0.6429743735674837,-0.0025437877230998704,0.004117023655591106,-0.0020864452383905687,0.0006914981105892077,1.5177267388737874,-0.0002030702577963322,0.0015860664789747476,-0.0012407271188375237,-2.6799007725339843,0.49743709226467847,0.47297297297297297,-0.0010082127323257249,-0.47714380794689865,-0.8683166850504735,0.001286617966245618,0.0007866179662456172,-0.00021338203375438224,0.9972041006523765,0.07306801457484781,-3.021681542056256e-05,True,,,194,1.0,30,1.0
R6,exec,long,24,Q2|L2,funding_x_liqtercile,19709,686,526,0.0006629510799849517,0.0016601816038733777,0.3993244344101978,-0.001076812634601687,-0.0012588392985580586,0.0016613284765341842,-0.7577305249015012,0.4488732861513147,-0.004520755188761016,0.002003076591644899,-0.003060982151958434,-0.0004116929353692326,-1.0039562056771103,-0.001216839179438145,0.0003934533086996799,-0.0023243507117246508,-5.645864215190408,0.4846516819727028,0.46273276168248006,-0.0021261763196139265,-0.9450251225681153,-0.9344736468994073,-0.0007588392985580591,-0.0012588392985580594,-0.0022588392985580593,0.9983763762747984,0.0858131344094854,-6.719971997763872e-05,True,,,194,1.0,30,1.0
R6,exec,long,24,Q2|L3,funding_x_liqtercile,22186,688,564,0.00023914690728293807,0.0016413927786915917,0.14569755051168798,-0.002760254073659707,-0.0016747910815886275,0.0016415338386126142,-1.0202598583067417,0.3079649016589839,-0.004897824766302159,0.0015482426031249046,-0.004789016761157392,-0.0004008866859740837,-0.8347510785668989,-0.001343814684564621,0.0005420413126164536,-0.0023045713764002804,-4.80213696614121,0.4696894577905981,0.4504890251047911,-0.0022309873672808943,-0.9704766357075105,-0.9323447441950456,-0.0011747910815886283,-0.0016747910815886288,-0.002674791081588629,0.9982872853472754,0.09627131439613265,-6.797146462594243e-05,True,,,194,1.0,30,1.0
R6,exec,long,24,Q3|L1,funding_x_liqtercile,18781,683,391,-0.0034572961016316075,0.001818700580451771,-1.9009704724308187,-0.0022410358565737587,-0.005635695795799144,0.0018237329913650209,-3.0901978647548396,0.0020817310688744702,-0.009216510885074186,-0.002054880706524102,-0.0045377500693907485,0.0002676618350046711,0.5719111523657012,-0.0006512575054471647,0.0011865811754565069,-0.0019236880900468207,-4.084184446706144,0.43671795964006177,0.41526010329588414,-0.0025035371351876147,-1.2121435478162161,-0.9185996519120678,-0.005135695795799147,-0.005635695795799148,-0.0066356957957991475,0.997018263138278,0.07347795902292935,0.00014710745580773967,True,,,194,0.4038558273616472,30,0.0624519320662341
R6,exec,long,24,Q3|L2,funding_x_liqtercile,23078,690,541,-0.003958889269748019,0.0017902747180028851,-2.211330601911365,-0.004993104061307152,-0.0061014186137238625,0.0017935903818633164,-3.401790439679572,0.0007081976367305693,-0.009622986297030598,-0.0025798509304171273,-0.007217009584487516,-0.0009491811500185237,-2.4639172026420866,-0.0017055517818499572,-0.0001928105181870902,-0.0030710501855049856,-7.950109184703459,0.4459225236155646,0.4247335124360863,-0.003133826211138674,-1.351676918951038,-0.9623905703079575,-0.005601418613723864,-0.006101418613723864,-0.007101418613723864,0.9978767657509316,0.08761082392594273,0.00012435676711971663,True,,,194,0.13739034152573046,30,0.02124592910191708
R6,exec,long,24,Q3|L3,funding_x_liqtercile,18330,692,568,-0.0036628091728752917,0.001894603466511417,-1.9332853748123442,-0.005564408054901826,-0.005799176406436034,0.0018987095747675412,-3.0542724824811747,0.0023429248577219067,-0.009527117965618023,-0.002071234847254045,-0.007667026541543309,-0.0009771401376406647,-1.9722995969293198,-0.0019498726184773764,-4.407656803953131e-06,-0.0030864347342702933,-6.204315910176333,0.45160938352427715,0.4328423349699945,-0.003889026080442307,-1.6179880302438965,-0.9735428266488328,-0.005299176406436034,-0.0057991764064360355,-0.0067991764064360355,0.997708674304419,0.10438909027038665,0.000110589193460191,True,,,194,0.4545274223980499,30,0.0702877457316572
R6,exec,long,24,Q4|L1,funding_x_liqtercile,30063,670,433,-0.0002647040499700906,0.0016714316956976333,-0.15836964839870807,0.0,-0.002475267971089369,0.0016742311352491808,-1.4784505669349934,0.13975857680152656,-0.005762657006473132,0.0008121210642943943,-0.0023000000000000086,4.6083695863894995e-05,0.10616994636933089,-0.0008061922152838269,0.0008983596070116168,-0.002153751421893184,-4.9323633052024425,0.4537471310248478,0.4328576655689718,-0.0019296486081534488,-0.9409245140924022,-0.8924788844253905,-0.0019752679710893723,-0.0024752679710893727,-0.0034752679710893723,0.9984698799188371,0.07470051727022241,0.0002003433157877138,True,,,194,1.0,30,1.0
R6,exec,long,24,Q4|L2,funding_x_liqtercile,30798,672,565,-0.000427015178661682,0.0017007982535758761,-0.25106750772109254,-0.00228514362920762,-0.002640227533607281,0.0017039545348357104,-1.549470645859599,0.12174082396048422,-0.005985960978931519,0.0007055059117169579,-0.004599069680436383,-0.00019563554054718275,-0.5038743717916896,-0.0009579912352017685,0.000566720154107403,-0.002391474346293624,-6.140950149049237,0.4730826677056952,0.4525293850250016,-0.0025866228780418495,-1.1479671289182867,-0.9355208360894219,-0.0021402275336072827,-0.002640227533607283,-0.0036402275336072836,0.9974998376517956,0.095097150979064,0.0002056907825266057,True,,,194,1.0,30,1.0
R6,exec,long,24,Q4|L3,funding_x_liqtercile,17870,672,565,0.0012172377760308517,0.0018735453844333206,0.6496975126113755,-0.0029066820193064946,-0.001050800000412397,0.0018747215784178544,-0.5605098978479809,0.5753190658136131,-0.00473183641150914,0.002630236410684346,-0.005271148036253835,0.0009304423758905494,1.338510990573799,-0.0004344540729953703,0.0022953388247764694,-0.0013235679554617645,-1.9021322934302047,0.4716284275321768,0.45500839395635145,-0.0009911035515917242,-0.40760796031602997,-0.8803367613839128,-0.0005508000004123987,-0.0010508000004123992,-0.002050800000412399,0.997817571348629,0.13187012201028803,0.00021050475407996544,True,,,194,1.0,30,1.0
R6,exec,long,24,Q5|L1,funding_x_liqtercile,15618,714,402,0.0001304103619634586,0.001694410016730917,0.07696505608191798,0.0,-0.0023543058681373026,0.0017025097046747335,-1.3828443160546304,0.16714612979674834,-0.005696845556398677,0.0009882338201240718,-0.0023000000000000086,0.0008689835358266188,1.1679688799812147,-0.0005917339097872678,0.0023297009814405053,-0.0016296658443241618,-2.1886063262168345,0.40344474324497376,0.38333973620181844,-0.0020978260127058226,-0.9982260185240673,-0.9464611451487217,-0.0018543058681373052,-0.002354305868137305,-0.0033543058681373052,0.9945575617876808,0.07780127573522609,0.0005510505407841309,True,,,194,1.0,30,1.0
R6,exec,long,24,Q5|L2,funding_x_liqtercile,16532,729,532,0.0021918349996014157,0.0017340743468899785,1.2639798308143018,-0.0023719505693378107,-0.0006176118694143712,0.001730788246799365,-0.35683849284075103,0.7213162645180107,-0.0040155514816900655,0.002780327742861323,-0.0051689960157530555,0.0029100883954924013,3.55350862331105,0.0013023346440025436,0.004517842146982259,0.00012208658586343435,0.15098160209659714,0.47084442293733364,0.4468908782966368,-0.0015433065160262924,-0.6377783843292912,-0.9488947760456531,-0.00011761186941437156,-0.0006176118694143723,-0.0016176118694143724,0.9957657875635132,0.11399242314061292,0.000717680770866232,True,,,194,1.0,30,1.0
R6,exec,long,24,Q5|L3,funding_x_liqtercile,15046,730,521,0.0001897722775732913,0.0018316726432145078,0.10360600092833674,-0.0050797939481145304,-0.0026418385600520005,0.0018317391553582078,-1.442256967824315,0.14965995885134023,-0.006237960032390631,0.0009542829122866294,-0.007923038128904698,0.0010816248481441133,0.9574687039374103,-0.0011361721967969385,0.003299421893085165,-0.0017290824192597934,-1.5311774634502364,0.45617066524888683,0.43663188675483483,-0.0023677041736213838,-0.8258040609963118,-0.9676653962301678,-0.002141838560052002,-0.002641838560052003,-0.0036418385600520027,0.9960124941848874,0.20931541584948743,0.0008378867071461888,True,,,194,1.0,30,1.0
R6,exec,long,48,Q1|L1,funding_x_liqtercile,9467,730,366,0.001919084610985055,0.002350708126665005,0.8163857474333479,-5.600963365703926e-05,0.0013291101006532818,0.002372173882489566,0.5602920217882165,0.5754528779997521,-0.003328018590521328,0.005986238791827891,-0.0026000000000000172,0.0021996229171114363,1.7546244332632108,-0.0002615027816492287,0.004660748615872101,0.001602944441235026,1.238419794810953,0.4759691560156333,0.45885708249709517,-4.1952975974686614e-05,-0.009896240118423487,-0.6710144993207495,0.0018291101006532799,0.0013291101006532788,0.00032911010065327816,0.995457906411746,0.07359455325977163,-0.0014132657661290347,True,-0.0032760849625672055,0.006027783961435797,194,1.0,30,1.0
R6,exec,long,48,Q1|L2,funding_x_liqtercile,19150,730,521,-0.0013951101447500008,0.002198345582060818,-0.634618212957295,-0.005942264864900293,-0.0007959241716687813,0.002219237132561206,-0.35864764517084785,0.7199628229913129,-0.005152802475937155,0.0035609541325995918,-0.006701858205689424,-0.0008549888177158186,-1.2298854300042927,-0.0022197778074080207,0.0005098001719763834,-0.00016500079423053765,-0.2239567799335163,0.45394736842105265,0.44642857142857145,-0.0012504984142756297,-0.2735186767744466,-0.733133410081958,-0.00029592417166878166,-0.0007959241716687823,-0.0017959241716687829,0.993734335839599,0.0919642531092294,-0.0025912180968894493,True,-0.005120534402606108,0.0035918664022968325,194,1.0,30,1.0
R6,exec,long,48,Q1|L3,funding_x_liqtercile,28100,730,586,-0.00677247486842453,0.002056911097645664,-3.292546224373183,-0.011928401238138153,-0.0036869710249948224,0.002070322181478593,-1.780868242623785,0.07535144835204144,-0.007751494668270189,0.00037755261828054413,-0.011072691763857688,-0.0048568983207828735,-6.441843103005086,-0.006337092188944596,-0.003376704452621151,-0.0017037361714042287,-2.214519653067683,0.42330960854092525,0.42679715302491106,-0.0024952594708524097,-0.5772319281872085,-0.8175839916762129,-0.0031869710249948237,-0.0036869710249948255,-0.004686971024994825,0.9950889679715302,0.1274160335549432,-0.005034250195622631,True,-0.007838053800069545,0.00023727468230803114,194,1.0,30,1.0
R6,exec,long,48,Q2|L1,funding_x_liqtercile,12876,686,384,0.004612095949327683,0.0025687880892230155,1.7954365206990313,0.00024071315262519377,0.0028186078257799617,0.002580743820521577,1.092168778383556,0.2751440172433791,-0.0022485364765262,0.007885752128086124,-0.0017795916430358698,0.0018885026121253873,2.6492322762513627,0.0004888712104102872,0.0032881340138404876,0.00014000567194341062,0.19012757811491113,0.5025629077353215,0.48454488971730353,0.0009068042080178624,0.20734073516700285,-0.5972125540757824,0.003318607825779963,0.0028186078257799617,0.001818607825779961,0.9949518484001243,0.07306801457484781,-0.00020031533447818637,True,-0.002231148649649045,0.007846780299382955,194,1.0,30,1.0
R6,exec,long,48,Q2|L2,funding_x_liqtercile,19709,686,526,0.0009424326859483922,0.002407668356407557,0.3914296100790977,-0.0018129079042784602,-0.0008616894269069835,0.0024116378093415334,-0.3573046597499882,0.7209741163046397,-0.005596803655471265,0.003873424801657298,-0.003833052024773657,-0.0003681565163979351,-0.648857665032543,-0.0014821923947293386,0.0007458793619334683,-0.0021313078798462755,-3.722353004778982,0.4825206758333756,0.4635953117864935,-0.001418107421963974,-0.31467658252226244,-0.8171101838515834,-0.00036168942690698285,-0.0008616894269069838,-0.0018616894269069843,0.9967527525495966,0.0858131344094854,-0.00021121953525069954,True,-0.005472857135875709,0.0036640048409525817,194,1.0,30,1.0
R6,exec,long,48,Q2|L3,funding_x_liqtercile,22186,688,564,-0.0005309390427620084,0.002315669172780374,-0.22928104282034437,-0.0042070847365963115,-0.002314900399386174,0.0023189842121061595,-0.9982389648456137,0.31851598691986815,-0.0068680709393329435,0.0022382701405605963,-0.006185550122007636,-0.0009935652218277411,-1.432513333515045,-0.0023553597844831508,0.00036822934082766825,-0.0027352078417337304,-3.94211790417068,0.4682922432054807,0.45323838283679635,-0.0020391752032712916,-0.4408716883251532,-0.8340156130465439,-0.0018149003993861736,-0.0023149003993861742,-0.003314900399386175,0.99666471357101,0.09627131439613265,-0.00020230282051282084,True,-0.006786148730622266,0.0023304708970957318,194,1.0,30,1.0
R6,exec,long,48,Q3|L1,funding_x_liqtercile,18781,683,391,-0.005786729862395943,0.0025768906548347013,-2.2456249168116686,-0.004543733434305142,-0.008095397743582212,0.0025874915832301754,-3.1286663098923286,0.0018310513957299447,-0.01317583068369621,-0.003014964803468215,-0.007033654007038828,0.0002797825010570874,0.4217698853137464,-0.001022677776942363,0.0015822427790565378,-0.002039714809964361,-3.0599538145978125,0.42835844736701983,0.4103082902933816,-0.0019550697514302915,-0.35131446141146605,-0.7791991385937341,-0.007595397743582212,-0.008095397743582212,-0.009095397743582213,0.9953676588041105,0.07347795902292935,0.00021142499999999195,True,-0.013144478675933945,-0.0029741514736304417,194,0.3552239707716093,30,0.05493154187189834
R6,exec,long,48,Q3|L2,funding_x_liqtercile,23078,690,541,-0.007401977575618261,0.002510619361119659,-2.9482675431600303,-0.00925310811611818,-0.009623667017340737,0.0025208093012692905,-3.8176894271593573,0.00014687684447117123,-0.01457308213023268,-0.004674251904448795,-0.011615929865470801,-0.002221478543725739,-4.244000372152256,-0.003249206977815863,-0.0011937501096356154,-0.004362119941307859,-8.281566290964648,0.4279833607764971,0.4102175231822515,-0.005134022163673575,-1.0926963580061608,-0.9229852684112523,-0.009123667017340735,-0.009623667017340735,-0.010623667017340736,0.9957968628130687,0.08761082392594273,0.00017661635350941693,True,-0.01436431789157469,-0.004833600450675055,194,0.02849410782740722,30,0.004406305334135137
R6,exec,long,48,Q3|L3,funding_x_liqtercile,18330,692,568,-0.007122448097555557,0.0026592943593560384,-2.6783225679763762,-0.010170037387390085,-0.009294180769084273,0.0026707603446564005,-3.4799755761238065,0.0005330522414965683,-0.014537986355411162,-0.004050375182757385,-0.012469906103933939,-0.0024256335858073162,-3.501777230484942,-0.003785656211833099,-0.0010656109597815336,-0.00450621529291602,-6.476910892315625,0.4340425531914894,0.4187124931805783,-0.0060765984740211885,-1.2468281717559415,-0.9435176264374638,-0.008794180769084274,-0.009294180769084275,-0.010294180769084272,0.995417348608838,0.10438909027038665,0.00012912511290145488,True,-0.014272908422847053,-0.0036620024074381407,194,0.10341213485033425,30,0.01599156724489705
R6,exec,long,48,Q4|L1,funding_x_liqtercile,30063,670,433,-0.0022799664315526318,0.002300939617932099,-0.9908849470816118,0.0,-0.004641127952740641,0.0023089427758209153,-2.0100662525473574,0.04482633418112048,-0.009174799355942852,-0.00010745654953842922,-0.00270000000000002,0.00017685381895305192,0.282342416691989,-0.001053054741994515,0.0014067623799006188,-0.0021445687328199643,-3.3853125186721384,0.4451651531783255,0.42770182616505337,-0.00110739115037306,-0.26626930669818744,-0.7178836921910201,-0.004141127952740641,-0.004641127952740643,-0.005641127952740643,0.996440807637295,0.07470051727022241,0.00033136895813859057,True,-0.009411917156460793,-0.00010423552575369781,194,1.0,30,1.0
R6,exec,long,48,Q4|L2,funding_x_liqtercile,30798,672,565,-0.0024103932554680038,0.002395702426164991,-1.006132159462947,-0.005249213930017149,-0.004811085671022021,0.002405588332877612,-1.9999621736055335,0.04590816414098853,-0.009534497562516175,-8.767377952786492e-05,-0.007896414287222873,-0.00043268270797843623,-0.7429958336261729,-0.0015761278256448308,0.0007107624096879582,-0.0027524395880973145,-4.705472870660624,0.4604844470420157,0.4422689785050977,-0.002329101408803811,-0.5139519330439404,-0.8388795757354148,-0.004311085671022021,-0.004811085671022023,-0.005811085671022023,0.9949672056627054,0.095097150979064,0.0003560640224521003,True,-0.00941637840841728,-8.965906332044611e-05,194,1.0,30,1.0
R6,exec,long,48,Q4|L3,funding_x_liqtercile,17869,672,565,0.00073188200532639,0.002630498275381897,0.27822941842458915,-0.0038740225267234196,-0.0017871264740509103,0.0026344252360617814,-0.6783743374408668,0.49776895205603705,-0.006959863353923197,0.0033856104058213763,-0.0064892729844096535,0.001182183493043669,1.262964336724573,-0.0006557338145771552,0.0030201008006644934,-0.0012702891921242514,-1.3552767670070491,0.47582540570789034,0.45780637940682706,-3.4850227001439076e-05,-0.007354380368937703,-0.7480546487908899,-0.0012871264740509105,-0.001787126474050912,-0.0027871264740509123,0.9955232232792389,0.13187012201028803,0.00035731260258570755,True,-0.006943874147497026,0.0031523308136474863,194,1.0,30,1.0
R6,exec,long,48,Q5|L1,funding_x_liqtercile,15618,714,402,0.0026032249522694993,0.002371583031657151,1.0976739660894301,0.0,-0.0003607262605586096,0.0023750180476064496,-0.15188358712564337,0.8793218399624256,-0.00502361368757335,0.004302161166456131,-0.0026000000000000016,0.0012671217930487568,1.1521411202225327,-0.0008921068003056123,0.003426350386403126,-0.0018248915790747351,-1.678102887264048,0.4202202586758868,0.40056345242668717,-0.002225003529869374,-0.5341824082060922,-0.8906390664483209,0.00013927373944139137,-0.0003607262605586104,-0.0013607262605586099,0.9917402996542451,0.07780127573522609,0.0010142181838724135,True,-0.004836371780159568,0.004254435070852722,194,1.0,30,1.0
R6,exec,long,48,Q5|L2,funding_x_liqtercile,16532,729,532,0.005955457731772337,0.0024684900909995124,2.4125913057082284,-0.002408585427945087,0.0024259099364891405,0.0024651192087083887,0.9840943707384472,0.32539695326507156,-0.0024137031492989258,0.007265523022277207,-0.005993247663088527,0.005990787822790915,5.097549364682024,0.0036835454320360305,0.0082980302135458,0.0025103354406012866,2.1578230631216853,0.47471570287926446,0.4525768207113477,-0.0006884959247025512,-0.14110418067981156,-0.842304737339305,0.002925909936489141,0.0024259099364891397,0.0014259099364891399,0.9926808613597871,0.11399242314061292,0.001374232689659364,True,-0.002224335458915996,0.007334301010530159,194,1.0,30,1.0
R6,exec,long,48,Q5|L3,funding_x_liqtercile,15045,730,521,0.0028381779332069734,0.0026340925860372823,1.0774784258729175,-0.007201047425079987,-0.0005895918197897738,0.002647662124034196,-0.2226839347958127,0.823844052825667,-0.0057875679603226335,0.004608384320743086,-0.010830180703720374,0.0029779486075697777,1.762892562380457,-0.00033840693994030514,0.006294304155079861,-0.0003491784015073713,-0.2049806762463277,0.45783212600518375,0.4358343855918123,-0.00212871731288649,-0.3579159411318604,-0.8901114944653644,-8.959181978977413e-05,-0.0005895918197897755,-0.0015895918197897745,0.9923572805210341,0.20931541584948743,0.0014617842974819076,True,-0.005843414617428999,0.004593570608632757,194,1.0,30,1.0
R6,exec,long,72,Q1|L1,funding_x_liqtercile,9467,730,366,0.0020131815076636374,0.0027121259378905214,0.7422890948897013,0.0,0.0021100457683675415,0.0027425963943615702,0.7693606586465028,0.44192946615080847,-0.0032743207775983766,0.007494412314333459,-0.0028750000000018466,0.0024265115339146,1.9570252303446387,-7.685155412272791e-06,0.004860708223241473,0.0025125519047112105,1.9434650327153056,0.4787155381852752,0.46265976550121474,0.0006277664120692049,0.10064245842798662,-0.655699949882859,0.0026100457683675402,0.0021100457683675402,0.0011100457683675406,0.993662194993134,0.07359455325977163,-0.0020605263909854407,True,,,194,1.0,30,1.0
R6,exec,long,72,Q1|L2,funding_x_liqtercile,19150,730,521,-0.0027512955271024294,0.002596965540472502,-1.059427044458144,-0.008988250761897076,-0.000981999455493141,0.0026320762122245887,-0.3730892938936486,0.7091908908434943,-0.0061493886975525006,0.004185389786566218,-0.009127312564102553,-0.001620929413278949,-1.9149248748341545,-0.0032827421930517833,4.088336649388539e-05,0.0002687958630775968,0.2974588928047015,0.44648078529657476,0.4392752715121136,-0.001514679517585316,-0.22419930492790063,-0.6761061478490755,-0.00048199945549314135,-0.0009819994554931418,-0.0019819994554931422,0.9906537176274018,0.0919642531092294,-0.0036485741306066513,True,,,194,1.0,30,1.0
R6,exec,long,72,Q1|L3,funding_x_liqtercile,28099,730,586,-0.010282082279983184,0.0024556921954270775,-4.187040338007424,-0.017244444444444396,-0.005111334147675476,0.0024793570025422144,-2.061556339984342,0.03960545892437679,-0.009978899396226105,-0.0002437688991248476,-0.015509501701168852,-0.007406396981672944,-8.303012070266922,-0.009157618355989591,-0.0056551756073562965,-0.0021392467129649783,-2.353790515847603,0.40800711743772244,0.4162989323843416,-0.002907962008981047,-0.4465377630594289,-0.7984120424894066,-0.004611334147675476,-0.005111334147675476,-0.0061113341476754755,0.9926690391459074,0.1274160335549432,-0.007044838243349825,True,,,194,1.0,30,1.0
R6,exec,long,72,Q2|L1,funding_x_liqtercile,12876,686,384,0.005552751486132292,0.0031266726123263477,1.7759299340268508,0.0,0.003972721365899459,0.003147286972157509,1.2622685509914287,0.2072836369683569,-0.0022068144067331668,0.010152257138532086,-0.002899999999999901,0.002666010041757674,2.7459261219835582,0.0007597196556482777,0.00457230042786707,0.001137054999433152,1.1322918124538839,0.4869524697110904,0.47126436781609193,0.001611940316821824,0.2458688165207248,-0.5787403208130759,0.0044727213658994625,0.003972721365899464,0.002972721365899462,0.9926219322771047,0.07306801457484781,-0.00035032773335420326,True,,,194,1.0,30,1.0
R6,exec,long,72,Q2|L2,funding_x_liqtercile,19709,686,526,0.0007622278804810191,0.0029002378738434017,0.2628156425910379,-0.004005340453938522,-0.0009113296251257938,0.002909212573338925,-0.3132564575987151,0.7541816038230923,-0.00662341858497575,0.004800759334724162,-0.0060663777737896395,-0.0008029190688752349,-1.1118683129056373,-0.0022207829654437017,0.0006149448276932321,-0.0024270724651315914,-3.3211634031977066,0.4745040336901923,0.45765893754122483,-0.0018239781058923504,-0.2722566631667384,-0.7923576265537817,-0.00041132962512579476,-0.000911329625125796,-0.0019113296251257947,0.9951798670658075,0.0858131344094854,-0.00038408055215662253,True,,,194,1.0,30,1.0
R6,exec,long,72,Q2|L3,funding_x_liqtercile,22186,688,564,-0.0014583340672421818,0.002750811497653819,-0.5301468561135514,-0.007202328464380181,-0.003092345376269789,0.0027562304311672405,-1.1219473311453885,0.2622785308631366,-0.008504033653136798,0.002319342900597219,-0.009160041647013893,-0.0015477821500408362,-1.8603606268397075,-0.0031813101456167406,8.57458455350681e-05,-0.003123812856861972,-3.7429957971424948,0.4570694550863118,0.4460269527200613,-0.0024609655899237855,-0.36468732041984203,-0.806296676553569,-0.0025923453762697886,-0.003092345376269789,-0.00409234537626979,0.9953576418623519,0.09627131439613265,-0.00036391925421119407,True,,,194,1.0,30,1.0
R6,exec,long,72,Q3|L1,funding_x_liqtercile,18781,683,391,-0.010210669211892362,0.0033852763894134824,-3.016199576443274,-0.00933040614709113,-0.01255443741143936,0.003403203621097302,-3.689005657378622,0.00024314844098568107,-0.019236504820844758,-0.0058723700020339616,-0.01225196627118656,-0.00025197198590622025,-0.32063605016631497,-0.0017949488550158574,0.0012910048832034168,-0.002597266757939855,-3.275768092253285,0.40775251584047706,0.39145945370321067,-0.003974412447209357,-0.5845976304447531,-0.7997469269731173,-0.01205443741143936,-0.01255443741143936,-0.013554437411439359,0.9942495074809649,0.07347795902292935,0.00022004773791033973,True,,,194,0.04717079755122213,30,0.007294453229570432
R6,exec,long,72,Q3|L2,funding_x_liqtercile,23078,690,541,-0.011519039882872215,0.0032717954914340394,-3.5207090152885376,-0.014111414927011068,-0.013770167076517039,0.0032920814995369713,-4.1828147566983995,3.2529357410166445e-05,-0.02023393243806306,-0.007306401714971016,-0.01659696621459518,-0.00317542318248612,-4.726226854411473,-0.004494586937396568,-0.001856259427575672,-0.005296309361211298,-7.824727693754761,0.4156339370829361,0.4001646589825808,-0.006000522839533918,-0.8521218325644369,-0.8911074258521103,-0.013270167076517033,-0.013770167076517036,-0.014770167076517035,0.9935003033191785,0.08761082392594273,0.00019580150122120859,True,,,194,0.00631069533757229,30,0.0009758807223049933
R6,exec,long,72,Q3|L3,funding_x_liqtercile,18330,692,568,-0.010756819902076498,0.00332471972789152,-3.235406525198528,-0.015035704089437218,-0.012849901479701714,0.0033454012364630345,-3.841064366104984,0.00013381889533970633,-0.019418322564667374,-0.006281480394736055,-0.01745921643122498,-0.0036104164569153996,-4.085055317611363,-0.005345693450684109,-0.0018751394631466901,-0.005565404418965804,-6.281643945141252,0.42411347517730497,0.41091107474086197,-0.007656906587777783,-1.0614272206652406,-0.9168468652867549,-0.01234990147970171,-0.012849901479701711,-0.01384990147970171,0.9929078014184397,0.10438909027038665,9.343010109889669e-05,True,,,194,0.02596086569590303,30,0.00401456686019119
R6,exec,long,72,Q4|L1,funding_x_liqtercile,30063,670,433,-0.002522615688030591,0.002593558923368451,-0.9726463761055714,-0.002039627039627012,-0.00495914633347516,0.0026088969068819314,-1.9008594476821126,0.057751868003310995,-0.010081799743660497,0.00016350707671017664,-0.004942198902786894,-0.00022675739435313832,-0.2974616380590309,-0.0017235616270176984,0.001270046838311422,-0.0026683652861768862,-3.4564659763248606,0.4301965871669494,0.41250041579350033,-0.0003367387779404483,-0.05492748926679376,-0.6387756178946333,-0.00445914633347516,-0.004959146333475161,-0.00595914633347516,0.9933140405149187,0.07470051727022241,0.0004432767513897071,True,,,194,1.0,30,1.0
R6,exec,long,72,Q4|L2,funding_x_liqtercile,30798,672,565,-0.001960796001893768,0.0027015932602553337,-0.7257924539345529,-0.008099624078402035,-0.004504022585295811,0.0027177930309829983,-1.6572353133405273,0.09794144897743992,-0.009840467967531623,0.0008324227969400012,-0.010939900713772667,2.922706004977305e-05,0.040114783238600134,-0.001401355234832385,0.0014598093549319311,-0.0024098352090242844,-3.2780924298203953,0.4509383726215988,0.43269043444379507,-0.0012955591284207397,-0.19559608969068448,-0.7479653505214667,-0.004004022585295812,-0.004504022585295813,-0.005504022585295813,0.992596921878044,0.095097150979064,0.00047754373666992355,True,,,194,1.0,30,1.0
R6,exec,long,72,Q4|L3,funding_x_liqtercile,17869,672,565,0.0013641050511546918,0.002972938757503407,0.458840616111524,-0.00728059818968918,-0.0012626905542387488,0.0029828890955782197,-0.4233112642741355,0.6722044288177593,-0.007119657791387989,0.004594276682910491,-0.010262626340003037,0.0012853120250633928,1.1983912951524334,-0.0008206090399877147,0.0033912330901145005,-0.0012595504095995339,-1.1727329905889943,0.4604364857302742,0.4454952434247342,0.0006319002813341317,0.09121557928972293,-0.6630806162056234,-0.0007626905542387477,-0.001262690554238748,-0.0022626905542387486,0.9930050363738109,0.13187012201028803,0.0004282891129895528,True,,,194,1.0,30,1.0
R6,exec,long,72,Q5|L1,funding_x_liqtercile,15618,714,402,0.0037567438832828174,0.002772012849421594,1.3552404290141356,0.0,0.0005468936048443912,0.002778999975180647,0.19679510965409083,0.8440441965097849,-0.0049091471092521,0.006002934318940883,-0.002900000000000026,0.0025149436667469276,1.7969743994720855,-0.00023277529573230557,0.00526266262922616,-0.0009490040394114908,-0.68394809889932,0.4109360993725189,0.3918555512869766,-0.0015952017748790772,-0.2553703096288713,-0.8402837012714752,0.0010468936048443902,0.0005468936048443891,-0.0004531063951556113,0.9900115251632732,0.07780127573522609,0.0014112383061699468,True,,,194,1.0,30,1.0
R6,exec,long,72,Q5|L2,funding_x_liqtercile,16531,729,532,0.008109707579357691,0.0030648119821186587,2.646070175486449,-0.004551365409622754,0.003965781830468433,0.0030764799769947776,1.2890647298612876,0.19778671925701882,-0.0020740912090636138,0.01000565487000048,-0.008725353173770859,0.008646343629818923,5.549610947726883,0.0055876169053559535,0.011705070354281893,0.004557857439102465,2.936077849049631,0.47048149044277765,0.44634647955480283,0.0005777264933260976,0.07619316810113597,-0.7978037104594169,0.004465781830468433,0.0039657818304684326,0.0029657818304684334,0.9894749576578756,0.11399242314061292,0.0019522866554590862,True,,,194,1.0,30,1.0
R6,exec,long,72,Q5|L3,funding_x_liqtercile,15044,730,521,0.005790506029862405,0.003350113707510448,1.7284505946413005,-0.011025503430558026,0.0018041926661290638,0.003388696636548717,0.5324149251573544,0.594601553102415,-0.004848621740603027,0.008457007072861154,-0.01524036645628493,0.0064859758486127276,2.7522110462742635,0.0018593612302312181,0.011112590466994237,0.0026448316655077876,1.1014621352092298,0.45018940652621786,0.42812520768259454,5.3910120349819036e-05,0.005601798475374803,-0.806991725758301,0.0023041926661290634,0.0018041926661290619,0.0008041926661290635,0.9897654017412109,0.20931541584948743,0.0020090582421271575,True,,,194,1.0,30,1.0
R6,exec,short,24,Q1|L1,funding_x_liqtercile,9467,730,366,-0.0005842893431349819,0.0015250973141049846,-0.3831161052682574,0.0,-0.0033536014378973975,0.0015305687027787468,-2.191081936935556,0.02876210708045224,-0.006358456665701801,-0.0003487462100929938,-0.0016999999999999914,-0.0010344388893259518,-1.8217752652157566,-0.0021491947652528525,8.03169866009487e-05,-0.0037816076173232582,-6.43674768330241,0.4967782824548431,0.4687863103411852,-0.003207340342934782,-1.5848231776664288,-0.9603499789573114,-0.0028536014378973983,-0.0033536014378973984,-0.0043536014378973975,0.9977817682475969,0.07359455325977163,-0.0007693128816430246,True,,,194,1.0,30,0.8628632124135672
R6,exec,short,24,Q1|L2,funding_x_liqtercile,19151,730,521,0.001019871613985091,0.0015853751220767755,0.6432998725557781,0.003971405877680745,-0.002403862159457119,0.00159315500268438,-1.5088689772223929,0.13176612257072814,-0.005531588559342167,0.0007238642404279291,0.001153441124591802,0.0003573699967266029,0.6770504948548978,-0.0006788852929280626,0.0013936252863812684,-0.003091016293829732,-5.636742526756351,0.5380639097744361,0.5092940685045948,-0.0023562250226365797,-1.0716921202815364,-0.9331023825964958,-0.001903862159457119,-0.0024038621594571195,-0.0034038621594571195,0.9968149540517962,0.0919642531092294,-0.0014234571462993031,True,,,194,1.0,30,1.0
R6,exec,short,24,Q1|L3,funding_x_liqtercile,28100,730,586,0.0034649011595686056,0.0014526145123717872,2.3852860687115225,0.007100983768595581,-0.001289051522957735,0.0014537771631139551,-0.886691272682134,0.375537953877372,-0.004143147455217955,0.001565044409302485,0.0036689553419594362,0.002553174496626516,4.496914490541678,0.0014385319911088905,0.0036678170021441415,-0.002219238420195935,-3.8998206557252377,0.5595373665480428,0.531067615658363,-0.0019122613030967395,-0.8751896419152132,-0.9139725374157088,-0.0007890515229577354,-0.0012890515229577362,-0.0022890515229577364,0.9971174377224199,0.1274160335549432,-0.0027568427906063744,True,,,194,1.0,30,1.0
R6,exec,short,24,Q2|L1,funding_x_liqtercile,12876,686,384,-0.0027269252961543127,0.0016928044200670656,-1.6108921171450374,0.0,-0.00478661796624562,0.0016962110601131594,-2.8219471496231665,0.0049118639892449245,-0.008117023655591108,-0.0014562122769001319,-0.0019135547616094314,-0.0006914981105892077,-1.5177267388737874,-0.0015860664789747476,0.0002030702577963322,-0.0027592728811624773,-5.959874184734197,0.4805063684374029,0.45534327430879157,-0.0029917872676742774,-1.4158844891516043,-0.9490597542770759,-0.0042866179662456195,-0.004786617966245619,-0.00578661796624562,0.9972041006523765,0.07306801457484781,-3.021681542056256e-05,True,,,194,0.9529016139135154,30,0.14735591967734774
R6,exec,short,24,Q2|L2,funding_x_liqtercile,19709,686,526,-0.0006629510799849517,0.0016601816038733777,-0.3993244344101978,0.001076812634601687,-0.002741160701441944,0.0016613284765341842,-1.6499811687815493,0.09940588374111589,-0.006003076591644901,0.0005207551887610137,-0.0009390178480415661,0.0004116929353692326,1.0039562056771103,-0.0003934533086996799,0.001216839179438145,-0.0016756492882753508,-4.07016389831441,0.5107311380587549,0.49038510325232126,-0.001873823680386076,-0.8328615255904243,-0.9140243084357066,-0.002241160701441943,-0.0027411607014419435,-0.0037411607014419435,0.9983763762747984,0.0858131344094854,-6.719971997763872e-05,True,,,194,1.0,30,1.0
R6,exec,short,24,Q2|L3,funding_x_liqtercile,22186,688,564,-0.00023914690728293807,0.0016413927786915917,-0.14569755051168798,0.002760254073659707,-0.002325208918411374,0.0016415338386126142,-1.416485523305804,0.15708731969096978,-0.005548242603124906,0.0008978247663021582,0.0007890167611573923,0.0004008866859740837,0.8347510785668989,-0.0005420413126164536,0.001343814684564621,-0.001695428623599721,-3.5328393601587478,0.5267949700274935,0.5084058232298193,-0.0017690126327191086,-0.7695182202746976,-0.9011415785583796,-0.0018252089184113732,-0.002325208918411374,-0.0033252089184113735,0.9982872853472754,0.09627131439613265,-6.797146462594243e-05,True,,,194,1.0,30,1.0
R6,exec,short,24,Q3|L1,funding_x_liqtercile,18781,683,391,0.0034572961016316075,0.001818700580451771,1.9009704724308187,0.0022410358565737587,0.0016356957957991438,0.0018237329913650209,0.8968943389979825,0.37009224845303873,-0.0019451192934758982,0.0052165108850741855,0.0005377500693907484,-0.0002676618350046711,-0.5719111523657012,-0.0011865811754565069,0.0006512575054471647,-0.00207631190995318,-4.40822025827228,0.5206325541770939,0.5040732655343166,-0.0014964628648123876,-0.7245459955971336,-0.853736092124659,0.0021356957957991453,0.001635695795799145,0.000635695795799145,0.997018263138278,0.07347795902292935,0.00014710745580773967,True,,,194,1.0,30,1.0
R6,exec,short,24,Q3|L2,funding_x_liqtercile,23078,690,541,0.003958889269748019,0.0017902747180028851,2.211330601911365,0.004993104061307152,0.002101418613723861,0.0017935903818633162,1.1716268301688537,0.2417524906231128,-0.0014201490695828736,0.005622986297030596,0.0032170095844875155,0.0009491811500185237,2.4639172026420866,0.0001928105181870902,0.0017055517818499572,-0.0009289498144950155,-2.4047970584144034,0.5485743998613398,0.5300719299766011,-0.0008661737888613285,-0.3735966959631825,-0.8452596695213392,0.0026014186137238624,0.002101418613723862,0.0011014186137238617,0.9978767657509316,0.08761082392594273,0.00012435676711971663,True,,,194,1.0,30,1.0
R6,exec,short,24,Q3|L3,funding_x_liqtercile,18330,692,568,0.0036628091728752917,0.001894603466511417,1.9332853748123442,0.005564408054901826,0.001799176406436033,0.0018987095747675412,0.9475785187717853,0.34367580135478903,-0.0019287651527459557,0.005527117965618022,0.0036670265415433088,0.0009771401376406647,1.9722995969293198,4.407656803953131e-06,0.0019498726184773764,-0.0009135652657297075,-1.8364384803657134,0.5446262956901254,0.5284233496999454,-0.00011097391955769545,-0.04616952157162679,-0.7599063442190136,0.0022991764064360337,0.0017991764064360328,0.0007991764064360337,0.997708674304419,0.10438909027038665,0.000110589193460191,True,,,194,1.0,30,1.0
R6,exec,short,24,Q4|L1,funding_x_liqtercile,30063,670,433,0.0002647040499700906,0.0016714316956976333,0.15836964839870807,0.0,-0.0015247320289106315,0.0016742311352491808,-0.9107058140354684,0.3627789005844389,-0.004812121064294394,0.0017626570064731316,-0.0016999999999999914,-4.6083695863894995e-05,-0.10616994636933089,-0.0008983596070116168,0.0008061922152838269,-0.0018462485781068167,-4.228142879614025,0.48544722748893987,0.4694142301167548,-0.0020703513918465533,-1.0095332223403626,-0.9031500547358886,-0.0010247320289106293,-0.0015247320289106302,-0.00252473202891063,0.9984698799188371,0.07470051727022241,0.0002003433157877138,True,,,194,1.0,30,1.0
R6,exec,short,24,Q4|L2,funding_x_liqtercile,30798,672,565,0.000427015178661682,0.0017007982535758761,0.25106750772109254,0.00228514362920762,-0.0013597724663927196,0.0017039545348357102,-0.7980098286623736,0.4251475311923507,-0.004705505911716958,0.001985960978931519,0.0005990696804363833,0.00019563554054718275,0.5038743717916896,-0.000566720154107403,0.0009579912352017685,-0.0016085256537063772,-4.130454448815943,0.5203909344762647,0.504123644392493,-0.0014133771219581525,-0.6272698237330135,-0.8617900812451785,-0.0008597724663927187,-0.0013597724663927191,-0.0023597724663927196,0.9974998376517956,0.095097150979064,0.0002056907825266057,True,,,194,1.0,30,1.0
R6,exec,short,24,Q4|L3,funding_x_liqtercile,17870,672,565,-0.0012172377760308517,0.0018735453844333206,-0.6496975126113755,0.0029066820193064946,-0.0029491999995876045,0.0018747215784178542,-1.5731402644207797,0.11615841703123952,-0.006630236410684347,0.000731836411509138,0.0012711480362538347,-0.0009304423758905494,-1.338510990573799,-0.0022953388247764694,0.0004344540729953703,-0.0026764320445382367,-3.846366786140189,0.5235030777839955,0.5092333519865697,-0.0030088964484082784,-1.237459135494118,-0.9566166083545452,-0.0024491999995876032,-0.002949199999587604,-0.003949199999587604,0.997817571348629,0.13187012201028803,0.00021050475407996544,True,,,194,1.0,30,1.0
R6,exec,short,24,Q5|L1,funding_x_liqtercile,15618,714,402,-0.0001304103619634586,0.001694410016730917,-0.07696505608191798,0.0,-0.0016456941318626968,0.0017025097046747335,-0.9666283412916631,0.33405807321233305,-0.004988233820124071,0.0016968455563986776,-0.0016999999999999914,-0.0008689835358266188,-1.1679688799812147,-0.0023297009814405053,0.0005917339097872678,-0.0023703341556758394,-3.183308005397501,0.4469202202586759,0.4343065693430657,-0.00190217398729418,-0.9051272862364811,-0.8807787575264185,-0.0011456941318626962,-0.0016456941318626966,-0.002645694131862697,0.9945575617876808,0.07780127573522609,0.0005510505407841309,True,,,194,1.0,30,1.0
R6,exec,short,24,Q5|L2,funding_x_liqtercile,16532,729,532,-0.0021918349996014157,0.0017340743468899785,-1.2639798308143018,0.0023719505693378107,-0.0033823881305856296,0.001730788246799365,-1.954247226279969,0.05105499368226996,-0.006780327742861324,1.5551481690064938e-05,0.0011689960157530554,-0.0029100883954924013,-3.55350862331105,-0.004517842146982259,-0.0013023346440025436,-0.0041220865858634355,-5.097687287370972,0.518993467215098,0.5087103798693443,-0.0024566934839737103,-1.0152396719190404,-0.9438995811193254,-0.002882388130585629,-0.00338238813058563,-0.00438238813058563,0.9957657875635132,0.11399242314061292,0.000717680770866232,True,,,194,1.0,30,1.0
R6,exec,short,24,Q5|L3,funding_x_liqtercile,15046,730,521,-0.0001897722775732913,0.0018316726432145078,-0.10360600092833674,0.0050797939481145304,-0.0013581614399479993,0.0018317391553582078,-0.7414600686866917,0.4586536481367532,-0.004954282912286629,0.0022379600323906308,0.003923038128904698,-0.0010816248481441133,-0.9574687039374103,-0.003299421893085165,0.0011361721967969385,-0.002270917580740209,-2.0109959954777015,0.5365853658536586,0.5272811856183957,-0.0016322958263786185,-0.569309518135074,-0.9300603451110374,-0.0008581614399479981,-0.001358161439948,-0.0023581614399479996,0.9960124941848874,0.20931541584948743,0.0008378867071461888,True,,,194,1.0,30,1.0
R6,exec,short,48,Q1|L1,funding_x_liqtercile,9467,730,366,-0.001919084610985055,0.002350708126665005,-0.8163857474333479,5.600963365703926e-05,-0.005329110100653279,0.002372173882489566,-2.2465090523045665,0.02497079446533383,-0.00998623879182789,-0.0006719814094786692,-0.0013999999999999829,-0.0021996229171114363,-1.7546244332632108,-0.004660748615872101,0.0002615027816492287,-0.005602944441235028,-4.328782162846078,0.5011091158762015,0.4740678145135735,-0.003958047024025317,-0.9336592420380405,-0.8627950750382207,-0.004829110100653279,-0.0053291101006532815,-0.006329110100653281,0.995457906411746,0.07359455325977163,-0.0014132657661290347,True,-0.010027783961435811,-0.0007239150374327975,194,1.0,30,0.7491238339600149
R6,exec,short,48,Q1|L2,funding_x_liqtercile,19150,730,521,0.0013951101447500008,0.002198345582060818,0.634618212957295,0.005942264864900293,-0.0032040758283312194,0.002219237132561206,-1.4437735297955374,0.1492334675183544,-0.007560954132599593,0.001152802475937154,0.0027018582056894235,0.0008549888177158186,1.2298854300042927,-0.0005098001719763834,0.0022197778074080207,-0.0038349992057694644,-5.205272357487628,0.5419277360066834,0.5156641604010025,-0.0027495015857243736,-0.6013922344333431,-0.8467160734356165,-0.0027040758283312202,-0.0032040758283312207,-0.00420407582833122,0.993734335839599,0.0919642531092294,-0.0025912180968894493,True,-0.007591866402296793,0.0011205344026061369,194,1.0,30,1.0
R6,exec,short,48,Q1|L3,funding_x_liqtercile,28100,730,586,0.00677247486842453,0.002056911097645664,3.292546224373183,0.011928401238138153,-0.00031302897500517607,0.002070322181478593,-0.15119819408089202,0.879861318718044,-0.004377552618280543,0.0037514946682701907,0.007072691763857689,0.0048568983207828735,6.441843103005086,0.003376704452621151,0.006337092188944596,-0.0022962638285957734,-2.984688276508562,0.5740925266903915,0.5422064056939502,-0.001504740529147593,-0.3480937702901843,-0.7434984708931709,0.00018697102499482275,-0.00031302897500517764,-0.001313028975005178,0.9950889679715302,0.1274160335549432,-0.005034250195622631,True,-0.004237274682308028,0.003838053800069592,194,1.0,30,1.0
R6,exec,short,48,Q2|L1,funding_x_liqtercile,12876,686,384,-0.004612095949327683,0.0025687880892230155,-1.7954365206990313,-0.00024071315262519377,-0.006818607825779964,0.002580743820521577,-2.642109523448128,0.008427819768117096,-0.011885752128086126,-0.0017514635234738025,-0.0022204083569641302,-0.0018885026121253873,-2.6492322762513627,-0.0032881340138404876,-0.0004888712104102872,-0.004140005671943412,-5.622124024423444,0.47778813296054673,0.4582945013979497,-0.004906804208017865,-1.1219405278619161,-0.9117007342084507,-0.006318607825779965,-0.0068186078257799635,-0.007818607825779965,0.9949518484001243,0.07306801457484781,-0.00020031533447818637,True,-0.011846780299382957,-0.0017688513503509836,194,1.0,30,0.25283459304351286
R6,exec,short,48,Q2|L2,funding_x_liqtercile,19709,686,526,-0.0009424326859483922,0.002407668356407557,-0.3914296100790977,0.0018129079042784602,-0.003138310573093018,0.0024116378093415334,-1.3013191951696483,0.19358801096074402,-0.0078734248016573,0.0015968036554712636,-0.000166947975226343,0.0003681565163979351,0.648857665032543,-0.0007458793619334683,0.0014821923947293386,-0.0018686921201537257,-3.263691648793011,0.5141813384748085,0.49718402760160335,-0.0025818925780360298,-0.5729193150761265,-0.8533903486332819,-0.002638310573093018,-0.0031383105730930184,-0.004138310573093019,0.9967527525495966,0.0858131344094854,-0.00021121953525069954,True,-0.007664004840952587,0.0014728571358756935,194,1.0,30,1.0
R6,exec,short,48,Q2|L3,funding_x_liqtercile,22186,688,564,0.0005309390427620084,0.002315669172780374,0.22928104282034437,0.0042070847365963115,-0.0016850996006138274,0.0023189842121061595,-0.7266541927352657,0.46768605729826607,-0.006238270140560598,0.0028680709393329425,0.0021855501220076363,0.0009935652218277411,1.432513333515045,-0.00036822934082766825,0.0023553597844831508,-0.0012647921582662712,-1.8228815141871484,0.5297246135124172,0.5136341100644521,-0.001960824796728712,-0.42393225322513073,-0.8225923503099623,-0.0011850996006138276,-0.001685099600613828,-0.0026850996006138276,0.99666471357101,0.09627131439613265,-0.00020230282051282084,True,-0.006330470897095751,0.0027861487306222532,194,1.0,30,1.0
R6,exec,short,48,Q3|L1,funding_x_liqtercile,18781,683,391,0.005786729862395943,0.0025768906548347013,2.2456249168116686,0.004543733434305142,0.0040953977435822094,0.0025874915832301754,1.582767561496603,0.11393941177120702,-0.0009850351965317878,0.009175830683696207,0.003033654007038828,-0.0002797825010570874,-0.4217698853137464,-0.0015822427790565378,0.001022677776942363,-0.0019602851900356404,-2.9407945246296285,0.5305894254832011,0.5182365156274958,-0.002044930248569712,-0.36746186082348525,-0.8543245664032395,0.00459539774358221,0.0040953977435822094,0.0030953977435822103,0.9953676588041105,0.07347795902292935,0.00021142499999999195,True,-0.0010258485263695616,0.009144478675933975,194,1.0,30,1.0
R6,exec,short,48,Q3|L2,funding_x_liqtercile,23078,690,541,0.007401977575618261,0.002510619361119659,2.9482675431600303,0.00925310811611818,0.0056236670173407345,0.0025208093012692905,2.2308974401629973,0.02600995426224703,0.0006742519044487926,0.010573082130232676,0.007615929865470801,0.002221478543725739,4.244000372152256,0.0011937501096356154,0.003249206977815863,0.0003621199413078582,0.6874914811081773,0.5685068030158592,0.5543807955628738,0.0011340221636735722,0.2413588895100774,-0.6658580531240244,0.006123667017340735,0.005623667017340734,0.004623667017340734,0.9957968628130687,0.08761082392594273,0.00017661635350941693,True,0.0008336004506749643,0.010364317891574654,194,1.0,30,0.7802986278674109
R6,exec,short,48,Q3|L3,funding_x_liqtercile,18330,692,568,0.007122448097555557,0.0026592943593560384,2.6783225679763762,0.010170037387390085,0.005294180769084274,0.0026707603446564005,1.9822747404785892,0.04784535315860221,5.0375182757385686e-05,0.010537986355411161,0.008469906103933939,0.0024256335858073162,3.501777230484942,0.0010656109597815336,0.003785656211833099,0.0005062152929160183,0.727597580545872,0.5629023458810692,0.5494817239498091,0.0020765984740211854,0.42608730688793317,-0.6404596404453116,0.005794180769084272,0.005294180769084272,0.004294180769084271,0.995417348608838,0.10438909027038665,0.00012912511290145488,True,-0.00033799759256188626,0.010272908422847064,194,1.0,30,1.0
R6,exec,short,48,Q4|L1,funding_x_liqtercile,30063,670,433,0.0022799664315526318,0.002300939617932099,0.9908849470816118,0.0,0.0006411279527406419,0.0023089427758209153,0.277671651049341,0.7813504669215366,-0.0038925434504615696,0.005174799355942853,-0.00129999999999998,-0.00017685381895305192,-0.282342416691989,-0.0014067623799006188,0.001053054741994515,-0.001855431267180037,-2.928894094273636,0.4959252236969032,0.485813125769218,-0.0028926088496269427,-0.6955202348147145,-0.8417455630712014,0.0011411279527406405,0.0006411279527406405,-0.00035887204725935955,0.996440807637295,0.07470051727022241,0.00033136895813859057,True,-0.0038957644742463136,0.005411917156460759,194,1.0,30,1.0
R6,exec,short,48,Q4|L2,funding_x_liqtercile,30798,672,565,0.0024103932554680038,0.002395702426164991,1.006132159462947,0.005249213930017149,0.0008110856710220203,0.002405588332877612,0.3371672783479889,0.7360965539825415,-0.003912326220472135,0.005534497562516176,0.003896414287222873,0.00043268270797843623,0.7429958336261729,-0.0007107624096879582,0.0015761278256448308,-0.0012475604119026862,-2.132784929451005,0.5346775764660043,0.5238651860510423,-0.0016708985911961913,-0.36870939050555357,-0.7700866150270561,0.0013110856710220199,0.0008110856710220194,-0.0001889143289779801,0.9949672056627054,0.095097150979064,0.0003560640224521003,True,-0.0039103409366795525,0.005416378408417273,194,1.0,30,1.0
R6,exec,short,48,Q4|L3,funding_x_liqtercile,17869,672,565,-0.00073188200532639,0.002630498275381897,-0.27822941842458915,0.0038740225267234196,-0.0022128735259490905,0.0026344252360617814,-0.8399834224398521,0.4012177631415196,-0.007385610405821377,0.0029598633539231964,0.0024892729844096535,-0.001182183493043669,-1.262964336724573,-0.0030201008006644934,0.0006557338145771552,-0.00272971080787575,-2.9123396951646146,0.5202014549524342,0.5112479015109122,-0.003965149772998565,-0.8367583846508203,-0.8726626530849237,-0.0017128735259490909,-0.002212873525949091,-0.003212873525949091,0.9955232232792389,0.13187012201028803,0.00035731260258570755,True,-0.007152330813647486,0.0029438741474970376,194,1.0,30,1.0
R6,exec,short,48,Q5|L1,funding_x_liqtercile,15618,714,402,-0.0026032249522694993,0.002371583031657151,-1.0976739660894301,0.0,-0.0036392737394413907,0.002375018047606449,-1.5323141409847654,0.12588974138825398,-0.00830216116645613,0.001023613687573349,-0.0013999999999999985,-0.0012671217930487568,-1.1521411202225327,-0.003426350386403126,0.0008921068003056123,-0.0021751084209252667,-2.0001493585266594,0.4309130490459726,0.423933922397234,-0.0017749964701306285,-0.42614399314115137,-0.6778599768057343,-0.003139273739441392,-0.003639273739441392,-0.004639273739441392,0.9917402996542451,0.07780127573522609,0.0010142181838724135,True,-0.008254435070852684,0.0008363717801595794,194,1.0,30,1.0
R6,exec,short,48,Q5|L2,funding_x_liqtercile,16532,729,532,-0.005955457731772337,0.0024684900909995124,-2.4125913057082284,0.002408585427945087,-0.006425909936489141,0.0024651192087083887,-2.6067339517653703,0.009328612610708584,-0.011265523022277207,-0.0015862968507010747,0.001993247663088527,-0.005990787822790915,-5.097549364682024,-0.0082980302135458,-0.0036835454320360305,-0.006510335440601289,-5.596125416220497,0.5153036535204452,0.509133801112993,-0.0033115040752974526,-0.6786780467358259,-0.9113984839233598,-0.0059259099364891415,-0.006425909936489141,-0.007425909936489142,0.9926808613597871,0.11399242314061292,0.001374232689659364,True,-0.011334301010530156,-0.0017756645410840041,194,1.0,30,0.27985837832125754
R6,exec,short,48,Q5|L3,funding_x_liqtercile,15045,730,521,-0.0028381779332069734,0.0026340925860372823,-1.0774784258729175,0.007201047425079987,-0.003410408180210227,0.002647662124034196,-1.288082852132903,0.1981269447662693,-0.008608384320743087,0.0017875679603226325,0.006830180703720374,-0.0029779486075697777,-1.762892562380457,-0.006294304155079861,0.00033840693994030514,-0.0036508215984926303,-2.143167724244022,0.5357214062603841,0.5304711902704858,-0.0018712826871135134,-0.31463167985128504,-0.7944229099657413,-0.0029104081802102263,-0.003410408180210226,-0.004410408180210227,0.9923572805210341,0.20931541584948743,0.0014617842974819076,True,-0.008593570608632767,0.0018434146174289875,194,1.0,30,1.0
R6,exec,short,72,Q1|L1,funding_x_liqtercile,9467,730,366,-0.0020131815076636374,0.0027121259378905214,-0.7422890948897013,0.0,-0.0061100457683675394,0.0027425963943615702,-2.2278326409708034,0.026197343643250718,-0.011494412314333458,-0.0007256792224016213,-0.0011249999999981535,-0.0024265115339146,-1.9570252303446387,-0.004860708223241473,7.685155412272791e-06,-0.006512551904711211,-5.037474798756235,0.49889088412379845,0.4745959649308123,-0.004627766412069209,-0.741915750487403,-0.7919313981051396,-0.0056100457683675425,-0.006110045768367543,-0.007110045768367542,0.993662194993134,0.07359455325977163,-0.0020605263909854407,True,,,194,1.0,30,0.7859203092975215
R6,exec,short,72,Q1|L2,funding_x_liqtercile,19150,730,521,0.0027512955271024294,0.002596965540472502,1.059427044458144,0.008988250761897076,-0.0030180005445068605,0.0026320762122245887,-1.1466235401884866,0.25191500156989044,-0.00818538978656622,0.0021493886975524987,0.005127312564102553,0.001620929413278949,1.9149248748341545,-4.088336649388539e-05,0.0032827421930517833,-0.004268795863077599,-4.723998637857702,0.5500208855472013,0.5240705931495405,-0.0024853204824146873,-0.3678713009658575,-0.7736327798207667,-0.0025180005445068604,-0.003018000544506861,-0.004018000544506861,0.9906537176274018,0.0919642531092294,-0.0036485741306066513,True,,,194,1.0,30,1.0
R6,exec,short,72,Q1|L3,funding_x_liqtercile,28099,730,586,0.010282082279983184,0.0024556921954270775,4.187040338007424,0.017244444444444396,0.0011113341476754748,0.0024793570025422144,0.4482348231964843,0.6541174680388764,-0.003756231100875154,0.005978899396226103,0.011509501701168852,0.007406396981672944,8.303012070266922,0.0056551756073562965,0.009157618355989591,-0.0018607532870350226,-2.0473671469546817,0.5894661921708185,0.5551245551601424,-0.0010920379910189565,-0.16769001801931577,-0.6900224136549522,0.0016113341476754741,0.001111334147675474,0.00011133414767547324,0.9926690391459074,0.1274160335549432,-0.007044838243349825,True,,,194,1.0,30,1.0
R6,exec,short,72,Q2|L1,funding_x_liqtercile,12876,686,384,-0.005552751486132292,0.0031266726123263477,-1.7759299340268508,0.0,-0.007972721365899466,0.003147286972157509,-2.5332044508270735,0.011525452903080638,-0.014152257138532092,-0.0017931855932668394,-0.0011000000000000992,-0.002666010041757674,-2.7459261219835582,-0.00457230042786707,-0.0007597196556482777,-0.005137054999433154,-5.115535588764995,0.4939422180801491,0.4771668219944082,-0.005611940316821828,-0.8559877246586919,-0.8563528392236077,-0.007472721365899465,-0.007972721365899466,-0.008972721365899466,0.9926219322771047,0.07306801457484781,-0.00035032773335420326,True,,,194,1.0,30,0.34576358709241917
R6,exec,short,72,Q2|L2,funding_x_liqtercile,19709,686,526,-0.0007622278804810191,0.0029002378738434017,-0.2628156425910379,0.004005340453938522,-0.0030886703748742054,0.002909212573338925,-1.0616860394389522,0.28875404795579723,-0.008800759334724162,0.0026234185849757508,0.0020663777737896395,0.0008029190688752349,1.1118683129056373,-0.0006149448276932321,0.0022207829654437017,-0.0015729275348684104,-2.1523664578361554,0.522857577756355,0.5079405347810645,-0.002176021894107652,-0.3248045894595185,-0.7835783157855979,-0.0025886703748742063,-0.0030886703748742067,-0.004088670374874206,0.9951798670658075,0.0858131344094854,-0.00038408055215662253,True,,,194,1.0,30,1.0
R6,exec,short,72,Q2|L3,funding_x_liqtercile,22186,688,564,0.0014583340672421818,0.002750811497653819,0.5301468561135514,0.007202328464380181,-0.0009076546237302135,0.0027562304311672405,-0.32931013803001563,0.7420220931076876,-0.006319342900597221,0.004504033653136795,0.005160041647013893,0.0015477821500408362,1.8603606268397075,-8.57458455350681e-05,0.0031813101456167406,-0.0008761871431380298,-1.0498595609118606,0.5407220444404381,0.5277865416685447,-0.0015390344100762172,-0.22806752656058468,-0.749767862241199,-0.00040765462373021263,-0.0009076546237302139,-0.0019076546237302133,0.9953576418623519,0.09627131439613265,-0.00036391925421119407,True,,,194,1.0,30,1.0
R6,exec,short,72,Q3|L1,funding_x_liqtercile,18781,683,391,0.010210669211892362,0.0033852763894134824,3.016199576443274,0.00933040614709113,0.00855443741143936,0.0034032036210973017,2.513642545044406,0.012179456907027398,0.0018723700020339623,0.015236504820844758,0.00825196627118656,0.00025197198590622025,0.32063605016631497,-0.0012910048832034168,0.0017949488550158574,-0.0014027332420601458,-1.769178611413944,0.5517810553218678,0.5417176934135562,-2.558755279064475e-05,-0.003763681532548047,-0.646219175906906,0.009054437411439359,0.008554437411439355,0.007554437411439356,0.9942495074809649,0.07347795902292935,0.00022004773791033973,True,,,194,1.0,30,0.3653837072108219
R6,exec,short,72,Q3|L2,funding_x_liqtercile,23078,690,541,0.011519039882872215,0.0032717954914340394,3.5207090152885376,0.014111414927011068,0.009770167076517034,0.0032920814995369713,2.9677780085004577,0.003104054618552052,0.003306401714971011,0.016233932438063058,0.012596966214595178,0.00317542318248612,4.726226854411473,0.001856259427575672,0.004494586937396568,0.001296309361211297,1.9151577195679057,0.5806395701533928,0.5679868272813935,0.002000522839533916,0.28409010909507015,-0.670297999169311,0.010270167076517032,0.009770167076517034,0.008770167076517033,0.9935003033191785,0.08761082392594273,0.00019580150122120859,True,,,194,0.6021865959990982,30,0.09312163855656157
R6,exec,short,72,Q3|L3,funding_x_liqtercile,18330,692,568,0.010756819902076498,0.00332471972789152,3.235406525198528,0.015035704089437218,0.008849901479701707,0.0033454012364630345,2.645393139466395,0.00834592914769379,0.0022814803947360483,0.015418322564667367,0.013459216431224977,0.0036104164569153996,4.085055317611363,0.0018751394631466901,0.005345693450684109,0.001565404418965801,1.7668640856689382,0.5734860883797054,0.5617566830332787,0.0036569065877777784,0.5069332048393047,-0.6161250805854327,0.00934990147970171,0.008849901479701707,0.007849901479701708,0.9929078014184397,0.10438909027038665,9.343010109889669e-05,True,,,194,1.0,30,0.2503778744308137
R6,exec,short,72,Q4|L1,funding_x_liqtercile,30063,670,433,0.002522615688030591,0.002593558923368451,0.9726463761055714,0.002039627039627012,0.00095914633347516,0.0026088969068819314,0.3676443982685006,0.7132552068963364,-0.004163507076710177,0.006081799743660497,0.0009421989027868938,0.00022675739435313832,0.2974616380590309,-0.001270046838311422,0.0017235616270176984,-0.0013316347138231156,-1.7249325289407078,0.5114925323487344,0.5023783388218075,-0.0036632612220595545,-0.597536591083437,-0.8149520465535294,0.0014591463334751584,0.0009591463334751579,-4.085366652484176e-05,0.9933140405149187,0.07470051727022241,0.0004432767513897071,True,,,194,1.0,30,1.0
R6,exec,short,72,Q4|L2,funding_x_liqtercile,30798,672,565,0.001960796001893768,0.0027015932602553337,0.7257924539345529,0.008099624078402035,0.0005040225852958124,0.0027177930309829983,0.18545289488563907,0.8529301189048306,-0.0048324227969399995,0.0058404679675316245,0.0069399007137726666,-2.922706004977305e-05,-0.040114783238600134,-0.0014598093549319311,0.001401355234832385,-0.0015901647909757172,-2.1630969387217966,0.5440937723228781,0.5347100461068901,-0.002704440871579262,-0.4083009780691244,-0.7481047741505049,0.0010040225852958114,0.0005040225852958103,-0.00049597741470419,0.992596921878044,0.095097150979064,0.00047754373666992355,True,,,194,1.0,30,1.0
R6,exec,short,72,Q4|L3,funding_x_liqtercile,17869,672,565,-0.0013641050511546918,0.002972938757503407,-0.458840616111524,0.00728059818968918,-0.002737309445761253,0.0029828890955782197,-0.9176705395514001,0.3591225765703072,-0.008594276682910493,0.003119657791387987,0.0062626263400030364,-0.0012853120250633928,-1.1983912951524334,-0.0033912330901145005,0.0008206090399877147,-0.0027404495904004675,-2.5515577774537324,0.5360380526021264,0.5278119753777281,-0.004631900281334134,-0.6686204767658848,-0.8157305855409128,-0.002237309445761255,-0.0027373094457612546,-0.003737309445761254,0.9930050363738109,0.13187012201028803,0.0004282891129895528,True,,,194,1.0,30,1.0
R6,exec,short,72,Q5|L1,funding_x_liqtercile,15618,714,402,-0.0037567438832828174,0.002772012849421594,-1.3552404290141356,0.0,-0.004546893604844392,0.002778999975180647,-1.636161801170518,0.10224890160267447,-0.010002934318940884,0.0009091471092520995,-0.0010999999999999743,-0.0025149436667469276,-1.7969743994720855,-0.00526266262922616,0.00023277529573230557,-0.0030509959605885114,-2.1988556426883745,0.4405173517735946,0.4370598027916507,-0.002404798225120925,-0.38497579241387386,-0.6631064633544899,-0.00404689360484439,-0.004546893604844391,-0.0055468936048443905,0.9900115251632732,0.07780127573522609,0.0014112383061699468,True,,,194,1.0,30,1.0
R6,exec,short,72,Q5|L2,funding_x_liqtercile,16531,729,532,-0.008109707579357691,0.0030648119821186587,-2.646070175486449,0.004551365409622754,-0.007965781830468434,0.0030764799769947776,-2.5892519665444764,0.009811409414399987,-0.01400565487000048,-0.0019259087909363863,0.004725353173770859,-0.008646343629818923,-5.549610947726883,-0.011705070354281893,-0.0055876169053559535,-0.008557857439102467,-5.512795430306676,0.520989595935156,0.5177836922332446,-0.0045777264933261,-0.6037311569683269,-0.8810352775220537,-0.007465781830468436,-0.007965781830468434,-0.008965781830468434,0.9894749576578756,0.11399242314061292,0.0019522866554590862,True,,,194,1.0,30,0.2943422824319996
R6,exec,short,72,Q5|L3,funding_x_liqtercile,15044,730,521,-0.005790506029862405,0.003350113707510448,-1.7284505946413005,0.011025503430558026,-0.005804192666129065,0.003388696636548717,-1.7128097580432742,0.08717450996834371,-0.012457007072861155,0.0008486217406030259,0.01124036645628493,-0.0064859758486127276,-2.7522110462742635,-0.011112590466994237,-0.0018593612302312181,-0.006644831665507791,-2.767295389663642,0.543895793181365,0.5399082873662524,-0.00405391012034982,-0.4212416404215714,-0.8568538051884257,-0.005304192666129062,-0.005804192666129063,-0.006804192666129065,0.9897654017412109,0.20931541584948743,0.0020090582421271575,True,,,194,1.0,30,1.0
R6,full,long,24,Q1|L1,funding_x_liqtercile,10100,730,377,0.0006825591113677429,0.0015031927150091393,0.45407292395213145,0.0,-0.0005825297221871752,0.0015080697998534369,-0.3862750399509286,0.6994058490523839,-0.0035432144753488903,0.00237815503097454,-0.0023000000000000086,0.0011168268203361677,2.0230658639751153,3.303580866888321e-05,0.0022006178320034524,-0.0001676359137014622,-0.2939965266511518,0.4796039603960396,0.4542574257425743,-0.0008813356815067425,-0.44227635487948275,-0.7761147378015028,-8.252972218717532e-05,-0.0005825297221871758,-0.0015825297221871756,0.9977227722772277,0.07228163747682212,-0.0007351582117693769,True,,,194,1.0,30,1.0
R6,full,long,24,Q1|L2,funding_x_liqtercile,20280,730,538,-0.0009577007556692171,0.0015604514048194991,-0.6137331497227858,-0.003700924601972966,-0.0015803692101112638,0.0015676208117690632,-1.0081323227189194,0.3137258958532774,-0.004657966173192626,0.0014972277529700993,-0.004906308541841443,-0.00023311862857258392,-0.46657123284002205,-0.001214027705732456,0.0007477904485872882,-0.0008312215971912486,-1.6024033319160076,0.45747251121739557,0.44243380503919927,-0.0013481871933875985,-0.6197676148179615,-0.8575563676609976,-0.0010803692101112644,-0.0015803692101112648,-0.0025803692101112647,0.9968443370642474,0.0909088117547542,-0.0013751862674976501,True,,,194,1.0,30,1.0
R6,full,long,24,Q1|L3,funding_x_liqtercile,31464,730,608,-0.0035438327781467647,0.0014218724721834267,-2.4923703408540265,-0.0066142275211021895,-0.002722357719456191,0.001424780432406527,-1.9107208784851077,0.05643299005051678,-0.005519526460080214,7.481102116783196e-05,-0.007249706819012167,-0.0024182763231586695,-4.59454572984404,-0.003451592140858051,-0.0013849605054592879,-0.0015775181171781335,-2.996527151305186,0.438278667683702,0.43185863208746506,-0.002075405106874707,-0.9728612202548649,-0.90709215558232,-0.0022223577194561916,-0.0027223577194561916,-0.003722357719456192,0.9971395881006865,0.12433331788830067,-0.0028147130094983114,True,,,194,1.0,30,1.0
R6,full,long,24,Q2|L1,funding_x_liqtercile,13584,688,396,0.0028005262866589503,0.0016725644313787247,1.6743906746542652,0.0,0.0008569115060784476,0.001676615656023396,0.5110959706238661,0.6094483046266478,-0.0024350028051419886,0.004148825817298884,-0.0020389417075188632,0.0006498348697982613,1.4232089129001182,-0.0002466608991823705,0.001546330638778893,-0.0012837340578740024,-2.7690347407099485,0.49845406360424027,0.47298292108362777,-0.0010373776482930225,-0.4965709565544254,-0.8671294829084442,0.001356911506078447,0.0008569115060784462,-0.00014308849392155303,0.9967608951707891,0.07223381894389888,-2.6066957163960403e-05,True,,,194,1.0,30,1.0
R6,full,long,24,Q2|L2,funding_x_liqtercile,21100,688,540,0.0005929122093798163,0.0016294260607476125,0.36387794675861307,-0.00100850525194357,-0.001332324924928218,0.0016305373513643593,-0.8171078839827798,0.4141504567146009,-0.004533767797450755,0.001869117947594319,-0.002977995929814665,-0.00044783373194014865,-1.1518695366966083,-0.0012111902132841902,0.000315522749403893,-0.002363413401912142,-6.06349552104845,0.4838862559241706,0.4606635071090047,-0.002314698810414015,-1.0378487345846044,-0.9445312372028843,-0.0008323249249282195,-0.00133232492492822,-0.0023323249249282197,0.9982938388625593,0.08444657318663594,-5.63951671097606e-05,True,,,194,1.0,30,1.0
R6,full,long,24,Q2|L3,funding_x_liqtercile,26374,688,586,-9.972436436288888e-05,0.001593668235498893,-0.06257536050573943,-0.002670313529960555,-0.002032916010511049,0.0015944382751018028,-1.2750045218158415,0.20273929132629198,-0.005163480941900434,0.0010976489208783355,-0.004661740083456057,-0.00054555832329801,-1.2675912237698612,-0.00139059556610181,0.00029947891950579013,-0.0024643685935620803,-5.739732402577224,0.468739336492891,0.447696682464455,-0.002406607146566232,-1.0712133006260744,-0.9381367946576609,-0.0015329160105110498,-0.00203291601051105,-0.00303291601051105,0.9978388625592417,0.09265381378722358,-4.065393570940036e-05,True,,,194,1.0,30,1.0
R6,full,long,24,Q3|L1,funding_x_liqtercile,19533,684,401,-0.0035922053357204074,0.0018303480916167258,-1.9625804250968748,-0.002218889067942764,-0.005774682663494684,0.0018353024951345107,-3.146447345221668,0.0017245854083180216,-0.009378204529348243,-0.0021711607976411256,-0.004526177044803735,0.0001958406000900886,0.4144772961204874,-0.0007318867525380402,0.0011235679527182175,-0.0020002417781288147,-4.209863279026499,0.4353657912251062,0.41386371781088416,-0.002450297663815662,-1.190233750382253,-0.9112956510600523,-0.005274682663494687,-0.005774682663494689,-0.006774682663494689,0.9970818614652127,0.0731724529972585,0.00015181937512835923,True,,,194,0.3345695692136962,30,0.051737562249540646
R6,full,long,24,Q3|L2,funding_x_liqtercile,24315,690,552,-0.004025170263586522,0.0017957022057923122,-2.241557787590125,-0.004960317460317443,-0.006169910977775575,0.0017990883435789332,-3.4294652621125583,0.0006408616011995872,-0.009702273458209655,-0.0026375484973414935,-0.007192367906066475,-0.0009124557517773252,-2.470401453491714,-0.0016376526562701644,-0.0001872588472844862,-0.0030361655816304226,-8.20041287947565,0.44548632531359245,0.4241003495784495,-0.0032510053154941867,-1.4248219671551998,-0.9637027844436864,-0.005669910977775578,-0.006169910977775577,-0.0071699109777755765,0.9978614024264857,0.0869796986892301,0.0001280098693483886,True,,,194,0.12432715063271993,30,0.019225848035987616
R6,full,long,24,Q3|L3,funding_x_liqtercile,21368,693,600,-0.0037449327974400527,0.00188994910534115,-1.9814992831587728,-0.005181347150259086,-0.0058856263329144076,0.0018939089834065159,-3.107660602743492,0.001963060174173589,-0.009604132916945575,-0.00216711974888324,-0.007318815638432492,-0.0011125821416204,-2.434635560106133,-0.0020098176926916646,-0.00021534659054913557,-0.003227970680063824,-7.036945630909598,0.4525926619243729,0.4326095095469861,-0.0039050869415120145,-1.6625400351751982,-0.974062411826557,-0.005385626332914411,-0.005885626332914412,-0.006885626332914411,0.9978004492699364,0.10196274571557008,0.00012187239857417439,True,,,194,0.3808336737896763,30,0.05889180522520768
R6,full,long,24,Q4|L1,funding_x_liqtercile,30805,670,434,-0.00023351979439709816,0.0016567888997202612,-0.14094722293016726,0.0,-0.0024459752693631568,0.0016594599265937146,-1.4739586236251456,0.14096381320377444,-0.005704360717159166,0.0008124101784328518,-0.0023000000000000086,3.604954268039488e-05,0.08262039352020918,-0.0008206864455757467,0.0008927855309365365,-0.0021659975820883127,-4.9357110083040965,0.453075799383217,0.43233241356922575,-0.001967460644217361,-0.9654522969469589,-0.8926641582863525,-0.00194597526936316,-0.00244597526936316,-0.00344597526936316,0.9985067359194936,0.07440622456683053,0.00020252805747910535,True,,,194,1.0,30,1.0
R6,full,long,24,Q4|L2,funding_x_liqtercile,31749,673,571,-0.00043300914183618493,0.0016970680370532783,-0.25515131531676527,-0.0022531749283080105,-0.002648309402364355,0.0017000983050720745,-1.5577389816008798,0.11976663851315632,-0.005986462095284651,0.0006898432905559412,-0.004559392247388622,-0.0001656166526481714,-0.4412539712720436,-0.0009025808191719855,0.0005713475138756428,-0.002363977477887128,-6.278069543362956,0.47308576648083406,0.4522662131090743,-0.002560279012379259,-1.150126452931299,-0.9328410696556757,-0.0021483094023643577,-0.002648309402364358,-0.0036483094023643577,0.9975747267630477,0.09456876815786891,0.0002079899624273766,True,,,194,1.0,30,1.0
R6,full,long,24,Q4|L3,funding_x_liqtercile,19543,672,581,0.0013422309293467714,0.0018680234570425378,0.718530018606831,-0.002577319587628746,-0.0009242771309766995,0.001869086391367653,-0.49450744237690636,0.6211099525535365,-0.004594248790403683,0.0027456945284502843,-0.004916735112936331,0.0010310529637594253,1.591647430498839,-0.0002408859849262967,0.002302991912445147,-0.001222351395049932,-1.8852736061015545,0.47346876119326614,0.4563270736325027,-0.0008491935075428846,-0.3528143497923682,-0.8691778362464647,-0.00042427713097670103,-0.0009242771309767013,-0.0019242771309767016,0.9979532313360282,0.12935458206250236,0.00021221512741628683,True,,,194,1.0,30,1.0
R6,full,long,24,Q5|L1,funding_x_liqtercile,16263,718,411,0.00011177663893002971,0.0016739489052175307,0.06677422386169204,0.0,-0.002368163241886811,0.0016816463122265779,-1.4082409747334161,0.15949377680260043,-0.0056697103964478655,0.0009333839126742433,-0.0023000000000000086,0.0008384142665625856,1.121406120102605,-0.0006294218093798028,0.002306250342504974,-0.001655421067763126,-2.2117161216299412,0.40263174076123714,0.381971346000123,-0.002169146400924242,-1.0567420782963508,-0.9469159867326088,-0.0018681632418868126,-0.002368163241886813,-0.003368163241886812,0.9947119227694767,0.07668925907633653,0.000543542449774365,True,,,194,1.0,30,1.0
R6,full,long,24,Q5|L2,funding_x_liqtercile,17413,729,549,0.002147466842761408,0.001671375463778471,1.2848500467433208,-0.001887014978181445,-0.0006491849774278109,0.0016687051008252222,-0.3890351729054885,0.6973640454969375,-0.003925240944289146,0.0026268709894335246,-0.004691506829757884,0.00281243809480694,3.608051484770649,0.001282122619654509,0.004342753569959371,3.763064646674114e-05,0.048816706347867306,0.47335477202251064,0.44665211898472496,-0.0015251596382773833,-0.6601923862476644,-0.9428519283243203,-0.0001491849774278115,-0.000649184977427812,-0.0016491849774278118,0.9957505455380729,0.1109979195878018,0.0007143450294117599,True,,,194,1.0,30,1.0
R6,full,long,24,Q5|L3,funding_x_liqtercile,16609,730,545,0.0005725038606080628,0.0017797598823924398,0.32167477549750995,-0.004495555530327988,-0.0022351955726606955,0.0017836991002736188,-1.2531236755783626,0.21056302844666344,-0.005737003467044369,0.0012666123217229784,-0.0072709871793432985,0.001382954215332372,1.2666628271653606,-0.0007605113405970757,0.0035264197712618194,-0.00140227419074067,-1.278046414985041,0.45833835039133053,0.4373269114990969,-0.0016241673567534926,-0.5624485368222519,-0.9426546632419063,-0.001735195572660696,-0.002235195572660697,-0.003235195572660697,0.9958458759783263,0.20433443917572355,0.0008251536618100431,True,,,194,1.0,30,1.0
R6,full,long,48,Q1|L1,funding_x_liqtercile,10100,730,377,0.0018778917265005858,0.0023074486045433044,0.8138390267081431,0.0,0.0012309636384735592,0.002327251442335204,0.5289345259738627,0.5970123184414377,-0.0033379718614410187,0.005799899138388138,-0.0026000000000000172,0.0021402768277271776,1.7825279819728048,-0.00021696058606567384,0.004497514241520029,0.0014927074858432912,1.2047544708024736,0.4767326732673267,0.45831683168316834,-0.00027200800457396665,-0.06538636257124476,-0.672735636930408,0.0017309636384735588,0.0012309636384735577,0.0002309636384735577,0.9953465346534653,0.07228163747682212,-0.0013517319019198273,True,-0.003353252839862429,0.005903412056441402,194,1.0,30,1.0
R6,full,long,48,Q1|L2,funding_x_liqtercile,20279,730,538,-0.0014249799774449959,0.002173476377454179,-0.6556224821334812,-0.005733397037744892,-0.0009225816070692179,0.0021927586173823258,-0.420740157970775,0.6740691756218095,-0.0052274764316907075,0.0033823132175522714,-0.006562451854829064,-0.0007235993492189985,-1.0923877921702,-0.0020240415717118427,0.0005768428732738458,-0.0001312974828254841,-0.18726577713101722,0.45397169764804496,0.4453922390414674,-0.0008659510943802079,-0.19145049910034337,-0.7139151724105124,-0.00042258160706921884,-0.0009225816070692193,-0.0019225816070692194,0.9938365958286081,0.0909088117547542,-0.0024981304410597338,True,-0.005234760488516318,0.003402139884113292,194,1.0,30,1.0
R6,full,long,48,Q1|L3,funding_x_liqtercile,31464,730,608,-0.007226015799553519,0.0020221354592338085,-3.573457834665276,-0.01133374329352188,-0.004040771630367074,0.002034600976273964,-1.9860265857962383,0.04740552129327085,-0.008035166245214213,-4.637701551993539e-05,-0.010529660535720386,-0.004850993314802462,-6.952424630667097,-0.006220815257571458,-0.0034811713720334665,-0.0015938155306763808,-2.2703785741944538,0.4255339435545385,0.4285214848715993,-0.002604409877496233,-0.6167468815092093,-0.8131180992695023,-0.003540771630367074,-0.004040771630367075,-0.005040771630367076,0.9950419527078566,0.12433331788830067,-0.005136468213236234,True,-0.00816755733954782,-0.00012054182871397321,194,1.0,30,1.0
R6,full,long,48,Q2|L1,funding_x_liqtercile,13584,688,396,0.004755006670038025,0.0025507433508901397,1.8641650750079022,0.0003923030703717467,0.00295106469213201,0.0025643647452073893,1.1507975601549407,0.250217080709221,-0.0020838941275970655,0.007986023511861085,-0.0016472195210567447,0.0019037377257667993,2.693322395868686,0.0005159192613346244,0.003291556190198974,0.00015369722723172278,0.21077070735208853,0.5036808009422851,0.48468786808009423,0.0009525633451970626,0.21916750411006247,-0.6021133342340284,0.003451064692132011,0.00295106469213201,0.0019510646921320088,0.9941107184923439,0.07223381894389888,-0.00018438275103673345,True,-0.001965281395630264,0.007925309792817569,194,1.0,30,1.0
R6,full,long,48,Q2|L2,funding_x_liqtercile,21100,688,540,0.0009159824834726351,0.0023638999924334198,0.3874878321437425,-0.0016299929327119322,-0.000922715545271987,0.0023677560702073134,-0.38970042433095603,0.6968792137035162,-0.005571646369538654,0.00372621527899468,-0.00364550887850462,-0.0004372256465995214,-0.8082518440624062,-0.0014993437517698894,0.0006248924585708466,-0.0022318770413184454,-4.095417135574927,0.48251184834123223,0.4622748815165877,-0.0016535409397546677,-0.37162162092133927,-0.8320232226620251,-0.0004227155452719893,-0.0009227155452719893,-0.0019227155452719903,0.9965402843601896,0.08444657318663594,-0.00018429010890759468,True,-0.005629567902450701,0.0035778914351215206,194,1.0,30,1.0
R6,full,long,48,Q2|L3,funding_x_liqtercile,26374,688,586,-0.0006463782915944171,0.0022383398271977935,-0.28877576306347835,-0.003886364927012942,-0.0025375974952961864,0.002242416949276694,-1.1316349959425276,0.2581839227231423,-0.006940433331099862,0.0018652383405074898,-0.005859749912153224,-0.000999317973500092,-1.5826704943010357,-0.0022390478862465424,0.00024041193924635826,-0.0028318625586342618,-4.4864472037100604,0.4690047393364929,0.4525118483412322,-0.0021801622150106003,-0.48069164682041104,-0.8406040148282902,-0.0020375974952961864,-0.0025375974952961873,-0.003537597495296187,0.9957535545023697,0.09265381378722358,-0.00014043787990709387,True,-0.006807469943512753,0.0019447364937713544,194,1.0,30,1.0
R6,full,long,48,Q3|L1,funding_x_liqtercile,19533,684,401,-0.005952582117346956,0.0026017119953069875,-2.287948138796425,-0.004524886877828038,-0.008269232440781987,0.002612128015028905,-3.1657071909205348,0.001616039815488687,-0.013398024569684945,-0.003140440311879029,-0.007024244615384799,0.00036594178182009087,0.5469649375255277,-0.000947681651976159,0.0016795652156163408,-0.0019631836273875437,-2.9226187028332467,0.42702093892387244,0.4090513489991297,-0.0019173532227359895,-0.34601516126266485,-0.770147035853621,-0.007769232440781987,-0.008269232440781989,-0.009269232440781988,0.9954948036655915,0.0731724529972585,0.000222114959629717,True,-0.013402923563543586,-0.0031204336281161634,194,0.3135117242048053,30,0.048481194464660614
R6,full,long,48,Q3|L2,funding_x_liqtercile,24315,690,552,-0.007428000152049097,0.002530400012010726,-2.9355043142552795,-0.009111969111969098,-0.00966589112134285,0.0025405241091536095,-3.8046838786202657,0.00015464276752985383,-0.014654014742665509,-0.004677767500020192,-0.011486234788125575,-0.0020783998185430063,-4.16190495416401,-0.0030589020818905135,-0.001097897555195499,-0.0042338622577211115,-8.430966164696317,0.428706559736788,0.4104050997326753,-0.005178504283360666,-1.120335959616853,-0.9239538236105411,-0.009165891121342853,-0.009665891121342854,-0.010665891121342854,0.9957639317293852,0.0869796986892301,0.00018566583429703896,True,-0.01453912300216892,-0.004821156583013015,194,0.030000696900791643,30,0.004639283025895615
R6,full,long,48,Q3|L3,funding_x_liqtercile,21368,693,600,-0.007467869628232628,0.002688002685804846,-2.778222532168559,-0.009628427345864443,-0.009667326789578242,0.002699179772275562,-3.581579444568872,0.0003655114944423134,-0.014966917934264695,-0.004367735644891789,-0.01187729714285724,-0.0026217401130812926,-4.12198517125084,-0.00387053629833885,-0.001372943927823735,-0.004734843546663486,-7.411616830886005,0.43649382253837515,0.4203013852489704,-0.006351174122607397,-1.3269851885216943,-0.9491773931116008,-0.009167326789578241,-0.009667326789578242,-0.010667326789578241,0.9956476974915762,0.10196274571557008,0.00016158777344300556,True,-0.015032672156985944,-0.00433111350600312,194,0.0709092299218088,30,0.010965344833269402
R6,full,long,48,Q4|L1,funding_x_liqtercile,30805,670,434,-0.0022719803102974044,0.002284642526847182,-0.9944576814967847,0.0,-0.004638090212373958,0.0022924168040577026,-2.023231641019332,0.04344762816843638,-0.00913931242438027,-0.00013686800036764608,-0.002699999999999996,0.00015459689993577356,0.24658927438856731,-0.0010764117600564652,0.0013856055599280124,-0.002172836327329039,-3.4281840637028242,0.44492777146567114,0.4273981496510307,-0.0012370753973878132,-0.3002919452255681,-0.721203130025609,-0.00413809021237396,-0.004638090212373961,-0.005638090212373961,0.9964940756370719,0.07440622456683053,0.00033699033065119106,True,-0.009404526266817807,-0.0001698682632838235,194,1.0,30,1.0
R6,full,long,48,Q4|L2,funding_x_liqtercile,31749,673,571,-0.0023355360938577302,0.002390069600331162,-0.9771832977307959,-0.005094951366373168,-0.004738904305536284,0.0023995738468179342,-1.9748941303975818,0.04869028541185043,-0.009450493910594713,-2.7314700477855045e-05,-0.007692756883386784,-0.00031631207994475304,-0.560504865192803,-0.0014243825657160286,0.0007917584058265224,-0.002640977303725775,-4.658339234710839,0.46108538851617376,0.44288009071151846,-0.0022209474507020313,-0.49752163132914357,-0.8313153390436818,-0.004238904305536284,-0.004738904305536286,-0.005738904305536286,0.9951179564710699,0.09456876815786891,0.0003604504111540085,True,-0.009456307823144411,0.00012545655068970532,194,1.0,30,1.0
R6,full,long,48,Q4|L3,funding_x_liqtercile,19542,672,581,0.0010749960568270389,0.002631389899378813,0.4085278495143616,-0.003277010587781237,-0.0014356394460633588,0.0026354854186702373,-0.5447343536386273,0.586117764519299,-0.006610458011763389,0.0037391791196366717,-0.005977051876911183,0.0014453025935931975,1.6324649446804194,-0.00029308687277071824,0.003183692059957113,-0.0010033505040029664,-1.132297568343215,0.4780739906872026,0.459346057411861,0.00038766788502998746,0.08239086641136259,-0.7321861283237967,-0.0009356394460633587,-0.0014356394460633601,-0.0024356394460633606,0.9958041242388579,0.12935458206250236,0.0003539054786495912,True,-0.006560767740879623,0.0037095350073389835,194,1.0,30,1.0
R6,full,long,48,Q5|L1,funding_x_liqtercile,16263,718,411,0.0024638003851203843,0.0023388796631361192,1.0534104956117167,0.0,-0.0004904644790878651,0.002342083443493368,-0.20941375101320295,0.8341849099857178,-0.005088647333603536,0.004107718375427806,-0.0026000000000000172,0.0010831671755612165,0.9887440615376278,-0.0010676001109356814,0.0032339344620581144,-0.001996826093410673,-1.8415024047225104,0.4180655475619504,0.3985119596630388,-0.002389348981648846,-0.584963489472419,-0.8938410425960706,9.535520912134782e-06,-0.0004904644790878663,-0.0014904644790878665,0.9920063948840927,0.07668925907633653,0.001001563143866597,True,-0.004768813454959425,0.004146992842965756,194,1.0,30,1.0
R6,full,long,48,Q5|L2,funding_x_liqtercile,17412,729,549,0.005733610331369382,0.00238391255092841,2.4051261146875706,-0.001983638060077675,0.00220712747322309,0.0023796471057307,0.9275020098181173,0.35397418745327874,-0.0024646836228764605,0.0068789385693226405,-0.005519193310223125,0.0057322947745042496,5.094301216720348,0.0035231986233334985,0.007941390925675001,0.0022573571362483717,2.028791230572778,0.4765705753991042,0.4527391753761341,-0.0008816927332362561,-0.18841908434018034,-0.8392628853172023,0.00270712747322309,0.0022071274732230885,0.0012071274732230886,0.992649592282072,0.1109979195878018,0.001367692098229772,True,-0.0022936241446664973,0.006933024744139687,194,1.0,30,1.0
R6,full,long,48,Q5|L3,funding_x_liqtercile,16608,730,545,0.0038451998888517137,0.0026535352902098837,1.4490856417242426,-0.006328226820011107,0.0004418678156145621,0.002671004235900778,0.1654313421429469,0.8686504767883642,-0.004801934315874904,0.005685669947104029,-0.010004629866727314,0.003854805794136844,2.2435840361603363,0.00048170053270659525,0.007227911055567093,0.0005558220548630843,0.3196106024712159,0.4603853100541842,0.4375677302829621,-0.00011196755236738266,-0.017302040747793696,-0.8275618668779763,0.0009418678156145637,0.0004418678156145615,-0.0005581321843854383,0.9921131848284166,0.20433443917572355,0.0014036680551004206,True,-0.00493687464379156,0.005648933407792005,194,1.0,30,1.0
R6,full,long,72,Q1|L1,funding_x_liqtercile,10100,730,377,0.0018668046936349341,0.0026764261664354995,0.6974990444519416,0.0,0.001876021274116407,0.002705737989056884,0.693349201476199,0.48831218622119926,-0.0034359834890993358,0.00718802603733215,-0.0028500000000000244,0.0023979848417047217,1.9975367111144244,4.119207817673658e-05,0.004754777605232707,0.0024050134953116525,1.9229756147887327,0.4781188118811881,0.4616831683168317,0.0002868944827174195,0.046904827130503854,-0.6546065232702558,0.0023760212741164074,0.0018760212741164067,0.0008760212741164068,0.9935643564356436,0.07228163747682212,-0.0019691075495764866,True,,,194,1.0,30,1.0
R6,full,long,72,Q1|L2,funding_x_liqtercile,20279,730,538,-0.002723970056971514,0.0025682374540158277,-1.0606379299983242,-0.00865209471766848,-0.0011033151154261078,0.002600553181675423,-0.4242617006260529,0.6715006529877284,-0.0062088171795305425,0.004002186948678327,-0.00893926565965014,-0.001370444166104014,-1.6984072341199656,-0.0029545684355917192,0.00021368010338369153,0.0003703243918313879,0.4305753739473188,0.4466742271091169,0.438341304669395,-0.0009890155089915518,-0.1478355003248572,-0.6586189143565992,-0.000603315115426107,-0.0011033151154261072,-0.0021033151154261085,0.9909274690597111,0.0909088117547542,-0.0035115878852565053,True,,,194,1.0,30,1.0
R6,full,long,72,Q1|L3,funding_x_liqtercile,31463,730,608,-0.010735862811687232,0.0024354794362065626,-4.408110638129273,-0.016405588484335265,-0.005444486202276109,0.0024573326931444373,-2.215608093061778,0.027027848186858258,-0.010268812513094888,-0.0006201598914573293,-0.014832952703582869,-0.007204205455460844,-8.491693627103494,-0.00886977014547398,-0.005538640765447709,-0.0018095281956092574,-2.125159940840022,0.4101195016526824,0.417651919654208,-0.0030553353377692333,-0.4810497427424234,-0.7855970182884132,-0.004944486202276109,-0.00544448620227611,-0.006444486202276109,0.9926900584795322,0.12433331788830067,-0.007185284834795416,True,,,194,1.0,30,0.8108354456057477
R6,full,long,72,Q2|L1,funding_x_liqtercile,13584,688,396,0.005876229801332442,0.003125295883429304,1.8802155125500029,0.0,0.0042752196429619626,0.0031493088200705345,1.357510452997179,0.17506677946656285,-0.001908253781134869,0.010458693067058794,-0.0028499999999999064,0.002792063086780259,2.92062235472242,0.0009150655209322778,0.0046690606526282406,0.0012525628442927438,1.2683900705784037,0.48881036513545345,0.4723939929328622,0.001768700873197643,0.27067478222057995,-0.5888384788911877,0.004775219642961964,0.004275219642961964,0.0032752196429619643,0.9913133097762074,0.07223381894389888,-0.00032189062973415075,True,,,194,1.0,30,1.0
R6,full,long,72,Q2|L2,funding_x_liqtercile,21100,688,540,0.0008049880795027893,0.002848879006814582,0.28256309853006745,-0.0037155784578003503,-0.0009325131460910851,0.0028580276800333473,-0.3262785565744432,0.7443134137201176,-0.0065440740359575525,0.004679047743775383,-0.005870015823888309,-0.000865821472523282,-1.2618882355445245,-0.002212988200467994,0.0004813452554214302,-0.0025509075388164514,-3.682150091497019,0.47407582938388626,0.4560189573459716,-0.0021018577241171885,-0.31768328096114457,-0.8057065908870382,-0.0004325131460910837,-0.000932513146091084,-0.001932513146091084,0.9948341232227488,0.08444657318663594,-0.00034303922728788497,True,,,194,1.0,30,1.0
R6,full,long,72,Q2|L3,funding_x_liqtercile,26374,688,586,-0.0014105709046141385,0.002651574190459677,-0.5319748961538964,-0.006467541123171383,-0.0032311114134866547,0.002660358644875159,-1.2145397838411667,0.22496079226008248,-0.00845456135726936,0.001992338530296049,-0.008632423105788751,-0.0014758366421422015,-1.929180021776105,-0.002977869455982073,2.6196171697670002e-05,-0.0032175961453221958,-4.190950376342468,0.45876777251184836,0.44477725118483413,-0.0025448796881570954,-0.38312686515017996,-0.8057377206944221,-0.002731111413486655,-0.0032311114134866556,-0.004231111413486656,0.9936682464454977,0.09265381378722358,-0.00026518254807692335,True,,,194,1.0,30,1.0
R6,full,long,72,Q3|L1,funding_x_liqtercile,19533,684,401,-0.010252081035762955,0.003391693365910512,-3.0227028005554235,-0.009198813056379929,-0.012604201292566645,0.0034088542271008765,-3.6974890836813876,0.0002352966143427871,-0.0192973458869889,-0.005911056698144389,-0.01211818504131684,9.522460585530608e-06,0.011643676662000549,-0.0015962256627419964,0.0016152705839130575,-0.0023467421002260095,-2.84454738052724,0.4073619003737265,0.391286540725951,-0.004034296056224956,-0.5978613963633831,-0.7985408035868395,-0.012104201292566643,-0.012604201292566645,-0.013604201292566644,0.9944196999948804,0.0731724529972585,0.00023242520232700638,True,,,194,0.0456475431825007,30,0.0070588984302836135
R6,full,long,72,Q3|L2,funding_x_liqtercile,24315,690,552,-0.011596259592463626,0.0032890866962228416,-3.5256776921631983,-0.013911620294598914,-0.013877311117106314,0.0033095559913838995,-4.1931035925164934,3.1123236218207565e-05,-0.020375386387178805,-0.007379235847033822,-0.01639341314611606,-0.0030181082853743815,-4.730653611473821,-0.004270745560492202,-0.0017654710102565606,-0.00516645194395505,-8.036293524967297,0.4162862430598396,0.40028788813489613,-0.00615054920858574,-0.8897777757718565,-0.8921299939389212,-0.013377311117106315,-0.01387731111710632,-0.014877311117106317,0.993460826650216,0.0869796986892301,0.00021079227852292874,True,,,194,0.006037907826332268,30,0.0009336970865462269
R6,full,long,72,Q3|L3,funding_x_liqtercile,21368,693,600,-0.011129517192663505,0.003349407606823509,-3.3228315269811097,-0.014433858664295363,-0.013294212612751419,0.003370107503442863,-3.944744373635026,8.80654368689558e-05,-0.019911125503656806,-0.006677299721846033,-0.016866065590653605,-0.00379622668481352,-4.6896095783460074,-0.005385592248666046,-0.002206861120960994,-0.005829075294186716,-7.168482649648445,0.42512167727442907,0.41145638337701235,-0.007924764423461938,-1.1197001279173386,-0.9246098700515698,-0.01279421261275142,-0.013294212612751419,-0.014294212612751414,0.9932609509546986,0.10196274571557008,0.00015095872926874825,True,,,194,0.017084694752577425,30,0.002641963106068674
R6,full,long,72,Q4|L1,funding_x_liqtercile,30805,670,434,-0.0025172720344267354,0.0025830025792440555,-0.9745526600145491,-0.0017746228926354135,-0.004964842342209799,0.002598181439651291,-1.910891312839239,0.056447595378643786,-0.010066455586106474,0.0001367709016868758,-0.004683180568286099,-0.00027647378520716834,-0.3614496003206821,-0.001778372755376257,0.0012254251849619204,-0.0027317591242003534,-3.5277742813096533,0.42950819672131146,0.41204349943191043,-0.0005368331214475804,-0.08861649311399115,-0.6410234998906832,-0.0044648423422098,-0.004964842342209799,-0.005964842342209799,0.9933776984255802,0.07440622456683053,0.0004515551063690541,True,,,194,1.0,30,1.0
R6,full,long,72,Q4|L2,funding_x_liqtercile,31749,673,571,-0.0019012128643808913,0.0026895294658261185,-0.7068942313286435,-0.007780587434351283,-0.004449786223020258,0.002705113036689777,-1.64495389385481,0.10044906651084465,-0.00976131975130763,0.0008617473052671132,-0.010624522217811207,0.00015178035190731268,0.21547902232780625,-0.0012312813484132933,0.0015348420522279188,-0.002295206601937551,-3.2292196763248433,0.45173076317364325,0.43361995653406404,-0.0010984717271718114,-0.1682979525596651,-0.7364276644622034,-0.003949786223020257,-0.0044497862230202575,-0.005449786223020258,0.9927871743991937,0.09456876815786891,0.0004861227985405969,True,,,194,1.0,30,1.0
R6,full,long,72,Q4|L3,funding_x_liqtercile,19542,672,581,0.0018259574368913519,0.002980775797794992,0.6125779195611059,-0.0063590406099580665,-0.0007807226541708246,0.0029910257920643824,-0.2610217057446288,0.7941562183559728,-0.006653666470807625,0.005092221162465976,-0.009222197749740391,0.0016068567892794812,1.5934658278604552,-0.0003731495535605532,0.003586863132119516,-0.0009240357094923338,-0.9146482521522677,0.46492350202118404,0.44993092155759096,0.0010054404107777393,0.1464779048714225,-0.6465665623876575,-0.00028072265417082326,-0.0007807226541708246,-0.0017807226541708254,0.9934503402752903,0.12935458206250236,0.0004266396585114372,True,,,194,1.0,30,1.0
R6,full,long,72,Q5|L1,funding_x_liqtercile,16263,718,411,0.0035182532698854324,0.002742917935325147,1.2826680756923108,0.0,0.0003138844906953727,0.0027494380685060826,0.11416314274935568,0.9091405627101893,-0.005084065374930671,0.005711834356321417,-0.002900000000000026,0.0022029170614260665,1.5766158029465709,-0.0005402615811011908,0.004946095703953324,-0.0012508770239724497,-0.9022901034631068,0.4086576892332288,0.3897804833056632,-0.001971051138560196,-0.32098687130553977,-0.8455309658394373,0.0008138844906953743,0.0003138844906953734,-0.0006861155093046267,0.9903461845907889,0.07668925907633653,0.0013956127505277357,True,,,194,1.0,30,1.0
R6,full,long,72,Q5|L2,funding_x_liqtercile,17410,729,549,0.007722527454875714,0.0029737659519257203,2.5968847514293585,-0.0035212702124032824,0.003577437375697133,0.002983627185123219,1.1990229186591188,0.23091077387743927,-0.0022801432132212303,0.009435017964615496,-0.007789833310464683,0.008263485502197366,5.555651028543615,0.005343376686321726,0.011183594318073007,0.00417831264202432,2.8230234414364785,0.47312507178132535,0.4476283450097623,0.00010917205246951149,0.015044775937386744,-0.7974755901226112,0.004077437375697134,0.003577437375697132,0.002577437375697132,0.9894912139657747,0.1109979195878018,0.0019458879438221666,True,,,194,1.0,30,1.0
R6,full,long,72,Q5|L3,funding_x_liqtercile,16607,730,545,0.006572025325528274,0.0033082394108400943,1.9865627934888104,-0.009659184457494252,0.0026611591661316633,0.003350526137439717,0.7942511286198086,0.42730878743648093,-0.003916717506828206,0.009239035839091532,-0.013840038840315453,0.007085390139943051,3.045454237311513,0.0025178599895761848,0.011652920290309916,0.0033232725170205166,1.399040944045313,0.45370258880192654,0.43112582781456954,0.002044733134770323,0.2015666071227477,-0.8047822877659621,0.003161159166131665,0.002661159166131664,0.001661159166131665,0.9895243829018664,0.20433443917572355,0.001882011781455326,True,,,194,1.0,30,1.0
R6,full,short,24,Q1|L1,funding_x_liqtercile,10100,730,377,-0.0006825591113677429,0.0015031927150091393,-0.45407292395213145,0.0,-0.0034174702778128263,0.0015080697998534369,-2.266122084100455,0.023736680807176065,-0.0063781550309745414,-0.0004567855246511111,-0.0016999999999999914,-0.0011168268203361677,-2.0230658639751153,-0.0022006178320034524,-3.303580866888321e-05,-0.003832364086298539,-6.721123805492509,0.49633663366336633,0.46663366336633666,-0.0031186643184932597,-1.5650239923542149,-0.9571584956936035,-0.0029174702778128267,-0.0034174702778128263,-0.004417470277812826,0.9977227722772277,0.07228163747682212,-0.0007351582117693769,True,,,194,1.0,30,0.712100424215282
R6,full,short,24,Q1|L2,funding_x_liqtercile,20280,730,538,0.0009577007556692171,0.0015604514048194991,0.6137331497227858,0.003700924601972966,-0.0024196307898887368,0.0015676208117690632,-1.5435051459658657,0.1231428159229895,-0.0054972277529701,0.0006579661731926263,0.000906308541841443,0.00023311862857258392,0.46657123284002205,-0.0007477904485872882,0.001214027705732456,-0.003168778402808752,-6.108673172018116,0.5375967654454908,0.5073221241556136,-0.0026518128066124044,-1.219050074172743,-0.9453464457890497,-0.0019196307898887372,-0.002419630789888738,-0.003419630789888738,0.9968443370642474,0.0909088117547542,-0.0013751862674976501,True,,,194,1.0,30,1.0
R6,full,short,24,Q1|L3,funding_x_liqtercile,31464,730,608,0.0035438327781467647,0.0014218724721834267,2.4923703408540265,0.0066142275211021895,-0.0012776422805438094,0.001424780432406527,-0.8967292443691174,0.37015984386761247,-0.0040748110211678325,0.0015195264600802137,0.003249706819012167,0.0024182763231586695,4.59454572984404,0.0013849605054592879,0.003451592140858051,-0.002422481882821868,-4.601552689870594,0.5577485380116959,0.5286676837020087,-0.0019245948931252961,-0.9021678370261388,-0.9085231005225289,-0.0007776422805438099,-0.0012776422805438105,-0.0022776422805438103,0.9971395881006865,0.12433331788830067,-0.0028147130094983114,True,,,194,1.0,30,1.0
R6,full,short,24,Q2|L1,funding_x_liqtercile,13584,688,396,-0.0028005262866589503,0.0016725644313787247,-1.6743906746542652,0.0,-0.004856911506078449,0.001676615656023396,-2.896854439256575,0.0038893151654920376,-0.008148825817298885,-0.0015649971948580132,-0.001961058292481137,-0.0006498348697982613,-1.4232089129001182,-0.001546330638778893,0.0002466608991823705,-0.0027162659421259973,-5.859028754920162,0.4791666666666667,0.4531802120141343,-0.0029626223517069806,-1.4181452796070932,-0.9477834593001317,-0.004356911506078448,-0.004856911506078449,-0.0058569115060784485,0.9967608951707891,0.07223381894389888,-2.6066957163960403e-05,True,,,194,0.7545271421054552,30,0.11667945496476112
R6,full,short,24,Q2|L2,funding_x_liqtercile,21100,688,540,-0.0005929122093798163,0.0016294260607476125,-0.36387794675861307,0.00100850525194357,-0.002667675075071783,0.0016305373513643593,-1.6360711227127633,0.10228338380903665,-0.00586911794759432,0.000533767797450754,-0.001022004070185335,0.00044783373194014865,1.1518695366966083,-0.000315522749403893,0.0012111902132841902,-0.0016365865980878585,-4.198772630841901,0.5115165876777251,0.488957345971564,-0.0016853011895859875,-0.755643757683056,-0.9020099197573639,-0.002167675075071782,-0.002667675075071783,-0.0036676750750717826,0.9982938388625593,0.08444657318663594,-5.63951671097606e-05,True,,,194,1.0,30,1.0
R6,full,short,24,Q2|L3,funding_x_liqtercile,26374,688,586,9.972436436288888e-05,0.001593668235498893,0.06257536050573943,0.002670313529960555,-0.0019670839894889523,0.0015944382751018028,-1.2337159865052516,0.2177312731499048,-0.005097648920878337,0.0011634809419004324,0.0006617400834560572,0.00054555832329801,1.2675912237698612,-0.00029947891950579013,0.00139059556610181,-0.0015356314064379213,-3.5766213564695524,0.5280379146919432,0.5074502369668247,-0.0015933928534337708,-0.7092406503305523,-0.887003215453984,-0.0014670839894889518,-0.0019670839894889523,-0.002967083989488952,0.9978388625592417,0.09265381378722358,-4.065393570940036e-05,True,,,194,1.0,30,1.0
R6,full,short,24,Q3|L1,funding_x_liqtercile,19533,684,401,0.0035922053357204074,0.0018303480916167258,1.9625804250968748,0.002218889067942764,0.0017746826634946846,0.0018353024951345107,0.9669701142996685,0.3339017430156465,-0.001828839202358874,0.005378204529348243,0.0005261770448037346,-0.0001958406000900886,-0.4144772961204874,-0.0011235679527182175,0.0007318867525380402,-0.001999758221871186,-4.2088455491927395,0.5206573491015205,0.5038140582603798,-0.0015497023361843408,-0.75276895979263,-0.8582052577888205,0.002274682663494686,0.0017746826634946855,0.0007746826634946858,0.9970818614652127,0.0731724529972585,0.00015181937512835923,True,,,194,1.0,30,1.0
R6,full,short,24,Q3|L2,funding_x_liqtercile,24315,690,552,0.004025170263586522,0.0017957022057923122,2.241557787590125,0.004960317460317443,0.0021699109777755746,0.0017990883435789332,1.2061169678076855,0.22818698895366002,-0.0013624515026585066,0.005702273458209656,0.003192367906066475,0.0009124557517773252,2.470401453491714,0.0001872588472844862,0.0016376526562701644,-0.0009638344183695782,-2.6032309390173127,0.5490849269997944,0.5302076907258894,-0.0007489946845058162,-0.32826279141415127,-0.8309185497658896,0.002669910977775576,0.002169910977775575,0.0011699109777755755,0.9978614024264857,0.0869796986892301,0.0001280098693483886,True,,,194,1.0,30,1.0
R6,full,short,24,Q3|L3,funding_x_liqtercile,21368,693,600,0.0037449327974400527,0.00188994910534115,1.9814992831587728,0.005181347150259086,0.0018856263329144086,0.0018939089834065159,0.9956266903189774,0.3197800757264915,-0.001832880251116759,0.005604132916945576,0.003318815638432492,0.0011125821416204,2.434635560106133,0.00021534659054913557,0.0020098176926916646,-0.0007720293199361774,-1.6830166343863988,0.543710220891052,0.5266286035192812,-9.491305848798823e-05,-0.04040800165542745,-0.7755450458111213,0.002385626332914409,0.0018856263329144086,0.0008856263329144086,0.9978004492699364,0.10196274571557008,0.00012187239857417439,True,,,194,1.0,30,1.0
R6,full,short,24,Q4|L1,funding_x_liqtercile,30805,670,434,0.00023351979439709816,0.0016567888997202612,0.14094722293016726,0.0,-0.0015540247306368427,0.0016594599265937146,-0.9364641506147767,0.3493726892386161,-0.004812410178432851,0.0017043607171591659,-0.0016999999999999914,-3.604954268039488e-05,-0.08262039352020918,-0.0008927855309365365,0.0008206864455757467,-0.001834002417911688,-4.179185608607929,0.4835254017204999,0.4676188930368447,-0.0020325393557826415,-0.9973870610540406,-0.8986737891882021,-0.0010540247306368418,-0.0015540247306368425,-0.0025540247306368425,0.9985067359194936,0.07440622456683053,0.00020252805747910535,True,,,194,1.0,30,1.0
R6,full,short,24,Q4|L2,funding_x_liqtercile,31749,673,571,0.00043300914183618493,0.0016970680370532783,0.25515131531676527,0.0022531749283080105,-0.0013516905976356454,0.0017000983050720745,-0.7950661403537729,0.4268561643039608,-0.004689843290555941,0.001986462095284651,0.0005593922473886223,0.0001656166526481714,0.4412539712720436,-0.0005713475138756428,0.0009025808191719855,-0.0016360225221128733,-4.344822767733275,0.5202368578537907,0.5039213833506567,-0.0014397209876207435,-0.6467502895960568,-0.8624521023135203,-0.0008516905976356442,-0.0013516905976356452,-0.002351690597635645,0.9975747267630477,0.09456876815786891,0.0002079899624273766,True,,,194,1.0,30,1.0
R6,full,short,24,Q4|L3,funding_x_liqtercile,19543,672,581,-0.0013422309293467714,0.0018680234570425378,-0.718530018606831,0.002577319587628746,-0.003075722869023302,0.001869086391367653,-1.6455755513648171,0.10032017882436971,-0.006745694528450285,0.0005942487904036817,0.0009167351129363305,-0.0010310529637594253,-1.591647430498839,-0.002302991912445147,0.0002408859849262967,-0.0027776486049500694,-4.284060723572257,0.5215678247966024,0.506882259632605,-0.003150806492457119,-1.309065288516342,-0.9594685132590455,-0.0025757228690233003,-0.003075722869023301,-0.004075722869023301,0.9979532313360282,0.12935458206250236,0.00021221512741628683,True,,,194,1.0,30,1.0
R6,full,short,24,Q5|L1,funding_x_liqtercile,16263,718,411,-0.00011177663893002971,0.0016739489052175307,-0.06677422386169204,0.0,-0.001631836758113189,0.0016816463122265779,-0.9703804814655475,0.33218455770506,-0.004933383912674243,0.0016697103964478652,-0.0016999999999999914,-0.0008384142665625856,-1.121406120102605,-0.002306250342504974,0.0006294218093798028,-0.0023445789322368753,-3.1324616581502935,0.4419233843694275,0.429318083994343,-0.0018308535990757607,-0.8919361258969465,-0.870767128834538,-0.0011318367581131883,-0.0016318367581131892,-0.002631836758113189,0.9947119227694767,0.07668925907633653,0.000543542449774365,True,,,194,1.0,30,1.0
R6,full,short,24,Q5|L2,funding_x_liqtercile,17413,729,549,-0.002147466842761408,0.001671375463778471,-1.2848500467433208,0.001887014978181445,-0.0033508150225721894,0.0016687051008252222,-2.0080330676253797,0.045009254935001415,-0.006626870989433525,-7.47590557108541e-05,0.0006915068297578836,-0.00281243809480694,-3.608051484770649,-0.004342753569959371,-0.001282122619654509,-0.004037630646466742,-5.237853933333875,0.516136441943264,0.5049959802457793,-0.0024748403617226196,-1.0712785225768835,-0.9407769129857412,-0.0028508150225721894,-0.003350815022572191,-0.004350815022572191,0.9957505455380729,0.1109979195878018,0.0007143450294117599,True,,,194,1.0,30,1.0
R6,full,short,24,Q5|L3,funding_x_liqtercile,16609,730,545,-0.0005725038606080628,0.0017797598823924398,-0.32167477549750995,0.004495555530327988,-0.0017648044273393057,0.0017836991002736185,-0.9894070289482041,0.32279276287835246,-0.005266612321722979,0.0017370034670443678,0.0032709871793432984,-0.001382954215332372,-1.2666628271653606,-0.0035264197712618194,0.0007605113405970757,-0.0025977258092593327,-2.3675927144351134,0.5347381095725466,0.5235400361228176,-0.0023758326432465095,-0.8227499391439601,-0.9602317785221033,-0.0012648044273393048,-0.001764804427339306,-0.0027648044273393055,0.9958458759783263,0.20433443917572355,0.0008251536618100431,True,,,194,1.0,30,1.0
R6,full,short,48,Q1|L1,funding_x_liqtercile,10100,730,377,-0.0018778917265005858,0.0023074486045433044,-0.8138390267081431,0.0,-0.0052309636384735595,0.002327251442335204,-2.247700245584431,0.024894308829589807,-0.009799899138388139,-0.0006620281385589814,-0.0013999999999999829,-0.0021402768277271776,-1.7825279819728048,-0.004497514241520029,0.00021696058606567384,-0.005492707485843294,-4.433128367840606,0.4995049504950495,0.47029702970297027,-0.0037279919954260367,-0.8961494962525631,-0.8513324283239438,-0.00473096363847356,-0.00523096363847356,-0.00623096363847356,0.9953465346534653,0.07228163747682212,-0.0013517319019198273,True,-0.009903412056441421,-0.0006467471601375883,194,1.0,30,0.7468292648876942
R6,full,short,48,Q1|L2,funding_x_liqtercile,20279,730,538,0.0014249799774449959,0.002173476377454179,0.6556224821334812,0.005733397037744892,-0.0030774183929307836,0.0021927586173823258,-1.4034460375782485,0.16091084398214608,-0.007382313217552273,0.0012274764316907057,0.0025624518548290637,0.0007235993492189985,1.0923877921702,-0.0005768428732738458,0.0020240415717118427,-0.003868702517174518,-5.517817766014262,0.542034416448893,0.5148661308613973,-0.0031340489056197953,-0.6928973600007365,-0.8637163286809268,-0.0025774183929307827,-0.0030774183929307836,-0.004077418392930784,0.9938365958286081,0.0909088117547542,-0.0024981304410597338,True,-0.007402139884113271,0.0012347604885163273,194,1.0,30,1.0
R6,full,short,48,Q1|L3,funding_x_liqtercile,31464,730,608,0.007226015799553519,0.0020221354592338085,3.573457834665276,0.01133374329352188,4.0771630367073034e-05,0.002034600976273964,0.020039128479009946,0.9840176572187732,-0.0039536229844800656,0.0040351662452142115,0.006529660535720386,0.004850993314802462,6.952424630667097,0.0034811713720334665,0.006220815257571458,-0.0024061844693236216,-3.4275921896641606,0.5721141622171371,0.5397915077548945,-0.0013955901225037699,-0.330487863433662,-0.7285962297148669,0.0005407716303670735,4.0771630367072695e-05,-0.0009592283696329276,0.9950419527078566,0.12433331788830067,-0.005136468213236234,True,-0.003879458171285979,0.004167557339547862,194,1.0,30,1.0
R6,full,short,48,Q2|L1,funding_x_liqtercile,13584,688,396,-0.004755006670038025,0.0025507433508901397,-1.8641650750079022,-0.0003923030703717467,-0.006951064692132013,0.0025643647452073893,-2.7106380654791975,0.006883559105295615,-0.011986023511861088,-0.0019161058724029376,-0.0023527804789432553,-0.0019037377257667993,-2.693322395868686,-0.003291556190198974,-0.0005159192613346244,-0.004153697227231724,-5.696119041823173,0.47636925795053003,0.45612485276796233,-0.0049525633451970655,-1.1394947672369975,-0.9121387979139489,-0.006451064692132012,-0.006951064692132012,-0.00795106469213201,0.9941107184923439,0.07223381894389888,-0.00018438275103673345,True,-0.01192530979281756,-0.002034718604369674,194,1.0,30,0.20650677315886845
R6,full,short,48,Q2|L2,funding_x_liqtercile,21100,688,540,-0.0009159824834726351,0.0023638999924334198,-0.3874878321437425,0.0016299929327119322,-0.003077284454728012,0.002367756070207314,-1.2996627876699198,0.19415376528030953,-0.00772621527899468,0.0015716463695386556,-0.0003544911214953799,0.0004372256465995214,0.8082518440624062,-0.0006248924585708466,0.0014993437517698894,-0.001768122958681557,-3.244444442383019,0.5142654028436019,0.49545023696682466,-0.0023464590602453347,-0.5273500633877926,-0.8412298999823226,-0.0025772844547280126,-0.0030772844547280118,-0.004077284454728013,0.9965402843601896,0.08444657318663594,-0.00018429010890759468,True,-0.007577891435121537,0.001629567902450685,194,1.0,30,1.0
R6,full,short,48,Q2|L3,funding_x_liqtercile,26374,688,586,0.0006463782915944171,0.0022383398271977935,0.28877576306347835,0.003886364927012942,-0.0014624025047038148,0.002242416949276694,-0.6521545893485697,0.51452021715985,-0.005865238340507491,0.002940433331099861,0.0018597499121532236,0.000999317973500092,1.5826704943010357,-0.00024041193924635826,0.0022390478862465424,-0.0011681374413657394,-1.850650181233319,0.529175355450237,0.5120379146919432,-0.0018198377849894024,-0.40124574941700447,-0.8129970096711231,-0.0009624025047038148,-0.0014624025047038152,-0.0024624025047038155,0.9957535545023697,0.09265381378722358,-0.00014043787990709387,True,-0.00594473649377135,0.0028074699435127496,194,1.0,30,1.0
R6,full,short,48,Q3|L1,funding_x_liqtercile,19533,684,401,0.005952582117346956,0.0026017119953069875,2.287948138796425,0.004524886877828038,0.004269232440781985,0.002612128015028905,1.6343886732269297,0.10263941577352281,-0.0008595596881209727,0.009398024569684943,0.0030242446153847993,-0.00036594178182009087,-0.5469649375255277,-0.0016795652156163408,0.000947681651976159,-0.0020368163726124573,-3.032236792212721,0.5304356729637024,0.5178927968054062,-0.002082646777264013,-0.375844863608318,-0.8550137749737902,0.0047692324407819855,0.004269232440781985,0.003269232440781985,0.9954948036655915,0.0731724529972585,0.000222114959629717,True,-0.0008795663718838291,0.009402923563543594,194,1.0,30,1.0
R6,full,short,48,Q3|L2,funding_x_liqtercile,24315,690,552,0.007428000152049097,0.002530400012010726,2.9355043142552795,0.009111969111969098,0.005665891121342853,0.0025405241091536095,2.2302056103023866,0.026056056506329077,0.0006777675000201946,0.01065401474266551,0.007486234788125575,0.0020783998185430063,4.16190495416401,0.001097897555195499,0.0030589020818905135,0.00023386225772111007,0.46569412560611595,0.5677976557680444,0.5534443758996505,0.0011785042833606636,0.2549617910819993,-0.6678217065383996,0.006165891121342852,0.005665891121342853,0.004665891121342852,0.9957639317293852,0.0869796986892301,0.00018566583429703896,True,0.0008211565830130536,0.010539123002168816,194,1.0,30,0.7816816951898723
R6,full,short,48,Q3|L3,funding_x_liqtercile,21368,693,600,0.007467869628232628,0.002688002685804846,2.778222532168559,0.009628427345864443,0.005667326789578239,0.0026991797722755615,2.099647769959524,0.036122431360073294,0.0003677356448917868,0.010966917934264691,0.00787729714285724,0.0026217401130812926,4.12198517125084,0.001372943927823735,0.00387053629833885,0.0007348435466634839,1.150276401921866,0.560511044552602,0.5469861475102957,0.002351174122607394,0.49124353640845153,-0.6518774526542251,0.0061673267895782395,0.005667326789578238,0.00466732678957824,0.9956476974915762,0.10196274571557008,0.00016158777344300556,True,0.00033111350600305295,0.011032672156985987,194,1.0,30,1.0
R6,full,short,48,Q4|L1,funding_x_liqtercile,30805,670,434,0.0022719803102974044,0.002284642526847182,0.9944576814967847,0.0,0.0006380902123739589,0.0022924168040577026,0.2783482529200207,0.7808313047125375,-0.003863131999632353,0.0051393124243802706,-0.0013000000000000043,-0.00015459689993577356,-0.24658927438856731,-0.0013856055599280124,0.0010764117600564652,-0.0018271636726709627,-2.882800377388372,0.49362116539522805,0.4834929394578802,-0.0027629246026121897,-0.6706818397503828,-0.8332564440443264,0.001138090212373959,0.0006380902123739597,-0.0003619097876260411,0.9964940756370719,0.07440622456683053,0.00033699033065119106,True,-0.003830131736716167,0.0054045262668178246,194,1.0,30,1.0
R6,full,short,48,Q4|L2,funding_x_liqtercile,31749,673,571,0.0023355360938577302,0.002390069600331162,0.9771832977307959,0.005094951366373168,0.0007389043055362831,0.0023995738468179342,0.3079314714636273,0.7582301807262114,-0.003972685299522146,0.005450493910594712,0.003692756883386784,0.00031631207994475304,0.560504865192803,-0.0007917584058265224,0.0014243825657160286,-0.0013590226962742265,-2.3971386418147342,0.5340010708998708,0.523103089861098,-0.001779052549297971,-0.39853132331754043,-0.7738622922328768,0.0012389043055362823,0.0007389043055362831,-0.0002610956944637172,0.9951179564710699,0.09456876815786891,0.0003604504111540085,True,-0.004125456550689672,0.005456307823144447,194,1.0,30,1.0
R6,full,short,48,Q4|L3,funding_x_liqtercile,19542,672,581,-0.0010749960568270389,0.002631389899378813,-0.4085278495143616,0.003277010587781237,-0.0025643605539366426,0.0026354854186702373,-0.9730126130731994,0.3308987064743874,-0.007739179119636673,0.002610458011763388,0.0019770518769111826,-0.0014453025935931975,-1.6324649446804194,-0.003183692059957113,0.00029308687277071824,-0.002996649495997035,-3.3817683092371595,0.5178324719848539,0.5086220129969811,-0.004387667885029991,-0.9325089142861763,-0.8867274368582844,-0.002064360553936643,-0.0025643605539366426,-0.0035643605539366426,0.9958041242388579,0.12935458206250236,0.0003539054786495912,True,-0.007709535007338978,0.0025607677408796435,194,1.0,30,1.0
R6,full,short,48,Q5|L1,funding_x_liqtercile,16263,718,411,-0.0024638003851203843,0.0023388796631361192,-1.0534104956117167,0.0,-0.0035095355209121344,0.002342083443493368,-1.498467328592459,0.13445322711507982,-0.008107718375427805,0.0010886473336035366,-0.0013999999999999829,-0.0010831671755612165,-0.9887440615376278,-0.0032339344620581144,0.0010676001109356814,-0.002003173906589329,-1.8473564514378442,0.4272274488101826,0.4200332042058661,-0.0016106510183511572,-0.3943216529913611,-0.6632494245713741,-0.0030095355209121357,-0.0035095355209121366,-0.004509535520912136,0.9920063948840927,0.07668925907633653,0.001001563143866597,True,-0.008146992842965743,0.0007688134549594329,194,1.0,30,1.0
R6,full,short,48,Q5|L2,funding_x_liqtercile,17412,729,549,-0.005733610331369382,0.00238391255092841,-2.4051261146875706,0.001983638060077675,-0.006207127473223091,0.0023796471057307,-2.608423517199251,0.009283121415077885,-0.010878938569322642,-0.00153531637712354,0.0015191933102231252,-0.0057322947745042496,-5.094301216720348,-0.007941390925675001,-0.0035231986233334985,-0.006257357136248373,-5.623776176454299,0.5130929137475594,0.506603881934076,-0.0031183072667637477,-0.666387027755527,-0.8976837483457349,-0.00570712747322309,-0.006207127473223092,-0.007207127473223091,0.992649592282072,0.1109979195878018,0.001367692098229772,True,-0.010933024744139676,-0.0017063758553335039,194,1.0,30,0.27849364245233654
R6,full,short,48,Q5|L3,funding_x_liqtercile,16608,730,545,-0.0038451998888517137,0.0026535352902098837,-1.4490856417242426,0.006328226820011107,-0.004441867815614565,0.002671004235900778,-1.6629954216888674,0.09674436174785335,-0.009685669947104032,0.0008019343158749016,0.006004629866727314,-0.003854805794136844,-2.2435840361603363,-0.007227911055567093,-0.00048170053270659525,-0.004555822054863087,-2.6197035885255087,0.5334738109572547,0.5275135460565924,-0.003888032447632621,-0.6008070589679193,-0.9183372172345807,-0.003941867815614563,-0.004441867815614563,-0.005441867815614564,0.9921131848284166,0.20433443917572355,0.0014036680551004206,True,-0.009648933407792002,0.0009368746437915599,194,1.0,30,1.0
R6,full,short,72,Q1|L1,funding_x_liqtercile,10100,730,377,-0.0018668046936349341,0.0026764261664354995,-0.6974990444519416,0.0,-0.005876021274116408,0.002705737989056884,-2.1716889432315516,0.03020221211465717,-0.011188026037332151,-0.0005640165109006652,-0.0011499999999999757,-0.0023979848417047217,-1.9975367111144244,-0.004754777605232707,-4.119207817673658e-05,-0.006405013495311655,-5.121253908922872,0.4986138613861386,0.47168316831683166,-0.004286894482717423,-0.7008710754351591,-0.7729995527275907,-0.005376021274116409,-0.00587602127411641,-0.0068760212741164105,0.9935643564356436,0.07228163747682212,-0.0019691075495764866,True,,,194,1.0,30,0.906066363439715
R6,full,short,72,Q1|L2,funding_x_liqtercile,20279,730,538,0.002723970056971514,0.0025682374540158277,1.0606379299983242,0.00865209471766848,-0.002896684884573894,0.002600553181675423,-1.113872581028197,0.2657024825566187,-0.008002186948678328,0.002208817179530541,0.00493926565965014,0.001370444166104014,1.6984072341199656,-0.00021368010338369153,0.0029545684355917192,-0.0043703243918313895,-5.081366771380992,0.5499728810216459,0.5232483605344904,-0.0030109844910084504,-0.4500742350870679,-0.7943377204550721,-0.0023966848845738934,-0.0028966848845738947,-0.0038966848845738964,0.9909274690597111,0.0909088117547542,-0.0035115878852565053,True,,,194,1.0,30,1.0
R6,full,short,72,Q1|L3,funding_x_liqtercile,31463,730,608,0.010735862811687232,0.0024354794362065626,4.408110638129273,0.016405588484335265,0.0014444862022761074,0.0024573326931444377,0.5878268768026369,0.556831293247405,-0.0033798401085426734,0.006268812513094888,0.010832952703582867,0.007204205455460844,8.491693627103494,0.005538640765447709,0.00886977014547398,-0.0021904718043907457,-2.572550646917899,0.5875286041189931,0.5532036613272311,-0.000944664662230769,-0.14873349158320512,-0.6642322034168189,0.0019444862022761076,0.0014444862022761058,0.00044448620227610603,0.9926900584795322,0.12433331788830067,-0.007185284834795416,True,,,194,1.0,30,1.0
R6,full,short,72,Q2|L1,funding_x_liqtercile,13584,688,396,-0.005876229801332442,0.003125295883429304,-1.8802155125500029,0.0,-0.008275219642961965,0.0031493088200705345,-2.6276304153546386,0.008790953910908717,-0.014458693067058798,-0.0020917462188651337,-0.0011500000000000937,-0.002792063086780259,-2.92062235472242,-0.0046690606526282406,-0.0009150655209322778,-0.005252562844292746,-5.318933566604257,0.4917550058892815,0.4740135453474676,-0.005768700873197646,-0.8828185004090058,-0.859927100101311,-0.007775219642961965,-0.008275219642961967,-0.009275219642961966,0.9913133097762074,0.07223381894389888,-0.00032189062973415075,True,,,194,1.0,30,0.2637286173272615
R6,full,short,72,Q2|L2,funding_x_liqtercile,21100,688,540,-0.0008049880795027893,0.002848879006814582,-0.28256309853006745,0.0037155784578003503,-0.003067486853908918,0.0028580276800333473,-1.0732880144369794,0.2835204096150182,-0.008679047743775386,0.0025440740359575498,0.0018700158238883092,0.000865821472523282,1.2618882355445245,-0.0004813452554214302,0.002212988200467994,-0.0014490924611835505,-2.091716715459745,0.5234123222748815,0.5072511848341232,-0.0018981422758828142,-0.2868929038414238,-0.7688182947474831,-0.002567486853908917,-0.003067486853908918,-0.004067486853908919,0.9948341232227488,0.08444657318663594,-0.00034303922728788497,True,,,194,1.0,30,1.0
R6,full,short,72,Q2|L3,funding_x_liqtercile,26374,688,586,0.0014105709046141385,0.002651574190459677,0.5319748961538964,0.006467541123171383,-0.0007688885865133471,0.002660358644875159,-0.28901689176176026,0.7726560231474697,-0.005992338530296051,0.004454561357269357,0.004632423105788751,0.0014758366421422015,1.929180021776105,-2.6196171697670002e-05,0.002977869455982073,-0.0007824038546778047,-1.0190886553555956,0.5392227488151659,0.5251184834123223,-0.0014551203118429062,-0.21906563445301486,-0.743722008022762,-0.00026888858651334755,-0.0007688885865133475,-0.0017688885865133478,0.9936682464454977,0.09265381378722358,-0.00026518254807692335,True,,,194,1.0,30,1.0
R6,full,short,72,Q3|L1,funding_x_liqtercile,19533,684,401,0.010252081035762955,0.003391693365910512,3.0227028005554235,0.009198813056379929,0.008604201292566645,0.0034088542271008765,2.5240742840107444,0.011826911826938142,0.001911056698144389,0.015297345886988901,0.00811818504131684,-9.522460585530608e-06,-0.011643676662000549,-0.0016152705839130575,0.0015962256627419964,-0.0016532578997739914,-2.00395707209802,0.5507602518814314,0.5407771463676855,3.429605622495248e-05,0.005082494635654932,-0.6401372282389488,0.009104201292566642,0.008604201292566642,0.007604201292566643,0.9944196999948804,0.0731724529972585,0.00023242520232700638,True,,,194,1.0,30,0.35480735480814424
R6,full,short,72,Q3|L2,funding_x_liqtercile,24315,690,552,0.011596259592463626,0.0032890866962228416,3.5256776921631983,0.013911620294598914,0.009877311117106317,0.0033095559913838995,2.9844822516437,0.002941565855368188,0.0033792358470338254,0.01637538638717881,0.01239341314611606,0.0030181082853743815,4.730653611473821,0.0017654710102565606,0.004270745560492202,0.0011664519439550484,1.8143883473762605,0.5800534649393378,0.5673041332510795,0.002150549208585735,0.3111121993515983,-0.6629016951747779,0.010377311117106314,0.009877311117106314,0.008877311117106313,0.993460826650216,0.0869796986892301,0.00021079227852292874,True,,,194,0.5706637759414285,30,0.08824697566104564
R6,full,short,72,Q3|L3,funding_x_liqtercile,21368,693,600,0.011129517192663505,0.003349407606823509,3.3228315269811097,0.014433858664295363,0.009294212612751417,0.003370107503442863,2.757838615906631,0.005972703194527375,0.002677299721846031,0.015911125503656802,0.012866065590653604,0.00379622668481352,4.6896095783460074,0.002206861120960994,0.005385592248666046,0.001829075294186715,2.249360979151233,0.5724915761886934,0.560698240359416,0.003924764423461935,0.5545349984139948,-0.6350665970693813,0.009794212612751416,0.009294212612751413,0.008294212612751414,0.9932609509546986,0.10196274571557008,0.00015095872926874825,True,,,194,1.0,30,0.17918109583582126
R6,full,short,72,Q4|L1,funding_x_liqtercile,30805,670,434,0.0025172720344267354,0.0025830025792440555,0.9745526600145491,0.0017746228926354135,0.0009648423422098001,0.002598181439651291,0.3713529499846224,0.7104927676440392,-0.004136770901686875,0.006066455586106475,0.000683180568286099,0.00027647378520716834,0.3614496003206821,-0.0012254251849619204,0.001778372755376257,-0.0012682408757996484,-1.6377972364094469,0.5096575231293621,0.5005680895958449,-0.0034631668785524224,-0.5716743091750719,-0.8055851616845373,0.0014648423422097987,0.0009648423422097973,-3.515765779020289e-05,0.9933776984255802,0.07440622456683053,0.0004515551063690541,True,,,194,1.0,30,1.0
R6,full,short,72,Q4|L2,funding_x_liqtercile,31749,673,571,0.0019012128643808913,0.0026895294658261185,0.7068942313286435,0.007780587434351283,0.0004497862230202571,0.002705113036689777,0.16627261667802856,0.8679926527661219,-0.004861747305267114,0.005761319751307629,0.006624522217811207,-0.00015178035190731268,-0.21547902232780625,-0.0015348420522279188,0.0012312813484132933,-0.0017047933980624502,-2.3985432860138407,0.5431982109672746,0.533749094459668,-0.002901528272828192,-0.44454605023674654,-0.7540013146558877,0.0009497862230202556,0.00044978622302025497,-0.0005502137769797448,0.9927871743991937,0.09456876815786891,0.0004861227985405969,True,,,194,1.0,30,1.0
R6,full,short,72,Q4|L3,funding_x_liqtercile,19542,672,581,-0.0018259574368913519,0.002980775797794992,-0.6125779195611059,0.0063590406099580665,-0.003219277345829177,0.0029910257920643824,-1.0763121315671629,0.2821762464317625,-0.009092221162465977,0.002653666470807623,0.005222197749740391,-0.0016068567892794812,-1.5934658278604552,-0.003586863132119516,0.0003731495535605532,-0.0030759642905076683,-3.0447149748588482,0.5313923143836667,0.5229493936447833,-0.005005440410777743,-0.7292191724841595,-0.8195779234003411,-0.0027192773458291773,-0.0032192773458291782,-0.004219277345829178,0.9934503402752903,0.12935458206250236,0.0004266396585114372,True,,,194,1.0,30,1.0
R6,full,short,72,Q5|L1,funding_x_liqtercile,16263,718,411,-0.0035182532698854324,0.002742917935325147,-1.2826680756923108,0.0,-0.004313884490695374,0.0027494380685060826,-1.5690058780044966,0.11708960841425715,-0.009711834356321418,0.0010840653749306702,-0.0010999999999999743,-0.0022029170614260665,-1.5766158029465709,-0.004946095703953324,0.0005402615811011908,-0.0027491229760275523,-1.9830138430357298,0.43694275348951606,0.433376375822419,-0.0020289488614398075,-0.33041555053119254,-0.6496132978462562,-0.003813884490695374,-0.004313884490695376,-0.0053138844906953754,0.9903461845907889,0.07668925907633653,0.0013956127505277357,True,,,194,1.0,30,1.0
R6,full,short,72,Q5|L2,funding_x_liqtercile,17410,729,549,-0.007722527454875714,0.0029737659519257203,-2.5968847514293585,0.0035212702124032824,-0.007577437375697134,0.002983627185123219,-2.5396729904725674,0.011303337522290447,-0.013435017964615497,-0.0017198567867787711,0.003789833310464683,-0.008263485502197366,-5.555651028543615,-0.011183594318073007,-0.005343376686321726,-0.008178312642024323,-5.525572229234966,0.517974043872746,0.5149305156770415,-0.004109172052469515,-0.5662765462327493,-0.8633528455326202,-0.007077437375697134,-0.007577437375697136,-0.008577437375697137,0.9894912139657747,0.1109979195878018,0.0019458879438221666,True,,,194,1.0,30,0.3391001256687134
R6,full,short,72,Q5|L3,funding_x_liqtercile,16607,730,545,-0.006572025325528274,0.0033082394108400943,-1.9865627934888104,0.009659184457494252,-0.006661159166131664,0.003350526137439717,-1.9880934793189662,0.04717649308416109,-0.013239035839091532,-8.32824931717947e-05,0.009840038840315453,-0.007085390139943051,-3.045454237311513,-0.011652920290309916,-0.0025178599895761848,-0.007323272517020518,-3.0829725950067877,0.5406381697772427,0.5367850692354004,-0.006044733134770325,-0.5958803758882524,-0.9252784654962465,-0.006161159166131666,-0.0066611591661316655,-0.0076611591661316664,0.9895243829018664,0.20433443917572355,0.001882011781455326,True,,,194,1.0,30,1.0
R6,live_diag,long,24,Q1|L1,funding_x_liqtercile,9291,730,361,0.0005953575730770496,0.001554044920464906,0.38310190731098254,-0.00023917914517967986,-0.0006150815337239666,0.001559775257636548,-0.3943398452517896,0.6934456378734616,-0.003677275885797205,0.002447112818349272,-0.002189554853918251,0.0010912100770602924,1.9776578371341587,7.96444774109296e-06,0.002174455706379492,-0.00014168927573312824,-0.24780056477132723,0.48896781831880315,0.4651813583037348,-0.0007673294495812271,-0.3723777664542797,-0.7955523138663396,-0.00011508153372396919,-0.0006150815337239695,-0.0016150815337239693,0.9977397481433645,0.07497238287059887,-0.0007895366213592246,True,,,194,1.0,30,1.0
R6,live_diag,long,24,Q1|L2,funding_x_liqtercile,19137,730,521,-0.0010206177185258123,0.0015865378288394921,-0.6432986973102088,-0.004014989293361859,-0.0015956173671858342,0.00159432220939561,-1.0008123563622155,0.31725006757665325,-0.004725635259887768,0.0015344005255161,-0.00519396035893757,-0.0003667172259341035,-0.6942923020757609,-0.0014036693195183195,0.0006702348676501125,-0.0009170733176016341,-1.6711997745631477,0.45720555961960496,0.4433587626711255,-0.0016675908082038138,-0.7554777370114252,-0.8764267933601501,-0.0010956173671858346,-0.0015956173671858348,-0.0025956173671858353,0.9968126240986519,0.09192516867854492,-0.00142472586779892,True,,,194,1.0,30,1.0
R6,live_diag,long,24,Q1|L3,funding_x_liqtercile,28091,730,586,-0.0034660112699397604,0.0014530860052047033,-2.385276065921154,-0.007134363852556613,-0.0027110854294268905,0.0014542451674550564,-1.8642561035092295,0.06268802235709035,-0.00556610016088145,0.0001439293020276686,-0.007690361414450626,-0.002557110999256264,-4.502068997308009,-0.003672193924928371,-0.0014420280735841571,-0.001783727166348902,-3.1332085549258815,0.4362607240753266,0.4312769214339112,-0.0020893591836913567,-0.9556942768754482,-0.9194318999168707,-0.0022110854294268923,-0.0027110854294268923,-0.0037110854294268927,0.9971165141860382,0.12744888411425254,-0.002757820087468761,True,,,194,1.0,30,1.0
R6,live_diag,long,24,Q2|L1,funding_x_liqtercile,12663,686,379,0.0027727939756205426,0.0017221844609715486,1.6100447068581178,0.00038387715930898736,0.000838461970434976,0.0017254113279555052,0.4859490353691466,0.62715893629313,-0.0025492766419407823,0.004226200582810734,-0.0015678555147865775,0.0008571749719616935,1.9019260395503494,-2.7720520186759945e-05,0.0017420704641101469,-0.001061065686360121,-2.3183893446371275,0.5058043117744611,0.48092868988391374,-0.0009435568395951186,-0.4421483666470777,-0.8697767800280197,0.0013384619704349748,0.0008384619704349749,-0.00016153802956502485,0.9973939824686093,0.07427227354679082,-3.62299216152037e-05,True,,,194,1.0,30,1.0
R6,live_diag,long,24,Q2|L2,funding_x_liqtercile,19707,686,526,0.0006630183607562496,0.0016603501098456698,0.3993244297239679,-0.0010793308148947522,-0.0012587334626544809,0.0016614973308518508,-0.75758981930421,0.44895748568240307,-0.004520980887884801,0.0020035139625758395,-0.0031029176534983754,-0.000411584260651136,-1.0030927366414404,-0.0012172108624041206,0.00039404234110184864,-0.0023242024862041005,-5.642141094722822,0.4847008677119805,0.46277972294108694,-0.002125522684188309,-0.9446651786132987,-0.9344502471676448,-0.0007587334626544815,-0.0012587334626544822,-0.002258733462654482,0.9983762114984523,0.08581112691791831,-6.723704650571778e-05,True,,,194,1.0,30,1.0
R6,live_diag,long,24,Q2|L3,funding_x_liqtercile,22180,688,563,0.00023921159986380787,0.001641838650063962,0.14569738619229655,-0.002780732925566576,-0.0016746216635816515,0.0016419834989797547,-1.0198772792918909,0.3081462003366207,-0.004898538224100656,0.0015492948969373528,-0.004810070798033786,-0.0003925292061371098,-0.816655604415788,-0.0013362573713864925,0.000551198959112273,-0.002296092160672635,-4.780531625734203,0.46981650962535504,0.4506108831883143,-0.002217163577568432,-0.9625530454205419,-0.9323447441950456,-0.0011746216635816521,-0.0016746216635816524,-0.002674621663581652,0.9982868220549118,0.09629062691918502,-6.807117237953299e-05,True,,,194,1.0,30,1.0
R6,live_diag,long,24,Q3|L1,funding_x_liqtercile,18077,683,385,-0.0035923962150418145,0.001891238455933676,-1.899494061032247,-0.0040858018386108474,-0.005761639598808837,0.00189427968943785,-3.0415992057216603,0.002443649847650709,-0.009480969855684505,-0.0020423093419331697,-0.006329279701112895,-0.00019781863514115692,-0.4888732506084863,-0.0009923122895228473,0.0005966750192405334,-0.002347868536727648,-5.736305472264098,0.45367040991314933,0.43137688775792443,-0.002680918552916373,-1.2679697360936741,-0.9291105507934938,-0.005261639598808839,-0.005761639598808839,-0.006761639598808839,0.9981744758532942,0.0762041538079424,0.000140929946796715,True,,,194,0.4740680704442376,30,0.07330949542952128
R6,live_diag,long,24,Q3|L2,funding_x_liqtercile,23050,690,541,-0.003963698332635348,0.0017925094062145206,-2.211256643280893,-0.00509597325787442,-0.0061060277490303395,0.0017958336087035378,-3.400107737953769,0.0007124972023761509,-0.00963199982434694,-0.002580055673713739,-0.007270504697400022,-0.000966000436425474,-2.4931579867818545,-0.0017267455745260982,-0.00020525529832484985,-0.003087669979630189,-7.947045865919843,0.44646420824295013,0.42524945770065076,-0.00313739137808368,-1.351718746384521,-0.9625419013589681,-0.00560602774903034,-0.006106027749030342,-0.00710602774903034,0.9978741865509761,0.08763481252116802,0.00012412447241424084,True,,,194,0.13822445726097327,30,0.021374916071284528
R6,live_diag,long,24,Q3|L3,funding_x_liqtercile,18317,692,567,-0.00366540875355157,0.0018959244653451045,-1.9333094859791138,-0.0056067712545150306,-0.005801664192662226,0.0019000378654856,-3.0534466170649037,0.0023492959330637547,-0.009532213728459665,-0.0020711146568647863,-0.007706850907668204,-0.0009815663786962533,-1.9751003582409878,-0.001957319517928096,-5.813239464410669e-06,-0.003090734120709221,-6.193826570701689,0.45192990118469184,0.43314953322050553,-0.0038984988695919716,-1.6213411109454086,-0.9736833487533894,-0.005301664192662228,-0.005801664192662228,-0.006801664192662228,0.9977070480973959,0.10432974566680946,0.00011045308727770039,True,,,194,0.4557634110143684,30,0.07047887799191264
R6,live_diag,long,24,Q4|L1,funding_x_liqtercile,28379,670,428,-0.0002937802962508907,0.0017711259833732428,-0.16587204919853527,-0.0015050526768437544,-0.0024992698218064733,0.0017742410008126886,-1.408641678701871,0.15940642191939552,-0.005983030390702989,0.0009844907470900432,-0.0037761350629530784,-9.912315243904117e-05,-0.25427184495622523,-0.0008645634830167874,0.000666317178138705,-0.0022934347412131273,-5.844004572839932,0.48060185348320944,0.4584728144050178,-0.0020488268009345514,-0.9513512886845898,-0.9099168501166365,-0.001999269821806475,-0.0024992698218064754,-0.0034992698218064755,0.9983790831248458,0.07900355422964837,0.0001946142416969546,True,,,194,1.0,30,1.0
R6,live_diag,long,24,Q4|L2,funding_x_liqtercile,30741,672,564,-0.0004278069507310264,0.001703946706246216,-0.2510682694257982,-0.0023923444976078345,-0.0026408762738047644,0.0017071174005088131,-1.5469798814174354,0.12234028636428843,-0.005992820040618942,0.0007110674930094125,-0.00468728557082408,-0.00018230896340847336,-0.4678542163255392,-0.000947429110273833,0.0005828111834568862,-0.0023779369899182812,-6.084077778806155,0.47395985816987085,0.4533684655671579,-0.002559167102037694,-1.1327389234553595,-0.9345276905866088,-0.002140876273804766,-0.0026408762738047665,-0.003640876273804766,0.9974952018476952,0.09508565331976049,0.00020553178091572706,True,,,194,1.0,30,1.0
R6,live_diag,long,24,Q4|L3,funding_x_liqtercile,17838,672,565,0.0012194214069778742,0.001876942511802556,0.6496850059657824,-0.0030240358629573527,-0.0010485618465842716,0.0018781293311871611,-0.5583011931992341,0.5768252468820887,-0.00473628941767418,0.0026391657245056366,-0.005397601918465221,0.0009606506548514072,1.37600388849534,-0.00041016162349851695,0.0023314629332013316,-0.00129321852855573,-1.8504946544171978,0.47247449265612734,0.45582464401838774,-0.0009537235261309194,-0.39107410018408256,-0.8782374382095955,-0.0005485618465842733,-0.001048561846584274,-0.0020485618465842744,0.9978136562394887,0.1315003389729233,0.00021035157986402966,True,,,194,1.0,30,1.0
R6,live_diag,long,24,Q5|L1,funding_x_liqtercile,13368,714,397,-4.342487730671427e-05,0.0019617353358006573,-0.022135951019606304,-0.0024103718142308717,-0.0025671511400374336,0.0019691665903036272,-1.3036739261565486,0.19276613694074998,-0.006433218665417973,0.0012989163853431057,-0.005061332234809486,0.0009083545982673899,1.5444183791276642,-0.0002463646283836884,0.002063073824918468,-0.0016163552774665633,-2.7622448595424767,0.47127468581687615,0.4477857570317175,-0.002188751251763841,-0.9664437887291804,-0.9549313666085009,-0.002067151140037436,-0.002567151140037436,-0.0035671511400374354,0.9955864751645721,0.09056240910737734,0.0006001199737020004,True,,,194,1.0,30,1.0
R6,live_diag,long,24,Q5|L2,funding_x_liqtercile,16447,729,531,0.0022031626566188733,0.0017430408177792577,1.263976514001456,-0.0026634608409074056,-0.0006088753492275371,0.0017397810712686188,-0.3499723955402938,0.7264607773842963,-0.004024469966121403,0.002806719267666329,-0.005507844394829679,0.0029264661999556245,3.5439755847884706,0.0013053150250116354,0.004547617374899613,0.00013600614354726938,0.16678220795007753,0.4732778014227519,0.4492004620903508,-0.001513067828760754,-0.6203226207842393,-0.9483842205407823,-0.00010887534922753815,-0.0006088753492275381,-0.0016088753492275382,0.9957439046634644,0.11396884579709962,0.0007198440404225384,True,,,194,1.0,30,1.0
R6,live_diag,long,24,Q5|L3,funding_x_liqtercile,14995,730,521,0.00019041771846400413,0.0018379029307623034,0.10360597139100537,-0.005263711969681006,-0.0026429908042142135,0.0018379925287935336,-1.4379769029578615,0.1508703187068522,-0.006251389073944844,0.0009654074655164168,-0.008162481519730062,0.0010947596984684214,0.9650682388461598,-0.0011322930858080693,0.003321812482744912,-0.0017176236974669984,-1.5147024703727425,0.4577525841947316,0.4381460486828943,-0.002379513285293488,-0.8264722675474518,-0.9685677713039387,-0.0021429908042142148,-0.0026429908042142165,-0.0036429908042142165,0.995998666222074,0.20921812333800396,0.00083974443120187,True,,,194,1.0,30,1.0
R6,live_diag,long,48,Q1|L1,funding_x_liqtercile,9291,730,361,0.001955437952017601,0.002395729059312469,0.8162183216906741,-0.0008968609865470656,0.0014039342115653697,0.0024182685898989373,0.5805534659919815,0.5617213482798806,-0.0033436891039586958,0.006151557527089435,-0.0024948950000000143,0.0024254537430524175,1.9332184861931707,-3.764481038037292e-05,0.004888552296485208,0.001867999457677869,1.44116964298961,0.48498546980949303,0.4675492412011624,0.00014262356669619028,0.03287227311731154,-0.6881436439631874,0.0019039342115653667,0.0014039342115653658,0.00040393421156536565,0.9953718652459369,0.07497238287059887,-0.0014516291717128062,True,-0.0032876315510399815,0.006229910894610252,194,1.0,30,1.0
R6,live_diag,long,48,Q1|L2,funding_x_liqtercile,19136,730,521,-0.0013961308147973728,0.002199961027222187,-0.6346161579781338,-0.0060042918454936145,-0.0007945934817120741,0.002220860231904369,-0.3577863524669974,0.7206070536668464,-0.005154658307244959,0.0035654713438208105,-0.006747953459594184,-0.0008733014160995756,-1.2556488743687515,-0.0022387196082102843,0.0004921167760111332,-0.00018100247949411885,-0.24554753336874205,0.4542794440380395,0.4467551468282997,-0.0013026812841167824,-0.28381759032888365,-0.7410095211751444,-0.00029459348171207567,-0.0007945934817120755,-0.0017945934817120758,0.9937297523252169,0.09192516867854492,-0.002593569924282259,True,-0.005122549201603623,0.003599238266131783,194,1.0,30,1.0
R6,live_diag,long,48,Q1|L3,funding_x_liqtercile,28091,730,586,-0.006774644683447699,0.0020575775250723446,-3.2925343521185195,-0.011946591707659882,-0.003687324573423435,0.0020709904990716533,-1.7804642633929626,0.07541754469280307,-0.007753160279469762,0.0003785111326228916,-0.011088716748768405,-0.004860208684998801,-6.445307035487789,-0.006340615373592049,-0.003379801996405553,-0.0017052141158769218,-2.216000768436864,0.42344523156882985,0.4269338934178207,-0.002474850720330433,-0.5716798744186525,-0.8177574861344625,-0.003187324573423435,-0.003687324573423436,-0.004687324573423436,0.9950873945391763,0.12744888411425254,-0.005036060672199764,True,-0.007840084924138407,0.0002381881732461701,194,1.0,30,1.0
R6,live_diag,long,48,Q2|L1,funding_x_liqtercile,12663,686,379,0.004668462949222597,0.0026152638365480887,1.7850829747963577,0.0013490141819438861,0.0028879004633385933,0.0026270434047780352,1.0992968209379845,0.27202594987013007,-0.0022701504499603796,0.008045951376637566,-0.0007758760923966667,0.0019168137648476107,2.771369230565225,0.0005588078739989818,0.0032748196556962395,0.00019878139519506039,0.2777342043672022,0.5109373766090184,0.4926162836610598,0.0009519163946281015,0.21536863733249126,-0.6134840819786505,0.0033879004633385924,0.0028879004633385916,0.0018879004633385913,0.9951038458501145,0.07427227354679082,-0.00021395839615903856,True,-0.0022474743724421277,0.007998996651929715,194,1.0,30,1.0
R6,live_diag,long,48,Q2|L2,funding_x_liqtercile,19707,686,526,0.0009425283304083249,0.0024079151859329544,0.391429206441563,-0.001815019284579833,-0.0008615124365721979,0.0024118878252734123,-0.35719423911206843,0.7210567352174682,-0.005597117557256275,0.00387409268411188,-0.0038414799533436957,-0.0003647882394313663,-0.6424584054149325,-0.0014796266881043694,0.000750050209241637,-0.002127843422713797,-3.7137167421305235,0.48256964530369917,0.4636423605825341,-0.0014150475668502842,-0.3139567873966473,-0.8169329552162631,-0.00036151243657219813,-0.0008615124365721989,-0.0018615124365721992,0.9967524229969047,0.08581112691791831,-0.00021130213154813387,True,-0.005473303834500095,0.0036646427146643508,194,1.0,30,1.0
R6,live_diag,long,48,Q2|L3,funding_x_liqtercile,22180,688,563,-0.000531082669193774,0.0023162891442110338,-0.22928168122752632,-0.00421755560764242,-0.002314820755958884,0.002319616995771787,-0.9979323139028358,0.31866456365178264,-0.0068692337243488714,0.002239592212431104,-0.006194541433915714,-0.0009793017126577114,-1.410502069505302,-0.0023424925985529605,0.0003838891732375377,-0.0027206613485793005,-3.9173300104851974,0.4684189170912042,0.4533609846264821,-0.0020299865554941157,-0.4386917417223714,-0.8340156130465441,-0.0018148207559588836,-0.0023148207559588845,-0.0033148207559588845,0.9966638113700915,0.09629062691918502,-0.00020252283303930912,True,-0.006787295955502099,0.0023324946609545026,194,1.0,30,1.0
R6,live_diag,long,48,Q3|L1,funding_x_liqtercile,18077,683,385,-0.006007538693858865,0.0026818252760039255,-2.2400932482859006,-0.006949928921181625,-0.00829829432808274,0.002689661904154476,-3.0852555539657676,0.0021162694761323584,-0.013579334476850084,-0.0030172541793153946,-0.00947547746371266,-0.0006595425029585388,-1.135736753636933,-0.0017997518961295898,0.00048066689021251236,-0.002884529379806097,-4.887484210782399,0.4450406594014494,0.42628754771256294,-0.00228198134986496,-0.40432286897499603,-0.8026060998889809,-0.007798294328082737,-0.00829829432808274,-0.00929829432808274,0.9964595895336615,0.0762041538079424,0.00019644067284737966,True,-0.013545789574706736,-0.0029814711430729973,194,0.4105562783696775,30,0.06348808428397075
R6,live_diag,long,48,Q3|L2,funding_x_liqtercile,23050,690,541,-0.00741096913189233,0.002513851532905285,-2.9480536280228904,-0.00933046486140332,-0.009632218739402582,0.0025240605381256537,-3.8161599509635327,0.0001477706575846324,-0.014588017405713014,-0.004676420073092152,-0.011707853757616805,-0.0022538637011085476,-4.289204118096845,-0.0032855854783867926,-0.0012221419238303028,-0.004394065257249394,-8.309063031632395,0.42850325379609544,0.41071583514099785,-0.005145327621834245,-1.0941256284630696,-0.9233350838727836,-0.00913221873940258,-0.009632218739402582,-0.010632218739402583,0.9957917570498915,0.08763481252116802,0.00017608353679257214,True,-0.014377110837145613,-0.004836602942282548,194,0.028667507571418685,30,0.004433119727538972
R6,live_diag,long,48,Q3|L3,funding_x_liqtercile,18317,692,567,-0.007127503064267805,0.0026611373884530875,-2.678367188103356,-0.01019354838709674,-0.00929895710046134,0.002672622325917014,-3.479338255273588,0.0005342995426037121,-0.014546418525005078,-0.004051495675917604,-0.012529819113391332,-0.0024294224977901113,-3.49808912176929,-0.003793005659876952,-0.0010658393357032704,-0.004509654746817258,-6.465133301574644,0.43435060326472674,0.4190096631544467,-0.006083611032268075,-1.2472699475897875,-0.9437761555761693,-0.008798957100461342,-0.009298957100461344,-0.010298957100461343,0.9954140961947917,0.10432974566680946,0.0001287928102890336,True,-0.01427936318752203,-0.0036624818420874943,194,0.10365411126512014,30,0.016028986278111362
R6,live_diag,long,48,Q4|L1,funding_x_liqtercile,28379,670,428,-0.002425953305968635,0.002438454836434845,-0.9948731753078159,-0.0035977693829826185,-0.004772743220216935,0.0024463613271585877,-1.9509559635495077,0.05148062457543552,-0.009576239654594974,3.0753214161103465e-05,-0.006152848680473442,-0.00032181734083052663,-0.5646006827557211,-0.001441004072523424,0.0007973693908623707,-0.0026277476611852434,-4.551221723767925,0.47151062405299693,0.4530110292822157,-0.0014861490237912227,-0.33966008481440074,-0.7646758725777794,-0.004272743220216936,-0.004772743220216936,-0.005772743220216938,0.9966524542795729,0.07900355422964837,0.0003157131508980213,True,-0.00983492730559261,3.534811083629391e-05,194,1.0,30,1.0
R6,live_diag,long,48,Q4|L2,funding_x_liqtercile,30741,672,564,-0.0024148626096061787,0.0024001133606791113,-1.0061452301248364,-0.0054102795311091745,-0.004815221775228136,0.0024100416263800354,-1.9979828242472155,0.04612289360705975,-0.009547377781082248,-8.306576937402305e-05,-0.008074297585459888,-0.0004195570981726983,-0.7167937660704782,-0.0015688454819216702,0.0007297312855762735,-0.002738740731467765,-4.6580428622071315,0.4613382778699457,0.4430890341888683,-0.002287793674435378,-0.5030701382096061,-0.8369765814929256,-0.004315221775228137,-0.004815221775228139,-0.005815221775228138,0.9949578738492567,0.09508565331976049,0.0003556249539004679,True,-0.009427113041537058,-8.409205401734021e-05,194,1.0,30,1.0
R6,live_diag,long,48,Q4|L3,funding_x_liqtercile,17837,672,565,0.0007331950189593131,0.0026352484495127462,0.27822614565806114,-0.00400160064025612,-0.001785675668575303,0.0026392070965953313,-0.6765955088855613,0.4988964858610482,-0.006967801809527277,0.0033964504723766704,-0.0066573835103244505,0.0012299247940931281,1.302658936305202,-0.0006239482821611122,0.0030837978703473685,-0.0012220810229011947,-1.29257483204055,0.4766789998878798,0.458627648839556,2.4825021904010737e-05,0.00521218696232997,-0.7450204362618387,-0.0012856756685753026,-0.0017856756685753032,-0.002785675668575304,0.9955151922861307,0.1315003389729233,0.0003568893569095472,True,-0.006951995490649248,0.0031625072837636547,194,1.0,30,1.0
R6,live_diag,long,48,Q5|L1,funding_x_liqtercile,13368,714,397,0.0028005101140137103,0.0027618613310356525,1.0139937449225829,-0.0006781163970907556,-0.0002603765072823329,0.0027614777787539945,-0.09428882943965505,0.9249062880390118,-0.005682002682927411,0.005161249668362745,-0.0037703308726249173,0.002028051892050541,2.2454922915392084,0.00025486940239373987,0.003801234381707342,-0.0010981175203405803,-1.2568435023802822,0.49079892280071813,0.4678336325553561,-0.0019763068154711396,-0.43979120797440807,-0.8920718481609875,0.00023962349271766767,-0.000260376507282333,-0.0012603765072823339,0.9933423099940155,0.09056240910737734,0.0011130000707884515,True,-0.005443277770177504,0.005182406810871083,194,1.0,30,1.0
R6,live_diag,long,48,Q5|L2,funding_x_liqtercile,16447,729,531,0.005986236226768425,0.002481385577562717,2.41245708885286,-0.0029239766081871066,0.002452086118321897,0.002478093717378193,0.9895049977836141,0.32274579005568393,-0.002412999002132175,0.0073171712387759685,-0.006329763992255417,0.006056998200172248,5.109993404545249,0.003729936870741092,0.008384059529603404,0.002572461719194001,2.1919670236463635,0.4771690885875844,0.45491579011369854,-0.0006341997498038269,-0.12913090793436985,-0.8399682011044164,0.0029520861183218975,0.0024520861183218957,0.0014520861183218957,0.9926430352039886,0.11396884579709962,0.001378254481808148,True,-0.0022221629888981246,0.007378142257451398,194,1.0,30,1.0
R6,live_diag,long,48,Q5|L3,funding_x_liqtercile,14995,730,521,0.002847641680900227,0.002642884103158794,1.0774750498883796,-0.007546536978031315,-0.0005828162546681003,0.0026565682023152143,-0.21938689703511946,0.8264102565252232,-0.005798277096889374,0.004632644587553173,-0.011155082155316918,0.0030227172648374877,1.78261169930032,-0.0003062575247149025,0.006351692054389878,-0.000306486891744237,-0.17923526719741273,0.4594198066022007,0.4373457819273091,-0.0021282068021328715,-0.356562497090596,-0.8915161620687265,-8.281625466810048e-05,-0.0005828162546681019,-0.001582816254668101,0.9923307769256419,0.20921812333800396,0.0014647757479838608,True,-0.0058545780904799005,0.004616863076736496,194,1.0,30,1.0
R6,live_diag,long,72,Q1|L1,funding_x_liqtercile,9291,730,361,0.0020513173321549524,0.0027642130390150314,0.7420981318016993,-0.000779423226812126,0.0022056251265337983,0.002796541951053479,0.7886973144468375,0.4305464020778516,-0.0032846493289417278,0.007695899582009324,-0.0022878078947368577,0.002840013069405375,2.3042212652276906,0.00042028874413275975,0.00525973739467799,0.0029857304196613784,2.3207551375679225,0.48778387687008934,0.47142395866968034,0.0009318350152550131,0.14650816751115028,-0.6697209856203266,0.0027056251265337953,0.0022056251265337944,0.0012056251265337942,0.9935421375524701,0.07497238287059887,-0.0021170292232694237,True,,,194,1.0,30,1.0
R6,live_diag,long,72,Q1|L2,funding_x_liqtercile,19136,730,521,-0.0027533083896327097,0.0025988854422449837,-1.059418912768364,-0.009077803674501561,-0.0009805870915697748,0.0026340042847536414,-0.37227999105608484,0.7097930377986785,-0.0061517615968362796,0.00419058741369673,-0.00919935443118544,-0.00165113321592246,-1.9488622515218008,-0.0033144336571398455,1.2167225294925504e-05,0.00024184302729948407,0.2673756207049707,0.44680739889225624,0.4395966140662556,-0.0016059309224644193,-0.23676061721466757,-0.6849593678783645,-0.00048058709156977475,-0.0009805870915697756,-0.001980587091569776,0.9906468805517818,0.09192516867854492,-0.003651929003639432,True,,,194,1.0,30,1.0
R6,live_diag,long,72,Q1|L3,funding_x_liqtercile,28090,730,586,-0.010285376645968226,0.0024564992774281976,-4.1870057689316225,-0.017282262693038786,-0.0051120505803009635,0.002480162994868352,-2.061175249722776,0.03964189508191923,-0.009981198182757578,-0.0002429029778443486,-0.015557905768628755,-0.007409819981071742,-8.304587766287028,-0.009161518286963896,-0.005658121675179587,-0.0021400616140083684,-2.3539592819592334,0.40813783774162543,0.41643230928055247,-0.0028939445420636412,-0.44400009818926023,-0.7986259462405592,-0.004612050580300963,-0.005112050580300963,-0.006112050580300964,0.9926666903990602,0.12744888411425254,-0.00704739978339609,True,,,194,1.0,30,1.0
R6,live_diag,long,72,Q2|L1,funding_x_liqtercile,12663,686,379,0.005624112599713593,0.003182040387886048,1.7674548133092387,-0.00016302217101527017,0.004065608037729288,0.003202555893617403,1.2694885500146684,0.20469989082418963,-0.0022224454138749855,0.01035366148933356,-0.002459423696958503,0.0026258932333137596,2.709537467801197,0.0007230718271137081,0.004528714639513811,0.0011418537964074764,1.1390514064331605,0.4950643607360025,0.4791123746347627,0.0016572714737644902,0.24990532045583438,-0.5847261618054591,0.004565608037729287,0.0040656080377292885,0.003065608037729288,0.9927347390033957,0.07427227354679082,-0.00037149279373161,True,,,194,1.0,30,1.0
R6,live_diag,long,72,Q2|L2,funding_x_liqtercile,19707,686,526,0.0007623052365352619,0.002900533063165177,0.26281556525454813,-0.004008100582229446,-0.0009111268237414511,0.0029095112965095682,-0.31315459226245174,0.7542589566055985,-0.006623802311142099,0.004801548663659197,-0.006082233787545766,-0.0008005461271619995,-1.1078232463198943,-0.0022193815156962486,0.0006182892613722495,-0.0024245579201820594,-3.3155170721800467,0.47455218957730755,0.4577053838737504,-0.001821664399672704,-0.27188129510393005,-0.7922574291735461,-0.0004111268237414516,-0.0009111268237414518,-0.0019111268237414515,0.9951793778860304,0.08581112691791831,-0.00038421150061186996,True,,,194,1.0,30,1.0
R6,live_diag,long,72,Q2|L3,funding_x_liqtercile,22180,688,563,-0.0014587285669898588,0.002751536391086598,-0.5301505630509935,-0.007247149181751067,-0.0030923999159381144,0.00275697676362778,-1.121663394750185,0.26239919715537563,-0.008505553570511455,0.002320753738635226,-0.00918273370498164,-0.0015320972239551572,-1.8393600638161611,-0.003167532873238522,0.00010333842532820768,-0.003107697194573643,-3.7196221058033716,0.4571930931878635,0.44614760380505836,-0.0024448338561284854,-0.36214943000500943,-0.8062966765535686,-0.0025923999159381136,-0.003092399915938115,-0.004092399915938116,0.9953563860962085,0.09629062691918502,-0.00036426047694537603,True,,,194,1.0,30,1.0
R6,live_diag,long,72,Q3|L1,funding_x_liqtercile,18077,683,385,-0.010606852550847229,0.0035275327498145515,-3.0068757126081533,-0.013088376560999038,-0.012918356750607053,0.003541826936395325,-3.64737097057448,0.0002852286649044716,-0.01987260603346673,-0.005964107467747376,-0.01587926990901733,-0.0018277797165319235,-2.7084392228114598,-0.0031528053060050874,-0.0005027541270587598,-0.0040377689353229855,-5.84479428807809,0.42363223986280907,0.4067046523206284,-0.0045167324522899155,-0.6513089750599966,-0.8226396843000091,-0.012418356750607052,-0.012918356750607051,-0.013918356750607052,0.9952978923493943,0.0762041538079424,0.0001942819692085246,True,,,194,0.05533436099146749,30,0.008556859947134147
R6,live_diag,long,72,Q3|L2,funding_x_liqtercile,23050,690,541,-0.011533032642816703,0.0032761497557754864,-3.5203008111839984,-0.01421084643474918,-0.013783445010060374,0.003296471184046885,-4.181272712700993,3.274524256037922e-05,-0.02025582920157379,-0.007311060818546962,-0.01671040878223494,-0.003226565518496835,-4.7865515754575165,-0.004550082165385216,-0.0019030488716084534,-0.005346820961999565,-7.871990808070027,0.4161388286334056,0.40065075921908894,-0.006019749958198952,-0.8540525014603362,-0.8916348679817945,-0.013283445010060378,-0.013783445010060374,-0.014783445010060374,0.9934924078091106,0.08763481252116802,0.000194927372052396,True,,,194,0.006352577056713569,30,0.0009823572768113764
R6,live_diag,long,72,Q3|L3,funding_x_liqtercile,18317,692,567,-0.010764454266804729,0.003326948721237298,-3.235533568068164,-0.015081692501047295,-0.012857015694208563,0.003347670654100943,-3.840585595975082,0.00013407464775345453,-0.01942989259466833,-0.006284138793748798,-0.017496545700713573,-0.0036096634916075797,-4.068382250759701,-0.005351688625861898,-0.0018676383573532614,-0.0055639726423101325,-6.256081724310252,0.42441447835344215,0.4112027078670088,-0.007655834764072118,-1.0601654199389934,-0.9171475685612214,-0.012357015694208563,-0.012857015694208565,-0.013857015694208562,0.992902767920511,0.10432974566680946,9.285562984548987e-05,True,,,194,0.02601048166417018,30,0.004022239432603636
R6,live_diag,long,72,Q4|L1,funding_x_liqtercile,28379,670,428,-0.0026628670404429317,0.0027493986325464272,-0.9685270840397007,-0.0068728522336770626,-0.005070203062152734,0.0027629336776421225,-1.8350795399763729,0.06693970783110756,-0.010495312651019238,0.000354906526713771,-0.009643942870776613,-0.0007433421619935522,-1.0959930808588485,-0.002075069956248138,0.0005883856322610338,-0.0031112953683420557,-4.5132976900712345,0.45561859121181153,0.4368723351774199,-0.0007995879065279837,-0.12422595448368216,-0.6674067296516173,-0.004570203062152734,-0.005070203062152734,-0.006070203062152734,0.9942563162902146,0.07900355422964837,0.00041706279522254965,True,,,194,1.0,30,1.0
R6,live_diag,long,72,Q4|L2,funding_x_liqtercile,30741,672,564,-0.001964431712251528,0.002706548876784815,-0.725806849121133,-0.008241758241758323,-0.0045070157124010414,0.0027228249842631623,-1.6552719100382092,0.09833904671245386,-0.009853341443706646,0.0008393100189045622,-0.011082291343336824,6.593675678239325e-05,0.09000934690750469,-0.001372438272787757,0.0015043117863525433,-0.0023719868742843285,-3.2089855550150577,0.4517745031066003,0.4334927295793891,-0.0012287929565965288,-0.18477607600792217,-0.7445700783086744,-0.004007015712401041,-0.004507015712401042,-0.0055070157124010415,0.9925831950814873,0.09508565331976049,0.0004767512873201444,True,,,194,1.0,30,1.0
R6,live_diag,long,72,Q4|L3,funding_x_liqtercile,17837,672,565,0.0013665522878893981,0.002978339282215513,0.45883029379811074,-0.007518796992481258,-0.0012597317465228297,0.002988359822470273,-0.4215462064007725,0.6734918911749526,-0.0071274408742162555,0.004607977381170596,-0.010465283436487172,0.0013649346136293144,1.262445789112125,-0.0007579738718890708,0.0034878430991476996,-0.001178723568229778,-1.0886716273449524,0.4612624733714542,0.4462944276264155,0.0007089362352546811,0.10176730751918003,-0.6599108583363167,-0.0007597317465228286,-0.0012597317465228284,-0.002259731746522829,0.9929924879470793,0.1315003389729233,0.0004274362225483892,True,,,194,1.0,30,1.0
R6,live_diag,long,72,Q5|L1,funding_x_liqtercile,13368,714,397,0.003966039236836197,0.0032490191418894014,1.220688171916964,-0.0031791693298115486,0.000628017488456017,0.003251754806170479,0.1931318706023901,0.8469109267729507,-0.005756187899516969,0.0070122228764290025,-0.006843507299865643,0.003363569035495723,3.022180893047791,0.0011784966448453852,0.005548641426146061,-7.93939329848264e-05,-0.0736357277940908,0.47987731897067626,0.45751047277079593,-0.0012865392235594576,-0.19022925111831845,-0.8454449575569668,0.0011280174884560174,0.0006280174884560167,-0.00037198251154398353,0.9913225613405147,0.09056240910737734,0.0015634873528523826,True,,,194,1.0,30,1.0
R6,live_diag,long,72,Q5|L2,funding_x_liqtercile,16446,729,531,0.008151622035410555,0.0030808628082602692,2.6458893312466873,-0.005012534826717874,0.004001613665753248,0.0030927645932063656,1.2938629970555406,0.19612477409858517,-0.002070230007474122,0.010073457338980619,-0.009307174149377593,0.008755418436823462,5.581563204580482,0.005675836356704376,0.011835000516942548,0.004661853195864323,2.9821253572710695,0.4729129932510488,0.44865324983279625,0.0006491164929999287,0.08507006233117888,-0.802235582191018,0.00450161366575325,0.00400161366575325,0.0030016136657532483,0.9894205630206117,0.11396884579709962,0.001957813870214449,True,,,194,1.0,30,1.0
R6,live_diag,long,72,Q5|L3,funding_x_liqtercile,14995,730,521,0.005809427990213403,0.0033611081270369996,1.7284263911303357,-0.011363636363636465,0.0018197285424608675,0.003399932758320496,0.5352248623175065,0.59265827541205,-0.004855145033567421,0.008494602118489156,-0.015787187783007472,0.0065657738119062345,2.776267524001109,0.0019228202850396928,0.011208727338772775,0.0027223545342237765,1.129717549980687,0.45175058352784264,0.42960986995665223,8.264736280890828e-05,0.008558252204491044,-0.8096246958746409,0.0023197285424608697,0.001819728542460868,0.0008197285424608684,0.98972990996999,0.20921812333800396,0.0020129399568762046,True,,,194,1.0,30,1.0
R6,live_diag,short,24,Q1|L1,funding_x_liqtercile,9291,730,361,-0.0005953575730770496,0.001554044920464906,-0.38310190731098254,0.00023917914517967986,-0.0033849184662760306,0.0015597752576365482,-2.1701321710956187,0.03031949963882997,-0.00644711281834927,-0.0003227241142027917,-0.001810445146081749,-0.0010912100770602924,-1.9776578371341587,-0.002174455706379492,-7.96444774109296e-06,-0.0038583107242668715,-6.747804811546908,0.5061887848455494,0.4776665590356259,-0.003232670550418775,-1.568784620353663,-0.9618274186060326,-0.0028849184662760327,-0.003384918466276033,-0.004384918466276033,0.9977397481433645,0.07497238287059887,-0.0007895366213592246,True,,,194,1.0,30,0.9095849891648992
R6,live_diag,short,24,Q1|L2,funding_x_liqtercile,19137,730,521,0.0010206177185258123,0.0015865378288394921,0.6432986973102088,0.004014989293361859,-0.002404382632814167,0.00159432220939561,-1.5080907853160008,0.13196512095185006,-0.005534400525516101,0.0007256352598877672,0.0011939603589375698,0.0003667172259341035,0.6942923020757609,-0.0006702348676501125,0.0014036693195183195,-0.003082926682398367,-5.618074670510602,0.5384575190720033,0.5096666318319574,-0.0023324091917961884,-1.056664026531063,-0.9322397925286433,-0.001904382632814167,-0.0024043826328141674,-0.003404382632814167,0.9968126240986519,0.09192516867854492,-0.00142472586779892,True,,,194,1.0,30,1.0
R6,live_diag,short,24,Q1|L3,funding_x_liqtercile,28091,730,586,0.0034660112699397604,0.0014530860052047033,2.385276065921154,0.007134363852556613,-0.001288914570573109,0.0014542451674550564,-0.886311744001682,0.37574224078614704,-0.004143929302027668,0.00156610016088145,0.0036903614144506262,0.002557110999256264,4.502068997308009,0.0014420280735841571,0.003672193924928371,-0.002216272833651099,-3.8929972775260038,0.5597166352212453,0.5312377629845858,-0.0019106408163086458,-0.8739466663097909,-0.913933547811344,-0.0007889145705731092,-0.0012889145705731098,-0.0022889145705731096,0.9971165141860382,0.12744888411425254,-0.002757820087468761,True,,,194,1.0,30,1.0
R6,live_diag,short,24,Q2|L1,funding_x_liqtercile,12663,686,379,-0.0027727939756205426,0.0017221844609715486,-1.6100447068581178,-0.00038387715930898736,-0.004838461970434978,0.0017254113279555057,-2.804236817065658,0.005186666918605697,-0.008226200582810737,-0.0014507233580592187,-0.0024321444852134226,-0.0008571749719616935,-1.9019260395503494,-0.0017420704641101469,2.7720520186759945e-05,-0.0029389343136398804,-6.421462954573978,0.48858880202163785,0.46300244807707497,-0.0030564431604048837,-1.4322415931005696,-0.9518300643779395,-0.004338461970434976,-0.004838461970434978,-0.005838461970434977,0.9973939824686093,0.07427227354679082,-3.62299216152037e-05,True,,,194,1.0,30,0.1556000075581709
R6,live_diag,short,24,Q2|L2,funding_x_liqtercile,19707,686,526,-0.0006630183607562496,0.0016603501098456698,-0.3993244297239679,0.0010793308148947522,-0.002741266537345521,0.0016614973308518505,-1.6498771839374982,0.09942716167548983,-0.0060035139625758405,0.000520980887884799,-0.0008970823465016247,0.000411584260651136,1.0030927366414404,-0.00039404234110184864,0.0012172108624041206,-0.0016757975137959003,-4.068099089965385,0.5107829705180901,0.49043487085807075,-0.0018744773158116935,-0.8330908258568139,-0.9140710497301032,-0.00224126653734552,-0.002741266537345521,-0.003741266537345521,0.9983762114984523,0.08581112691791831,-6.723704650571778e-05,True,,,194,1.0,30,1.0
R6,live_diag,short,24,Q2|L3,funding_x_liqtercile,22180,688,563,-0.00023921159986380787,0.001641838650063962,-0.14569738619229655,0.002780732925566576,-0.0023253783364183492,0.0016419834989797547,-1.4162007948698763,0.15717061313180253,-0.005549294896937354,0.0008985382241006551,0.0008100707980337862,0.0003925292061371098,0.816655604415788,-0.000551198959112273,0.0013362573713864925,-0.0017039078393273667,-3.5475863960332843,0.5269374690050043,0.5085433479103737,-0.001782836422431571,-0.7739954982393293,-0.9023442845340026,-0.0018253783364183495,-0.00232537833641835,-0.0033253783364183497,0.9982868220549118,0.09629062691918502,-6.807117237953299e-05,True,,,194,1.0,30,1.0
R6,live_diag,short,24,Q3|L1,funding_x_liqtercile,18077,683,385,0.0035923962150418145,0.001891238455933676,1.899494061032247,0.0040858018386108474,0.0017616395988088356,0.00189427968943785,0.9299786133121783,0.3527116907114406,-0.001957690658066832,0.005480969855684503,0.0023292797011128952,0.00019781863514115692,0.4888732506084863,-0.0005966750192405334,0.0009923122895228473,-0.0016521314632723522,-4.036482709921092,0.5409083365602699,0.5237041544504066,-0.0013190814470836296,-0.6238739899521537,-0.8388792154239614,0.002261639598808837,0.0017616395988088362,0.0007616395988088363,0.9981744758532942,0.0762041538079424,0.000140929946796715,True,,,194,1.0,30,1.0
R6,live_diag,short,24,Q3|L2,funding_x_liqtercile,23050,690,541,0.003963698332635348,0.0017925094062145206,2.211256643280893,0.00509597325787442,0.0021060277490303377,0.0017958336087035378,1.172729889241096,0.24131001987596143,-0.001419944326286263,0.005631999824346938,0.003270504697400022,0.000966000436425474,2.4931579867818545,0.00020525529832484985,0.0017267455745260982,-0.0009123300203698111,-2.348155264184953,0.5492407809110629,0.5307158351409978,-0.0008626086219163225,-0.3716476857756289,-0.8451037188217466,0.0026060277490303394,0.002106027749030338,0.0011060277490303387,0.9978741865509761,0.08763481252116802,0.00012412447241424084,True,,,194,1.0,30,1.0
R6,live_diag,short,24,Q3|L3,funding_x_liqtercile,18317,692,567,0.00366540875355157,0.0018959244653451045,1.9333094859791138,0.0056067712545150306,0.001801664192662225,0.0019000378654855999,0.9482254145507605,0.34334668411535857,-0.0019288853431352144,0.005532213728459664,0.003706850907668204,0.0009815663786962533,1.9751003582409878,5.813239464410669e-06,0.001957319517928096,-0.0009092658792907798,-1.822167466702489,0.545012829611836,0.5287983840148496,-0.00010150113040803103,-0.04221315974248211,-0.7584567651157048,0.0023016641926622257,0.001801664192662226,0.0008016641926622259,0.9977070480973959,0.10432974566680946,0.00011045308727770039,True,,,194,1.0,30,1.0
R6,live_diag,short,24,Q4|L1,funding_x_liqtercile,28379,670,428,0.0002937802962508907,0.0017711259833732428,0.16587204919853527,0.0015050526768437544,-0.001500730178193528,0.0017742410008126886,-0.8458434775806222,0.3979429474243846,-0.004984490747090045,0.0019830303907029884,-0.00022386493704692166,9.912315243904117e-05,0.25427184495622523,-0.000666317178138705,0.0008645634830167874,-0.001706565258786873,-4.3485759577030185,0.5142534973043448,0.497269107438599,-0.0019511731990654506,-0.9060068603803113,-0.9006280921102545,-0.0010007301781935264,-0.001500730178193527,-0.002500730178193527,0.9983790831248458,0.07900355422964837,0.0001946142416969546,True,,,194,1.0,30,1.0
R6,live_diag,short,24,Q4|L2,funding_x_liqtercile,30741,672,564,0.0004278069507310264,0.001703946706246216,0.2510682694257982,0.0023923444976078345,-0.0013591237261952366,0.001707117400508813,-0.7961512932796213,0.4262260969039484,-0.004711067493009413,0.00199282004061894,0.00068728557082408,0.00018230896340847336,0.4678542163255392,-0.0005828111834568862,0.000947429110273833,-0.0016220630100817197,-4.150134152966248,0.521355843986858,0.5050583910738102,-0.0014408328979623078,-0.6377416716623809,-0.8648014236183814,-0.0008591237261952354,-0.0013591237261952364,-0.0023591237261952358,0.9974952018476952,0.09508565331976049,0.00020553178091572706,True,,,194,1.0,30,1.0
R6,live_diag,short,24,Q4|L3,funding_x_liqtercile,17838,672,565,-0.0012194214069778742,0.001876942511802556,-0.6496850059657824,0.0030240358629573527,-0.0029514381534157296,0.0018781293311871611,-1.5714775891126371,0.11654385279823364,-0.0066391657245056385,0.0007362894176741789,0.0013976019184652206,-0.0009606506548514072,-1.37600388849534,-0.0023314629332013316,0.00041016162349851695,-0.002706781471444271,-3.8731927613015844,0.5244422020405876,0.5101468774526292,-0.0030462764738690834,-1.249124928021076,-0.9578973800673666,-0.0024514381534157283,-0.002951438153415729,-0.003951438153415729,0.9978136562394887,0.1315003389729233,0.00021035157986402966,True,,,194,1.0,30,1.0
R6,live_diag,short,24,Q5|L1,funding_x_liqtercile,13368,714,397,4.342487730671427e-05,0.0019617353358006573,0.022135951019606304,0.0024103718142308717,-0.0014328488599625673,0.0019691665903036277,-0.7276422761883417,0.46707179713515257,-0.005298916385343107,0.002433218665417973,0.001061332234809486,-0.0009083545982673899,-1.5444183791276642,-0.002063073824918468,0.0002463646283836884,-0.0023836447225334383,-4.073492055603937,0.5219928186714542,0.5072561340514662,-0.001811248748236161,-0.7997574421331323,-0.8905668231948349,-0.0009328488599625663,-0.0014328488599625667,-0.0024328488599625665,0.9955864751645721,0.09056240910737734,0.0006001199737020004,True,,,194,1.0,30,1.0
R6,live_diag,short,24,Q5|L2,funding_x_liqtercile,16447,729,531,-0.0022031626566188733,0.0017430408177792577,-1.263976514001456,0.0026634608409074056,-0.003391124650772464,0.0017397810712686188,-1.949167459500932,0.05165965404029571,-0.006806719267666329,2.4469966121402117e-05,0.0015078443948296789,-0.0029264661999556245,-3.5439755847884706,-0.004547617374899613,-0.0013053150250116354,-0.004136006143547271,-5.071919684835066,0.521675685535356,0.5113394540037697,-0.0024869321712392488,-1.0195843523018298,-0.9458503833860206,-0.0028911246507724634,-0.003391124650772464,-0.004391124650772463,0.9957439046634644,0.11396884579709962,0.0007198440404225384,True,,,194,1.0,30,1.0
R6,live_diag,short,24,Q5|L3,funding_x_liqtercile,14995,730,521,-0.00019041771846400413,0.0018379029307623034,-0.10360597139100537,0.005263711969681006,-0.0013570091957857864,0.0018379925287935336,-0.7383105069945705,0.46056371882731656,-0.004965407465516417,0.0022513890739448436,0.004162481519730062,-0.0010947596984684214,-0.9650682388461598,-0.003321812482744912,0.0011322930858080693,-0.0022823763025330034,-2.0127348201269037,0.5384461487162387,0.5291097032344114,-0.001620486714706514,-0.5628408708249033,-0.9300940546053151,-0.0008570091957857853,-0.0013570091957857864,-0.002357009195785786,0.995998666222074,0.20921812333800396,0.00083974443120187,True,,,194,1.0,30,1.0
R6,live_diag,short,48,Q1|L1,funding_x_liqtercile,9291,730,361,-0.001955437952017601,0.002395729059312469,-0.8162183216906741,0.0008968609865470656,-0.005403934211565368,0.0024182685898989373,-2.2346294510615983,0.025744798334302137,-0.010151557527089433,-0.0006563108960413021,-0.0015051049999999858,-0.0024254537430524175,-1.9332184861931707,-0.004888552296485208,3.764481038037292e-05,-0.0058679994576778674,-4.527186905074136,0.5106016575180282,0.4830481110752341,-0.004142623566696194,-0.9548033081848745,-0.8735928931603028,-0.004903934211565369,-0.0054039342115653685,-0.006403934211565368,0.9953718652459369,0.07497238287059887,-0.0014516291717128062,True,-0.01022991089461026,-0.0007123684489600019,194,1.0,30,0.7723439500290641
R6,live_diag,short,48,Q1|L2,funding_x_liqtercile,19136,730,521,0.0013961308147973728,0.002199961027222187,0.6346161579781338,0.0060042918454936145,-0.0032054065182879257,0.002220860231904369,-1.4433175362590542,0.1493617828585345,-0.00756547134382081,0.0011546583072449589,0.002747953459594184,0.0008733014160995756,1.2556488743687515,-0.0004921167760111332,0.0022387196082102843,-0.0038189975205058825,-5.180842957082423,0.5423241718047863,0.5160413836346536,-0.0026973187158832205,-0.5876698373002378,-0.8441708597263234,-0.002705406518287927,-0.0032054065182879265,-0.0042054065182879265,0.9937297523252169,0.09192516867854492,-0.002593569924282259,True,-0.007599238266131741,0.0011225492016036574,194,1.0,30,1.0
R6,live_diag,short,48,Q1|L3,funding_x_liqtercile,28091,730,586,0.006774644683447699,0.0020575775250723446,3.2925343521185195,0.011946591707659882,-0.0003126754265765655,0.0020709904990716533,-0.15097868711455995,0.8800344100450348,-0.0043785111326228926,0.0037531602794697613,0.007088716748768405,0.004860208684998801,6.445307035487789,0.003379801996405553,0.006340615373592049,-0.00229478588412308,-2.9821752208517696,0.5742764586522374,0.5423801217471789,-0.0015251492796695702,-0.35230292538807584,-0.7456350459862837,0.0001873245734234334,-0.0003126754265765666,-0.0013126754265765672,0.9950873945391763,0.12744888411425254,-0.005036060672199764,True,-0.004238188173246165,0.003840084924138455,194,1.0,30,1.0
R6,live_diag,short,48,Q2|L1,funding_x_liqtercile,12663,686,379,-0.004668462949222597,0.0026152638365480887,-1.7850829747963577,-0.0013490141819438861,-0.006887900463338594,0.0026270434047780357,-2.621921073253286,0.008938354011581827,-0.012045951376637568,-0.00172984955003962,-0.0032241239076033334,-0.0019168137648476107,-2.771369230565225,-0.0032748196556962395,-0.0005588078739989818,-0.004198781395195062,-5.866470596818156,0.4858248440337993,0.4660033167495854,-0.004951916394628104,-1.1203583551180851,-0.9136111360092378,-0.006387900463338593,-0.006887900463338594,-0.007887900463338595,0.9951038458501145,0.07427227354679082,-0.00021395839615903856,True,-0.011998996651929744,-0.0017525256275578852,194,1.0,30,0.2681506203474548
R6,live_diag,short,48,Q2|L2,funding_x_liqtercile,19707,686,526,-0.0009425283304083249,0.0024079151859329544,-0.391429206441563,0.001815019284579833,-0.003138487563427802,0.0024118878252734123,-1.301257683106395,0.1936090464264404,-0.00787409268411188,0.0015971175572562757,-0.00015852004665630436,0.0003647882394313663,0.6424584054149325,-0.000750050209241637,0.0014796266881043694,-0.0018721565772862046,-3.267467498191343,0.5142335210838789,0.4972344852083016,-0.002584952433149719,-0.5735237319910518,-0.8535565881174274,-0.0026384875634278032,-0.0031384875634278032,-0.004138487563427803,0.9967524229969047,0.08581112691791831,-0.00021130213154813387,True,-0.007664642714664355,0.0014733038345000817,194,1.0,30,1.0
R6,live_diag,short,48,Q2|L3,funding_x_liqtercile,22180,688,563,0.000531082669193774,0.0023162891442110338,0.22928168122752632,0.00421755560764242,-0.0016851792440411176,0.002319616995771787,-0.7264902986626125,0.46778642363531725,-0.006239592212431105,0.0028692337243488705,0.0021945414339157136,0.0009793017126577114,1.410502069505302,-0.0003838891732375377,0.0023424925985529605,-0.001279338651420701,-1.8420490647985173,0.5298679049637077,0.5137730490059059,-0.0019700134445058875,-0.42573120834113864,-0.8232057351995501,-0.0011851792440411184,-0.0016851792440411178,-0.002685179244041118,0.9966638113700915,0.09629062691918502,-0.00020252283303930912,True,-0.006332494660954524,0.0027872959555020832,194,1.0,30,1.0
R6,live_diag,short,48,Q3|L1,funding_x_liqtercile,18077,683,385,0.006007538693858865,0.0026818252760039255,2.2400932482859006,0.006949928921181625,0.004298294328082737,0.002689661904154476,1.5980797889294385,0.11048975799954742,-0.000982745820684608,0.009579334476850082,0.00547547746371266,0.0006595425029585388,1.135736753636933,-0.00048066689021251236,0.0017997518961295898,-0.0011154706201939042,-1.8900292997382613,0.551197654478066,0.5383636665375892,-0.0017180186501350428,-0.3043996085315318,-0.839314408433954,0.004798294328082736,0.004298294328082736,0.0032982943280827366,0.9964595895336615,0.0762041538079424,0.00019644067284737966,True,-0.001018528856926979,0.009545789574706726,194,1.0,30,1.0
R6,live_diag,short,48,Q3|L2,funding_x_liqtercile,23050,690,541,0.00741096913189233,0.002513851532905285,2.9480536280228904,0.00933046486140332,0.00563221873940258,0.0025240605381256537,2.231411907253627,0.02597571697503521,0.00067642007309215,0.01058801740571301,0.007707853757616805,0.0022538637011085476,4.289204118096845,0.0012221419238303028,0.0032855854783867926,0.0003940652572493918,0.7451671446298213,0.5691973969631237,0.555054229934924,0.0011453276218342419,0.24354762148047177,-0.6658580531240244,0.006132218739402578,0.0056322187394025796,0.004632218739402579,0.9957917570498915,0.08763481252116802,0.00017608353679257214,True,0.000836602942282455,0.01037711083714557,194,1.0,30,0.7792715092510564
R6,live_diag,short,48,Q3|L3,funding_x_liqtercile,18317,692,567,0.007127503064267805,0.0026611373884530875,2.678367188103356,0.01019354838709674,0.00529895710046134,0.002672622325917014,1.9826808483473977,0.04779983574284145,5.149567591760263e-05,0.010546418525005076,0.008529819113391332,0.0024294224977901113,3.49808912176929,0.0010658393357032704,0.003793005659876952,0.0005096547468172564,0.7306514713303304,0.5633018507397499,0.54987170388164,0.002083611032268072,0.42718467851249425,-0.6411029145322373,0.005798957100461341,0.005298957100461341,0.00429895710046134,0.9954140961947917,0.10432974566680946,0.0001287928102890336,True,-0.00033751815791252656,0.010279363187522051,194,1.0,30,1.0
R6,live_diag,short,48,Q4|L1,funding_x_liqtercile,28379,670,428,0.002425953305968635,0.002438454836434845,0.9948731753078159,0.0035977693829826185,0.0007727432202169358,0.0024463613271585877,0.31587452419159423,0.7521965635331256,-0.004030753214161103,0.005576239654594975,0.002152848680473442,0.00032181734083052663,0.5646006827557211,-0.0007973693908623707,0.001441004072523424,-0.0013722523388147569,-2.3767216111185006,0.5253532541668134,0.5146411078614468,-0.00251385097620878,-0.5745418676867425,-0.8261114401713059,0.0012727432202169343,0.0007727432202169342,-0.00022725677978306603,0.9966524542795729,0.07900355422964837,0.0003157131508980213,True,-0.004035348110836302,0.005834927305592581,194,1.0,30,1.0
R6,live_diag,short,48,Q4|L2,funding_x_liqtercile,30741,672,564,0.0024148626096061787,0.0024001133606791113,1.0061452301248364,0.0054102795311091745,0.0008152217752281364,0.0024100416263800354,0.33826045421988304,0.7352730473578535,-0.003916934230625976,0.005547377781082249,0.004074297585459888,0.0004195570981726983,0.7167937660704782,-0.0007297312855762735,0.0015688454819216702,-0.001261259268532236,-2.145146368064785,0.5356689762857422,0.5248365375231775,-0.001712206325564625,-0.3765024278501596,-0.7737786556567733,0.0013152217752281355,0.000815221775228136,-0.00018477822477186385,0.9949578738492567,0.09508565331976049,0.0003556249539004679,True,-0.003915907945982654,0.005427113041537097,194,1.0,30,1.0
R6,live_diag,short,48,Q4|L3,funding_x_liqtercile,17837,672,565,-0.0007331950189593131,0.0026352484495127462,-0.27822614565806114,0.00400160064025612,-0.002214324331424699,0.0026392070965953313,-0.8390112069194018,0.4017627129038963,-0.007396450472376673,0.0029678018095272746,0.0026573835103244504,-0.0012299247940931281,-1.302658936305202,-0.0030837978703473685,0.0006239482821611122,-0.002777918977098807,-2.9381588355914205,0.5211346563516089,0.5121650409238704,-0.004024825021904013,-0.8450401609288363,-0.8756867715741024,-0.0017143243314246986,-0.002214324331424699,-0.0032143243314246995,0.9955151922861307,0.1315003389729233,0.0003568893569095472,True,-0.007162507283763637,0.0029519954906492567,194,1.0,30,1.0
R6,live_diag,short,48,Q5|L1,funding_x_liqtercile,13368,714,397,-0.0028005101140137103,0.0027618613310356525,-1.0139937449225829,0.0006781163970907556,-0.003739623492717668,0.0027614777787539945,-1.3542109668559499,0.17609931164778256,-0.009161249668362747,0.00168200268292741,-0.00022966912737508276,-0.002028051892050541,-2.2454922915392084,-0.003801234381707342,-0.00025486940239373987,-0.0029018824796594213,-3.321331343570536,0.5032166367444644,0.49506283662477557,-0.0020236931845288636,-0.45033618425353383,-0.7288705281478391,-0.003239623492717669,-0.0037396234927176693,-0.004739623492717669,0.9933423099940155,0.09056240910737734,0.0011130000707884515,True,-0.009182406810871123,0.0014432777701775025,194,1.0,30,1.0
R6,live_diag,short,48,Q5|L2,funding_x_liqtercile,16447,729,531,-0.005986236226768425,0.002481385577562717,-2.41245708885286,0.0029239766081871066,-0.006452086118321898,0.0024780937173781935,-2.6036489552736377,0.009412189959358715,-0.011317171238775972,-0.0015870009978678256,0.002329763992255417,-0.006056998200172248,-5.109993404545249,-0.008384059529603404,-0.003729936870741092,-0.006572461719194004,-5.600324096237746,0.517966802456375,0.5117650635374232,-0.003365800250196177,-0.6853185331088546,-0.9154964071449535,-0.005952086118321898,-0.006452086118321898,-0.0074520861183218975,0.9926430352039886,0.11396884579709962,0.001378254481808148,True,-0.011378142257451393,-0.0017778370111018699,194,1.0,30,0.28236569878076145
R6,live_diag,short,48,Q5|L3,funding_x_liqtercile,14995,730,521,-0.002847641680900227,0.002642884103158794,-1.0774750498883796,0.007546536978031315,-0.0034171837453319007,0.0026565682023152143,-1.2863150821250535,0.19874260964015025,-0.008632644587553175,0.0017982770968893729,0.007155082155316917,-0.0030227172648374877,-1.78261169930032,-0.006351692054389878,0.0003062575247149025,-0.003693513108255765,-2.1599873491745063,0.5375791930643548,0.5323107702567522,-0.0018717931978671316,-0.3136026329771254,-0.7953152881488125,-0.002917183745331901,-0.0034171837453319,-0.004417183745331901,0.9923307769256419,0.20921812333800396,0.0014647757479838608,True,-0.008616863076736508,0.0018545780904798922,194,1.0,30,1.0
R6,live_diag,short,72,Q1|L1,funding_x_liqtercile,9291,730,361,-0.0020513173321549524,0.0027642130390150314,-0.7420981318016993,0.000779423226812126,-0.006205625126533796,0.002796541951053479,-2.2190352353541805,0.026792750225510236,-0.011695899582009322,-0.0007153506710582697,-0.0017121921052631424,-0.002840013069405375,-2.3042212652276906,-0.00525973739467799,-0.00042028874413275975,-0.006985730419661382,-5.429883975570824,0.5083414056613927,0.48358626627919493,-0.004931835015255016,-0.7754099156218108,-0.8082226770460563,-0.005705625126533798,-0.0062056251265337975,-0.007205625126533797,0.9935421375524701,0.07497238287059887,-0.0021170292232694237,True,,,194,1.0,30,0.803782506765307
R6,live_diag,short,72,Q1|L2,funding_x_liqtercile,19136,730,521,0.0027533083896327097,0.0025988854422449837,1.059418912768364,0.009077803674501561,-0.0030194129084302277,0.0026340042847536414,-1.1463204239672047,0.2520402715664569,-0.008190587413696732,0.002151761596836277,0.0051993544311854396,0.00165113321592246,1.9488622515218008,-1.2167225294925504e-05,0.0033144336571398455,-0.004241843027299486,-4.68967588200411,0.5504232417180479,0.5244539659316543,-0.002394069077535584,-0.3529549524969889,-0.7689601675170812,-0.0025194129084302264,-0.003019412908430227,-0.004019412908430229,0.9906468805517818,0.09192516867854492,-0.003651929003639432,True,,,194,1.0,30,1.0
R6,live_diag,short,72,Q1|L3,funding_x_liqtercile,28090,730,586,0.010285376645968226,0.0024564992774281976,4.1870057689316225,0.017282262693038786,0.0011120505803009614,0.002480162994868352,0.44837802297747353,0.6540141831371911,-0.0037570970221556532,0.0059811981827575765,0.011557905768628751,0.007409819981071742,8.304587766287028,0.005658121675179587,0.009161518286963896,-0.001859938385991633,-2.045837932384016,0.5896550496600335,0.555302410024563,-0.0011060554579363615,-0.1696952808834137,-0.6911870977915306,0.0016120505803009612,0.0011120505803009606,0.0001120505803009609,0.9926666903990602,0.12744888411425254,-0.00704739978339609,True,,,194,1.0,30,1.0
R6,live_diag,short,72,Q2|L1,funding_x_liqtercile,12663,686,379,-0.005624112599713593,0.003182040387886048,-1.7674548133092387,0.00016302217101527017,-0.008065608037729292,0.003202555893617403,-2.5184909508695243,0.012013606389070262,-0.014353661489333565,-0.001777554586125019,-0.001540576303041497,-0.0026258932333137596,-2.709537467801197,-0.004528714639513811,-0.0007230718271137081,-0.005141853796407478,-5.1292344229169435,0.5022506515043829,0.4851930822080076,-0.005657271473764493,-0.8530782451382943,-0.8584940647662769,-0.007565608037729292,-0.00806560803772929,-0.009065608037729291,0.9927347390033957,0.07427227354679082,-0.00037149279373161,True,,,194,1.0,30,0.36040819167210786
R6,live_diag,short,72,Q2|L2,funding_x_liqtercile,19707,686,526,-0.0007623052365352619,0.002900533063165177,-0.26281556525454813,0.004008100582229446,-0.0030888731762585496,0.0029095112965095682,-1.0616467377061416,0.2887718833059902,-0.008801548663659198,0.0026238023111420984,0.0020822337875457658,0.0008005461271619995,1.1078232463198943,-0.0006182892613722495,0.0022193815156962486,-0.001575442079817942,-2.1543742339118888,0.5229106408890242,0.507992084031055,-0.0021783356003272983,-0.32511405739410143,-0.783702524977249,-0.0025888731762585505,-0.0030888731762585505,-0.004088873176258551,0.9951793778860304,0.08581112691791831,-0.00038421150061186996,True,,,194,1.0,30,1.0
R6,live_diag,short,72,Q2|L3,funding_x_liqtercile,22180,688,563,0.0014587285669898588,0.002751536391086598,0.5301505630509935,0.007247149181751067,-0.0009076000840618885,0.00275697676362778,-0.3292012091054474,0.7421043838946484,-0.006320753738635229,0.004505553570511452,0.005182733704981639,0.0015320972239551572,1.8393600638161611,-0.00010333842532820768,0.003167532873238522,-0.000892302805426359,-1.0680027790125801,0.5408683107163789,0.5279293088679501,-0.0015551661438715178,-0.23036433790965954,-0.7507337561238182,-0.0004076000840618876,-0.0009076000840618881,-0.001907600084061888,0.9953563860962085,0.09629062691918502,-0.00036426047694537603,True,,,194,1.0,30,1.0
R6,live_diag,short,72,Q3|L1,funding_x_liqtercile,18077,683,385,0.010606852550847229,0.0035275327498145515,3.0068757126081533,0.013088376560999038,0.008918356750607051,0.003541826936395325,2.518010312407771,0.012030868462573204,0.0019641074677473743,0.015872606033466727,0.01187926990901733,0.0018277797165319235,2.7084392228114598,0.0005027541270587598,0.0031528053060050874,3.7768935322983826e-05,0.054671691465898224,0.5732145820656083,0.5627593074072025,0.0005167324522899129,0.07451237978697516,-0.6347714952704333,0.009418356750607048,0.00891835675060705,0.007918356750607048,0.9952978923493943,0.0762041538079424,0.0001942819692085246,True,,,194,1.0,30,0.3609260538771961
R6,live_diag,short,72,Q3|L2,funding_x_liqtercile,23050,690,541,0.011533032642816703,0.0032761497557754864,3.5203008111839984,0.01421084643474918,0.009783445010060373,0.003296471184046885,2.9678539455788018,0.003103297747723,0.0033110608185469605,0.016255829201573785,0.012710408782234938,0.003226565518496835,4.7865515754575165,0.0019030488716084534,0.004550082165385216,0.0013468209619995634,1.982890825843489,0.5813449023861171,0.5686767895878525,0.0020197499581989494,0.2865521850745302,-0.670297999169311,0.010283445010060375,0.009783445010060373,0.008783445010060374,0.9934924078091106,0.08763481252116802,0.000194927372052396,True,,,194,0.602039763058262,30,0.09309893243169
R6,live_diag,short,72,Q3|L3,funding_x_liqtercile,18317,692,567,0.010764454266804729,0.003326948721237298,3.235533568068164,0.015081692501047295,0.00885701569420856,0.003347670654100943,2.645724926183701,0.008337832372737969,0.002284138793748795,0.015429892594668326,0.013496545700713571,0.0036096634916075797,4.068382250759701,0.0018676383573532614,0.005351688625861898,0.0015639726423101303,1.7585170334006555,0.5738931047660644,0.5621553747884479,0.003655834764072114,0.5062530367124277,-0.6175893263078949,0.00935701569420856,0.00885701569420856,0.00785701569420856,0.992902767920511,0.10432974566680946,9.285562984548987e-05,True,,,194,1.0,30,0.25013497118213907
R6,live_diag,short,72,Q4|L1,funding_x_liqtercile,28379,670,428,0.0026628670404429317,0.0027493986325464272,0.9685270840397007,0.0068728522336770626,0.0010702030621527342,0.0027629336776421225,0.3873430154378666,0.6986260331110105,-0.004354906526713771,0.006495312651019239,0.005643942870776612,0.0007433421619935522,1.0959930808588485,-0.0005883856322610338,0.002075069956248138,-0.0008887046316579461,-1.2891699714626539,0.5418090841819655,0.5321540575777864,-0.0032004120934720185,-0.4972239372391843,-0.7993658663850329,0.0015702030621527327,0.0010702030621527314,7.020306215273124e-05,0.9942563162902146,0.07900355422964837,0.00041706279522254965,True,,,194,1.0,30,1.0
R6,live_diag,short,72,Q4|L2,funding_x_liqtercile,30741,672,564,0.001964431712251528,0.002706548876784815,0.725806849121133,0.008241758241758323,0.0005070157124010421,0.0027228249842631623,0.18620943884803093,0.8523370544980836,-0.004839310018904561,0.005853341443706646,0.0070822913433368235,-6.593675678239325e-05,-0.09000934690750469,-0.0015043117863525433,0.001372438272787757,-0.0016280131257156727,-2.2024871471402063,0.5451026316645522,0.535701506131876,-0.0027712070434034734,-0.4167119941050737,-0.7522498560286355,0.0010070157124010405,0.0005070157124010398,-0.0004929842875989607,0.9925831950814873,0.09508565331976049,0.0004767512873201444,True,,,194,1.0,30,1.0
R6,live_diag,short,72,Q4|L3,funding_x_liqtercile,17837,672,565,-0.0013665522878893981,0.002978339282215513,-0.45883029379811074,0.007518796992481258,-0.0027402682534771712,0.002988359822470273,-0.9169806905019819,0.3594836926228378,-0.008607977381170598,0.0031274408742162545,0.006465283436487173,-0.0013649346136293144,-1.262445789112125,-0.0034878430991476996,0.0007579738718890708,-0.0028212764317702235,-2.605736991225163,0.5369996636394214,0.5287588294651867,-0.004708936235254684,-0.6759645481645014,-0.8193518700062064,-0.002240268253477173,-0.002740268253477174,-0.003740268253477174,0.9929924879470793,0.1315003389729233,0.0004274362225483892,True,,,194,1.0,30,1.0
R6,live_diag,short,72,Q5|L1,funding_x_liqtercile,13368,714,397,-0.003966039236836197,0.0032490191418894014,-1.220688171916964,0.0031791693298115486,-0.004628017488456019,0.003251754806170479,-1.4232369180093054,0.1551067391934161,-0.011012222876429004,0.0017561878995169672,0.002843507299865643,-0.003363569035495723,-3.022180893047791,-0.005548641426146061,-0.0011784966448453852,-0.003920606067015175,-3.6362562010092816,0.5144374625972472,0.5104727707959306,-0.0027134607764405455,-0.4012156038376397,-0.6997679727677821,-0.004128017488456019,-0.004628017488456019,-0.00562801748845602,0.9913225613405147,0.09056240910737734,0.0015634873528523826,True,,,194,1.0,30,1.0
R6,live_diag,short,72,Q5|L2,funding_x_liqtercile,16446,729,531,-0.008151622035410555,0.0030808628082602692,-2.6458893312466873,0.005012534826717874,-0.00800161366575325,0.0030927645932063656,-2.5872042389937375,0.009869364558496803,-0.01407345733898062,-0.0019297699925258805,0.005307174149377593,-0.008755418436823462,-5.581563204580482,-0.011835000516942548,-0.005675836356704376,-0.008661853195864325,-5.540872046177197,0.5236821304797228,0.5204596582963459,-0.004649116492999932,-0.6092906806551583,-0.885726261475487,-0.007501613665753252,-0.00800161366575325,-0.009001613665753251,0.9894205630206117,0.11396884579709962,0.001957813870214449,True,,,194,1.0,30,0.2960809367549041
R6,live_diag,short,72,Q5|L3,funding_x_liqtercile,14995,730,521,-0.005809427990213403,0.0033611081270369996,-1.7284263911303357,0.011363636363636465,-0.005819728542460872,0.003399932758320496,-1.7117187180300915,0.08737560217595339,-0.01249460211848916,0.0008551450335674169,0.01178718778300747,-0.0065657738119062345,-2.776267524001109,-0.011208727338772775,-0.0019228202850396928,-0.006722354534223779,-2.789630005582732,0.545781927309103,0.541780593531177,-0.00408264736280891,-0.4227639528402812,-0.8590288764312575,-0.005319728542460867,-0.005819728542460869,-0.006819728542460869,0.98972990996999,0.20921812333800396,0.0020129399568762046,True,,,194,1.0,30,1.0
