run,universe,direction,horizon_h,bucket,bucket_type,n_obs,n_days,n_symbols,mean_ret_gross,se_gross,t_stat_gross,median_ret_gross,mean_ret_net,se_net,t_stat_clustered,p_value_raw,ci_lo_net,ci_hi_net,median_ret_net,mean_ret_neutral,t_stat_neutral,ci_lo_neutral,ci_hi_neutral,mean_ret_neutral_net,t_stat_neutral_net,hit_rate_gross,hit_rate_net,mean_ret_net_dayeq,sharpe_daily_ann,max_dd,mean_net_slip5bp,mean_net_slip10bp,mean_net_slip20bp,funding_cov,mean_stop_pct_1atr,mean_funding_paid,reliable,boot_ci_lo_net,boot_ci_hi_net,n_tests_bonferroni,p_value_bonferroni,n_tests_family,p_value_bonferroni_family
R7,exec,long,24,Q1|M1,funding_x_momentum,13716,730,661,-0.001547930036605881,0.0016515680857744843,-0.937248697125312,-0.00498065833640654,-0.0011622484841107242,0.001652979795650425,-0.7031232245965809,0.482203748593671,-0.004407424588520616,0.002082927620299167,-0.005662127869637499,-0.0011148761164027582,-1.284402657527317,-0.002818976399020943,0.0005892241662154268,-0.0007012689327179344,-0.8044797408795387,0.44710942625938616,0.4391630823066268,-0.0015603993281534795,-0.6685616967262572,-0.8870888400600063,-0.0006622484841107244,-0.0011622484841107253,-0.0021622484841107253,0.9954071589997813,0.13812667014993954,-0.0024614040361798746,True,,,194,1.0,50,1.0
R7,exec,long,24,Q1|M2,funding_x_momentum,10296,726,586,-0.0020428877271587978,0.0015330183384866633,-1.3325918391657714,-0.0023407133218916742,-0.003072504182250319,0.0015325737834928524,-2.0048001703695126,0.04535627145519321,-0.00608132352265209,-6.368484184854925e-05,-0.0036517552648257217,-0.000883421652943386,-1.8584713220048377,-0.001816645639002982,4.980233311621012e-05,-0.0018971235189744473,-3.97126403347392,0.46814296814296813,0.45376845376845376,-0.0024199337779350965,-1.1275218154758178,-0.9377044820143232,-0.002572504182250319,-0.00307250418225032,-0.00407250418225032,0.9977661227661228,0.09627260625406225,-0.001013674287939258,True,,,194,1.0,50,1.0
R7,exec,long,24,Q1|M3,funding_x_momentum,9795,724,580,-0.0010681987680735189,0.001677578522091972,-0.636750383965011,-0.0019767186470458498,-0.0021393152348330928,0.0016884185647758402,-1.2670526606754737,0.20554500817279506,-0.0054541115931885705,0.001175481123522385,-0.0033265852276295176,-4.6228551126743945e-05,-0.07875009157867875,-0.0011987126456718415,0.0011062555434183535,-0.0011010835307711932,-1.8050031644654145,0.4754466564573762,0.46003062787136295,-0.001873304388183739,-0.8236332588582481,-0.915545666344237,-0.001639315234833097,-0.002139315234833097,-0.003139315234833097,0.9973455844818785,0.08810783788030777,-0.000907477818609888,True,,,194,1.0,50,1.0
R7,exec,long,24,Q1|M4,funding_x_momentum,9437,729,581,-0.0013958140420001438,0.0014689181540840977,-0.9502326852720151,-0.0024154589371979673,-0.0024218509301263936,0.0014729731922959427,-1.6441921297640338,0.10056884616677186,-0.005313639666950859,0.0004699378066980722,-0.0038319990116135027,-0.0008012141668664665,-1.5904007143291874,-0.0017902517201289704,0.0001878233863960376,-0.0018152548965778652,-3.461991964525578,0.46836918512239056,0.45162657624244995,-0.002364001473902914,-1.1287885225125485,-0.9260109866456802,-0.001921850930126397,-0.0024218509301263975,-0.0034218509301263975,0.9976687506622868,0.09018999339508826,-0.0009898993913967076,True,,,194,1.0,50,1.0
R7,exec,long,24,Q1|M5,funding_x_momentum,13474,730,657,-0.003374167447179657,0.0016866600275468346,-2.00050240835269,-0.011132728785416879,-0.00159181408755245,0.0017019661857807656,-0.9352795025256133,0.34995440436878045,-0.004933161641311322,0.0017495334662064213,-0.011348347773692277,-0.0027010498957233836,-2.5762779035005727,-0.004759354428126982,-0.000642745363319785,-0.0009222845150354528,-0.8593934536374681,0.4095294641531839,0.405076443520855,-0.0011246345913714356,-0.44537243459555015,-0.8202924389828721,-0.0010918140875524503,-0.001591814087552451,-0.002591814087552451,0.9978477066943744,0.10675107807677862,-0.0036801478438081075,True,,,194,1.0,50,1.0
R7,exec,long,24,Q2|M1,funding_x_momentum,9419,684,652,0.0026759419922840312,0.0018967452425537365,1.410807277777168,-0.0003963928252900262,0.0007579232378789186,0.0019002396117319112,0.39885666691693383,0.6901236711731559,-0.002973099309842925,0.004488945785600763,-0.0024306912868324888,0.0006862554673415806,0.951621297325708,-0.0007296688506183853,0.0021021797853015465,-0.0012165905099233325,-1.675825818943432,0.48497717379764305,0.4638496655695934,-0.0018784070552791904,-0.7636149711940436,-0.9204606533648045,0.0012579232378789158,0.0007579232378789148,-0.00024207676212108437,0.9977704639558339,0.10680781389181757,-8.752285592679424e-05,True,,,194,1.0,50,1.0
R7,exec,long,24,Q2|M2,funding_x_momentum,11765,683,604,0.0009727340759784658,0.0017596917125538322,0.5527866438415746,-0.00038850038850035684,-0.0009912463261918837,0.0017585690922567664,-0.5636664095579096,0.5731667404617085,-0.004444115123818067,0.0024616224714342997,-0.002465680854029775,-2.0678902296346472e-05,-0.04366207203456938,-0.000950592602404446,0.000909234797811753,-0.00197931858430474,-4.170264469679309,0.489332766680833,0.46833829154271145,-0.0013731584620230832,-0.6062385262945459,-0.9163661908371808,-0.0004912463261918838,-0.0009912463261918846,-0.0019912463261918846,0.9990650233744156,0.08548185814551564,-3.293030372639055e-05,True,,,194,1.0,50,1.0
R7,exec,long,24,Q2|M3,funding_x_momentum,12601,685,574,0.0015046590067542794,0.0016435299042426403,0.9155044899822773,8.101863428588985e-05,-0.0004473743324614886,0.0016437933542747098,-0.2721597159996327,0.785581467257501,-0.003674869468959943,0.002780120804036966,-0.0018934033333334165,0.00017424981420811553,0.3892818886867529,-0.0007046216710495045,0.0010531212994657356,-0.0017725200201399542,-3.926104884787536,0.5001983969526228,0.4763907626378859,-0.0017206976734481835,-0.7917831874806905,-0.9245985019509443,5.262566753851055e-05,-0.00044737433246149004,-0.0014473743324614897,0.998730259503214,0.08050105339253587,-4.04964100119191e-05,True,,,194,1.0,50,1.0
R7,exec,long,24,Q2|M4,funding_x_momentum,11729,684,600,0.0005092872499761525,0.0016082450504363974,0.31667266741343764,-0.0009535918626828455,-0.0014290208520150052,0.0016104092751292216,-0.8873650158903478,0.3751952308299235,-0.004590976470386359,0.0017329347663563486,-0.002989970501475035,-0.0003776576971787339,-0.8582896429259402,-0.0012415962308133786,0.0004862808364559107,-0.0023118507654053965,-5.21300242384676,0.4824381926683717,0.4620630861040068,-0.0022991836612686403,-1.0708719757412337,-0.9374732362044125,-0.0009290208520150054,-0.0014290208520150057,-0.0024290208520150055,0.9979539641943734,0.07984074860067011,-4.1675646676917503e-05,True,,,194,1.0,50,1.0
R7,exec,long,24,Q2|M5,funding_x_momentum,9257,684,644,-0.0008748888510970402,0.0017720082781724962,-0.49372729341836297,-0.0046921921921921905,-0.0026974126955243726,0.0017761751982621652,-1.5186636420571344,0.1293105968313926,-0.006184841161127476,0.0007900157700787302,-0.006684188541043494,-0.0013061603269166582,-1.6778607666217369,-0.002834637459180101,0.00022231680534678467,-0.0031056083801674354,-3.9900706107002275,0.4419358323430917,0.42162687695797774,-0.0027839398861131777,-1.1816420254583782,-0.9420140374921112,-0.002197412695524373,-0.002697412695524374,-0.003697412695524374,0.9963271038133305,0.08700916703414252,-0.0001093643868589412,True,,,194,1.0,50,1.0
R7,exec,long,24,Q3|M1,funding_x_momentum,10178,674,631,-0.0034438112584399736,0.001974577684606642,-1.7440748395401922,-0.004580736130014584,-0.005588754452316738,0.001978770862742844,-2.8243565526177035,0.0048779970698626055,-0.009474071850055249,-0.0017034370545782268,-0.0067509193276788625,-9.915249136836397e-06,-0.012990116195302112,-0.001508634986967994,0.001488804488694321,-0.0021273612289194393,-2.7788074497684403,0.4363332678325801,0.41668304185498134,-0.0031013504489645106,-1.2771246479236025,-0.9707484131125584,-0.005088754452316739,-0.005588754452316739,-0.006588754452316738,0.9982314796620161,0.10652813087914066,0.000120076019685037,True,,,194,0.9463314315533454,50,0.2438998534931303
R7,exec,long,24,Q3|M2,funding_x_momentum,13193,685,572,-0.0029053896004771753,0.0018962445627870976,-1.5321808470774665,-0.003064351378958219,-0.0050492702237476044,0.0018987079212914341,-2.659319091223504,0.008013423134694494,-0.008777275672646065,-0.0013212647748491449,-0.005295975232198073,-0.0002607469784559318,-0.5738962979724818,-0.0011528255560831085,0.0006313315991712449,-0.0023899097508524284,-5.23906396757426,0.46115364208292275,0.4414462214810885,-0.0032336045274564736,-1.4157419211438864,-0.9670806976745613,-0.004549270223747605,-0.0050492702237476044,-0.006049270223747605,0.9984840445690897,0.08683322362135625,0.00013761190313519791,True,,,194,1.0,50,0.4006711567347247
R7,exec,long,24,Q3|M3,funding_x_momentum,13894,681,570,-0.0033533271463780105,0.0018170931661408087,-1.8454349005669846,-0.0032530948620703715,-0.0055027131047308405,0.0018193091954209933,-3.02461677134408,0.0025834312760898643,-0.009074861008838456,-0.001930565200623225,-0.005468723658888577,-0.000559601045736228,-1.2558962687518496,-0.0014344770895514155,0.0003152749980789595,-0.0026945689331668837,-6.028840284255332,0.4557362890456312,0.4362314668202102,-0.0034420795399058854,-1.518284004327634,-0.9597910290497114,-0.005002713104730842,-0.005502713104730843,-0.006502713104730842,0.9985605297250612,0.08166691052130323,0.0001383841004757079,True,,,194,0.5011856675614337,50,0.1291715638044932
R7,exec,long,24,Q3|M4,funding_x_momentum,12979,681,589,-0.003362383405213735,0.0018782090613778052,-1.7902072108773548,-0.004149377593361092,-0.005543874987436263,0.0018863422245853554,-2.938955039642865,0.0034049769961115688,-0.009247639823530007,-0.00184011015134252,-0.006414240045738961,-0.0004011075891836874,-0.8666888969546206,-0.0013098052784737057,0.0005075901001063308,-0.0026004706381466372,-5.618822673148884,0.45088219431389165,0.42614993450959243,-0.002529785375879796,-1.1799353986441135,-0.9087302158002118,-0.005043874987436262,-0.005543874987436264,-0.006543874987436264,0.9951460050851375,0.08198894837219295,0.00013824081294518188,True,,,194,0.6605655372456444,50,0.17024884980557844
R7,exec,long,24,Q3|M5,funding_x_momentum,9945,679,619,-0.006015143209175417,0.0019374922969895077,-3.1046023865600905,-0.007577258320126901,-0.008150841648045207,0.001941591873754937,-4.198020067050397,3.0521274939250973e-05,-0.011963107285337095,-0.004338576010753319,-0.009778705965047122,-0.0018368224995374662,-2.503518302594038,-0.0032774127836401896,-0.0003962322154347426,-0.003944005772113754,-5.358158342615691,0.408446455505279,0.38994469582704877,-0.005333499129084561,-2.11125302148879,-0.9887439243489062,-0.007650841648045203,-0.008150841648045203,-0.0091508416480452,0.9973856209150327,0.08915792022107631,9.100322209899933e-05,True,,,194,0.005921127338214689,50,0.0015260637469625487
R7,exec,long,24,Q4|M1,funding_x_momentum,15733,671,631,0.0006517794844663813,0.0017870839460838335,0.3647167699618548,-0.00010465724751429484,-0.001586843810085505,0.0017907805043372936,-0.8861185423016102,0.3758720575801225,-0.005103070511735798,0.0019293828915647882,-0.0024516491213784682,0.0012072731449519637,1.7640836849520722,-0.00013648061286461932,0.0025510269027685466,-0.001010976775477203,-1.471673881455452,0.46240386448865445,0.44447975592703237,-0.002099954260919633,-0.899567791510953,-0.9095065650817984,-0.0010868438100855064,-0.0015868438100855068,-0.002586843810085507,0.997266891247696,0.11925038625574795,0.00022742224856595744,True,,,194,1.0,50,1.0
R7,exec,long,24,Q4|M2,funding_x_momentum,16150,671,627,-0.001097035580653587,0.0017991026035014941,-0.6097682136185492,-0.0011002673266757301,-0.0033182697310328475,0.0017998067469209445,-1.843681126715212,0.06567169866930714,-0.006852219607081865,0.00021568014501617072,-0.0033917030567686534,-0.0006652346370445251,-1.5064418495155916,-0.001532307944367923,0.00020183867027887264,-0.0028780682972295094,-6.499420979245928,0.4673684210526316,0.4498452012383901,-0.002550688747485098,-1.1436658900640146,-0.9515288294143994,-0.002818269731032849,-0.0033182697310328497,-0.004318269731032848,0.9988235294117647,0.0903306992157798,0.00020592603000433346,True,,,194,1.0,50,1.0
R7,exec,long,24,Q4|M3,funding_x_momentum,16528,669,623,7.983915865434444e-05,0.0017384586691142978,0.04592525555699322,0.0,-0.002129782986721439,0.001739737011991643,-1.2241982391828712,0.22130967655206418,-0.0055458035234602545,0.0012862375500173767,-0.0023000000000000086,-0.0002185630950852378,-0.5608967163257419,-0.0009836832154622723,0.0005465570252917967,-0.0024212056745254286,-6.184030938935566,0.4874757986447241,0.465513068731849,-0.0019432758613140368,-0.85500565530968,-0.9391289143242969,-0.0016297829867214404,-0.0021297829867214404,-0.003129782986721441,0.9989109390125847,0.08549616611475279,0.0002028635820714674,True,,,194,1.0,50,1.0
R7,exec,long,24,Q4|M4,funding_x_momentum,15500,667,632,0.0009381059212202864,0.001912322610786364,0.49055840051722704,-0.0006319614542950602,-0.0012966004169693642,0.0019176256453685351,-0.6761488719661859,0.4991812112260129,-0.005061930667847856,0.002468729833909128,-0.002943941189584,0.0009232193494803583,1.893316950070622,-3.4238426425410194e-05,0.0018806771253861267,-0.0012907197239111806,-2.626237463620859,0.48070967741935483,0.45838709677419354,-0.001503223089949061,-0.6615671682023229,-0.8787448238921658,-0.0007966004169693649,-0.0012966004169693648,-0.002296600416969365,0.9969032258064516,0.08659533300106823,0.00019581324488738907,True,,,194,1.0,50,1.0
R7,exec,long,24,Q4|M5,funding_x_momentum,14820,670,632,-0.000523246805918326,0.001695718430497507,-0.30856939248151627,-0.003926587603541198,-0.002740767509142323,0.0016995871088895608,-1.6126078474042005,0.10730203847311899,-0.006077943547032439,0.0005964085287477926,-0.006157598664932982,-0.0004696856986834444,-0.5715098306048233,-0.002083368392608229,0.0011439969952413403,-0.002672225609844173,-3.2388363435680154,0.4256410256410256,0.4064777327935223,-0.0021120563247554727,-0.8758403015516194,-0.9086393902745044,-0.0022407675091423254,-0.002740767509142325,-0.003740767509142325,0.9977058029689608,0.0972150723693683,0.00019080280265114862,True,,,194,1.0,50,1.0
R7,exec,long,24,Q5|M1,funding_x_momentum,12395,726,609,0.0015655015580382818,0.0019602778253692324,0.7986120833374261,0.0,-0.0010006652610324706,0.0019629098025188856,-0.5097866747358316,0.6103562800997749,-0.004854340066706573,0.0028530095446416322,-0.0023499999999999615,0.0034578643753059835,3.1418354573198988,0.0012971456507116516,0.005618583099900315,0.0009171710662550537,0.8367351718075147,0.45962081484469547,0.43929003630496166,-0.00029618394771331873,-0.10755112663360619,-0.8555766183217263,-0.0005006652610324713,-0.001000665261032472,-0.002000665261032472,0.9922549415086729,0.18090633367678585,0.0007829176827384264,True,,,194,1.0,50,1.0
R7,exec,long,24,Q5|M2,funding_x_momentum,7365,703,610,-0.0005997812452548185,0.002040094522577328,-0.2939967921177948,0.0,-0.003357739741672009,0.002035770040475174,-1.6493708399836118,0.09951969134421282,-0.0073546767090816815,0.0006391972257376627,-0.002349999999999998,-0.00032525614379926953,-0.3388389742230895,-0.00220990159715155,0.0015593893095530106,-0.0031004092071468927,-3.2931244596749747,0.4526201466196036,0.4319847950040728,-0.004303332777359146,-1.5748608605759493,-0.9939462236212009,-0.002857739741672012,-0.0033577397416720126,-0.004357739741672013,0.9956557154493619,0.10755935653017076,0.0005909714071448001,True,,,194,1.0,50,1.0
R7,exec,long,24,Q5|M3,funding_x_momentum,6924,697,604,0.00017507892055305342,0.0018488382873741425,0.09469671942034125,0.0,-0.0024887818487997555,0.0018532532021995232,-1.3429259670756046,0.179734342873427,-0.006127428005828609,0.0011498643082290976,-0.002648728901697652,0.0010346372515538523,1.1109254915672417,-0.000793914074630329,0.0028631885777380336,-0.00161145214837417,-1.7253050635087377,0.4614384748700173,0.4371750433275563,-0.002886858785919115,-1.099961954192076,-0.9771736694024591,-0.001988781848799758,-0.002488781848799758,-0.003488781848799758,0.9971114962449451,0.10155405276444912,0.000575963148899186,True,,,194,1.0,50,1.0
R7,exec,long,24,Q5|M4,funding_x_momentum,7609,708,615,-0.00023510222167666091,0.0017356483827521418,-0.13545498271019019,-0.0008745080891998658,-0.002863399549141997,0.001734221214274849,-1.6511155125843073,0.09915970292805557,-0.006268247759851573,0.0005414486615675797,-0.0034815368870173263,0.0004067066934288093,0.4890378124220513,-0.0012260861422525476,0.002039499529110166,-0.0022221937900523225,-2.683146521900923,0.44000525693257986,0.4192403732422132,-0.0028644243664633796,-1.155851519894886,-0.9630928634846084,-0.002363399549142,-0.002863399549142001,-0.003863399549142001,0.9981600735970562,0.10550918356535585,0.0005624061369321878,True,,,194,1.0,50,1.0
R7,exec,long,24,Q5|M5,funding_x_momentum,12903,725,622,0.002070613218101932,0.0018347940728613967,1.1285262192245755,-0.0019025875190259445,-0.0008145988540116086,0.001837713597786221,-0.4432675771637676,0.6577048097934066,-0.004422491068240449,0.002793293360217231,-0.004731751694817444,0.002110541477881276,1.5298576694135968,-0.0005978883216386198,0.0048189712774011715,-0.0007593617181689252,-0.550090735421728,0.4165697899713245,0.3953344183523212,-0.0031783481125968733,-1.2145226735637689,-0.9678488998773784,-0.00031459885401161075,-0.000814598854011611,-0.001814598854011611,0.995892428117492,0.1324185275413295,0.0008342508879377378,True,,,194,1.0,50,1.0
R7,exec,long,48,Q1|M1,funding_x_momentum,13715,730,661,-0.0034860112033908547,0.0023093861398558054,-1.5094968932343709,-0.009384775808133461,-0.0008040211896309485,0.00232760125981657,-0.3454290919632474,0.7298717326930927,-0.005373643462568858,0.0037656010833069615,-0.008626141072019339,-0.0023465642422779397,-1.995848133378244,-0.004654770894960213,-3.835758959566671e-05,0.00042438052957879545,0.3536481857246421,0.4340599256397171,0.4337683166873223,-0.0009056467090271432,-0.19080008093378034,-0.7508104220472263,-0.00030402118963094844,-0.0008040211896309494,-0.0018040211896309492,0.9920536560472406,0.13812667014993954,-0.004614950878159907,True,-0.005351490429466548,0.0037693179626317286,194,1.0,50,1.0
R7,exec,long,48,Q1|M2,funding_x_momentum,10296,726,586,-0.003003330380869184,0.0022163649755772546,-1.3550703128607975,-0.0034292265999583127,-0.0030768992304603935,0.0022209887093206614,-1.3853736480279233,0.16636548470321888,-0.0074372565145883664,0.0012834580536675798,-0.00428454112509241,-0.001643747040016288,-2.3953280338806624,-0.0029909831145375305,-0.00029651096549504507,-0.0016346486663632374,-2.3316365100325176,0.4668803418803419,0.45784770784770784,-0.0029513197485822322,-0.6788483985544813,-0.8347729644372683,-0.002576899230460394,-0.0030768992304603944,-0.004076899230460395,0.9946581196581197,0.09627260625406225,-0.0020447988204276924,True,-0.007502524785330231,0.0011551143940055047,194,1.0,50,1.0
R7,exec,long,48,Q1|M3,funding_x_momentum,9795,724,580,-0.0014360450953244607,0.002159865681060633,-0.6648770374550653,-0.0033205173016428446,-0.0015338878151458096,0.0021818135064751404,-0.7030334217812703,0.4822618581816736,-0.005817354284815594,0.002749578654523975,-0.004189212517270597,-0.00036796262127643096,-0.49003472378169105,-0.0018421496126553667,0.0011062243701025047,-0.0003781967965882043,-0.4776307740647368,0.471465033180194,0.4622766717713119,-0.0016027683473093135,-0.3596965530707935,-0.7370833711543885,-0.0010338878151458114,-0.001533887815145812,-0.0025338878151458123,0.9941807044410413,0.08810783788030777,-0.0018732019244197973,True,-0.005940237151701125,0.0025276019325680835,194,1.0,50,1.0
R7,exec,long,48,Q1|M4,funding_x_momentum,9437,729,581,-0.002747465980747394,0.0021909086709737163,-1.2540303560560213,-0.004643477765433168,-0.002838373121636121,0.002193289972050061,-1.2941166730375842,0.19603662881653378,-0.007144321009333945,0.0014675747660617034,-0.005581186511627909,-0.0014028010430307514,-1.9495158753211947,-0.002815468784984193,9.86669892268999e-06,-0.0014614735963387753,-1.97901272056129,0.45978594892444635,0.4512027127265021,-0.002654953695493588,-0.6126066938885287,-0.8353553476481059,-0.0023383731216361243,-0.0028383731216361247,-0.0038383731216361243,0.9966090918724171,0.09018999339508826,-0.0019520860956937795,True,-0.007017029670640997,0.001428708857159685,194,1.0,50,1.0
R7,exec,long,48,Q1|M5,funding_x_momentum,13474,730,657,-0.00594686786682094,0.0023800835554716256,-2.498596258584938,-0.01634812185939427,-0.0016113537112340637,0.002430570606378699,-0.6629528502505901,0.5075708853904422,-0.0063831287444421105,0.0031604213219739827,-0.015560591850278006,-0.004904146733830282,-3.386873492799964,-0.007746867571647599,-0.0020614258960129648,-0.0005422695666573783,-0.35769328725096067,0.39906486566721094,0.40351788629953983,-0.0007283756126348955,-0.14611454809419833,-0.735138365612034,-0.0011113537112340624,-0.0016113537112340634,-0.0026113537112340632,0.9964375834941368,0.10675107807677862,-0.006186558694324447,True,-0.006406869445105172,0.003042917698363676,194,1.0,50,1.0
R7,exec,long,48,Q2|M1,funding_x_momentum,9419,684,652,0.003637107971682171,0.0025252110299801103,1.44031842428267,-0.0008732640356067245,0.0018357736846828412,0.0025343049283880056,0.7243696936858033,0.469087581476568,-0.0031402164253625684,0.006811763794728251,-0.0028715915263443897,0.0006340001825750714,0.647404696836829,-0.00128879007655898,0.002556790441709123,-0.0011172534504984653,-1.128429239670373,0.48264146937042146,0.46661004352903707,-0.0011559452456857307,-0.23853995267657266,-0.7868655789126472,0.002335773684682837,0.001835773684682837,0.0008357736846828376,0.9955409279116679,0.10680781389181757,-0.00029554390103444936,True,-0.003157969152397499,0.007272347244769395,194,1.0,50,1.0
R7,exec,long,48,Q2|M2,funding_x_momentum,11765,683,604,0.001549882241319252,0.0024740019004927754,0.6264676842045045,-0.0008382229673093988,-0.00029525040086238056,0.0024781083733309665,-0.11914345798586592,0.9051968898459359,-0.00516091392249054,0.004570413120765778,-0.0028848077794991055,0.0002933373025795621,0.4411538725837643,-0.001012222303957185,0.0015988969091163094,-0.0014976242056747135,-2.2163310354877814,0.48916277093072674,0.47275818104547385,-0.00016795764399575103,-0.036223609618048894,-0.748961237150244,0.00020474959913762073,-0.00029525040086238093,-0.0012952504008623812,0.9967700807479813,0.08548185814551564,-0.00017897230834825574,True,-0.005208975927846829,0.004562392069192384,194,1.0,50,1.0
R7,exec,long,48,Q2|M3,funding_x_momentum,12601,685,574,0.0015862830633245463,0.0023568491878167798,0.6730524258932189,0.0,-0.00024456413098269893,0.002363050973985255,-0.10349507212290249,0.9176004857639736,-0.004884292937245954,0.004395164675280556,-0.0020891000000000087,0.00013777390752271976,0.2266139443092968,-0.0010559326926215186,0.0013314805076669583,-0.0016480370979017626,-2.664622409088931,0.499008015236886,0.4802793429092929,-0.0010889922589219806,-0.2450060287757252,-0.8098947572105687,0.0002554358690173014,-0.0002445641309826994,-0.0012445641309826998,0.996825648758035,0.08050105339253587,-0.00016997304991640802,True,-0.004754529613930492,0.004203910758788267,194,1.0,50,1.0
R7,exec,long,48,Q2|M4,funding_x_momentum,11729,684,600,0.0003275612198027657,0.0024673729619242336,0.1327570759903724,-0.0011241007194244812,-0.001489867948435308,0.0024705937266935513,-0.6030404482687771,0.5466825557948408,-0.006340764070784311,0.003361028173913695,-0.00318330394495339,-0.0006253218336498614,-0.934871635266722,-0.0019386401031959185,0.000687996435896196,-0.002433563258407036,-3.5960406558688516,0.4861892583120205,0.4691389599317988,-0.0015858623296968312,-0.3591318003334726,-0.8235657366625475,-0.0009898679484353077,-0.0014898679484353092,-0.0024898679484353092,0.9973572037510656,0.07984074860067011,-0.0001787279049491396,True,-0.006416950631126036,0.0032706602673622663,194,1.0,50,1.0
R7,exec,long,48,Q2|M5,funding_x_momentum,9257,684,644,-0.001095674984793393,0.0026698714088184265,-0.410384927594057,-0.006618692253020586,-0.0027438332044579664,0.0026787531377474995,-1.0242949101182168,0.30605970655789555,-0.00800344066975344,0.002515774260837508,-0.008410386517016281,-0.0009514232975875984,-0.8777499077065597,-0.0030796670420906013,0.0011768204469154043,-0.002536545875488135,-2.334857430396852,0.4406395160419142,0.4234633250513125,-0.0012343365566286396,-0.2554613702229372,-0.7682857782995921,-0.002243833204457968,-0.0027438332044579694,-0.003743833204457969,0.9943826293615642,0.08700916703414252,-0.00022738480499728768,True,-0.007805017918974567,0.0023574388078602335,194,1.0,50,1.0
R7,exec,long,48,Q3|M1,funding_x_momentum,10178,674,631,-0.00587581942766282,0.0027304078044637684,-2.151993346216203,-0.00768734930777043,-0.008173304810483239,0.0027426588849140186,-2.9800661159287656,0.0029860483708883685,-0.013558531132468996,-0.0027880784884974814,-0.01017092534354133,-0.0013544359604813162,-1.4150352590540265,-0.003233843851690493,0.0005249719307278606,-0.0035527801187291057,-3.6853340370605387,0.4279819217921006,0.4122617410100216,-0.005570641426545072,-1.1589020072183818,-0.9347759102558153,-0.007673304810483237,-0.00817330481048324,-0.009173304810483238,0.9953821968952643,0.10652813087914066,0.00016973586319217766,True,-0.013290417264190927,-0.0029645175352515556,194,0.5792933839523435,50,0.14930241854441842
R7,exec,long,48,Q3|M2,funding_x_momentum,13193,685,572,-0.005728021089277859,0.0025998311563969175,-2.2032281116348615,-0.006085192697768749,-0.007959798095717377,0.0026089923378873467,-3.050908958269648,0.0023700088222980225,-0.013082420095276312,-0.0028371760961584417,-0.008416853899198105,-0.0011972605772592644,-1.8572774086779555,-0.0024629558424886667,6.843468797013792e-05,-0.0033513895677703244,-5.169217106059531,0.4456908966876374,0.42765102705980446,-0.004420007735645446,-0.9278588179545264,-0.9169379502095716,-0.007459798095717377,-0.007959798095717379,-0.008959798095717378,0.9962859091942697,0.08683322362135625,0.0001729911396835003,True,-0.01288581156386438,-0.0030918809030694465,194,0.4597817115258164,50,0.11850044111490113
R7,exec,long,48,Q3|M3,funding_x_momentum,13894,681,570,-0.006277425123945753,0.0025591215888683396,-2.452960871906704,-0.006521036562029514,-0.008517900151812289,0.002569479977688078,-3.315028809633448,0.0009651377631255942,-0.013562994583027852,-0.0034728057205967253,-0.008845031285009379,-0.0016939672047528438,-2.7742545920183224,-0.0028928603083373866,-0.0004950741011683008,-0.0038490332090213293,-6.253330856620859,0.4422052684612063,0.42356412840074853,-0.0055526118282269365,-1.220399676742766,-0.9211963847457203,-0.008017900151812288,-0.00851790015181229,-0.009517900151812288,0.9959694832301713,0.08166691052130323,0.0001960986472033493,True,-0.013427917608928116,-0.003278003423953116,194,0.18723672604636526,50,0.04825688815627971
R7,exec,long,48,Q3|M4,funding_x_momentum,12979,681,589,-0.006878287098743075,0.0026660014941482543,-2.580001216743721,-0.009013785790031759,-0.009086087698453546,0.0026785978100398594,-3.3921059982940625,0.0007338732918206993,-0.014345431617162535,-0.0038267437797445585,-0.011484213204112647,-0.00088369427106658,-1.3468081008513024,-0.0021719975050891824,0.0004046089629560223,-0.0031551097573993153,-4.867425788339106,0.42869250327452035,0.4118190923799985,-0.0026531534019608393,-0.5807702424456791,-0.8523810151856682,-0.008586087698453548,-0.009086087698453548,-0.010086087698453547,0.9946837198551506,0.08198894837219295,0.0001763852695584769,True,-0.014418248585130586,-0.003984425938073449,194,0.14237141861321567,50,0.036693664591034965
R7,exec,long,48,Q3|M5,funding_x_momentum,9945,679,619,-0.009873522410425965,0.002761727231513691,-3.575125847969544,-0.01177730192719495,-0.012071029274986494,0.002772127200389825,-4.354428351371838,1.540933720094182e-05,-0.017514044055368293,-0.006628014494604696,-0.01416311692357815,-0.002603136653497042,-2.6547439467095226,-0.004528436560139681,-0.0006778367468544019,-0.004703722255721898,-4.771388613398646,0.39557566616390144,0.38009049773755654,-0.004615857453982551,-0.7298203211177988,-0.89877163486844,-0.011571029274986497,-0.012071029274986498,-0.013071029274986502,0.9952740070387129,0.08915792022107631,0.00013973324914123475,True,-0.017436406050005265,-0.00659585231009249,194,0.0029894114169827127,50,0.000770466860047091
R7,exec,long,48,Q4|M1,funding_x_momentum,15732,671,631,-1.757725293651159e-05,0.0024127016034446508,-0.007285299148231294,-0.0012666859196509561,-0.0024203727596764633,0.002423940446296647,-0.998528145926343,0.3183848860632097,-0.0071798322380076055,0.0023390867186546794,-0.003901404793741679,0.002225087127837793,2.250484803261033,0.0002837351980427697,0.004166439057632816,-0.0001155594179730589,-0.11583013370323837,0.457128328990021,0.43831437106718363,-0.000989042594129467,-0.2155519669710006,-0.7597412713434765,-0.0019203727596764624,-0.002420372759676464,-0.0034203727596764646,0.9949151465073413,0.11925038625574795,0.0003684328703762699,True,-0.006996462554859087,0.002289252521391489,194,1.0,50,1.0
R7,exec,long,48,Q4|M2,funding_x_momentum,16150,671,627,-0.0027612383807450224,0.0024576102213157095,-1.12354610051498,-0.0017918005460481057,-0.005235357319176738,0.0024626611627259175,-2.125894296144958,0.03387823576622843,-0.010070845761461441,-0.0003998688768920358,-0.004393010371660745,-0.0008847337821457565,-1.3617396037661236,-0.002160443539225769,0.00039097597493425594,-0.0032909241764504586,-5.04430711682979,0.4679876160990712,0.44897832817337463,-0.0019915111250872527,-0.44371445881548033,-0.843280017750398,-0.004735357319176736,-0.005235357319176738,-0.006235357319176738,0.9964705882352941,0.0903306992157798,0.00035447766668736787,True,-0.010104656414593658,-0.00042138566879262315,194,1.0,50,1.0
R7,exec,long,48,Q4|M3,funding_x_momentum,16528,669,623,-0.0016028280604327761,0.002486437634762709,-0.6446282979406964,-0.0019718715088867245,-0.004033857818126715,0.0024908077544825084,-1.6194978560136977,0.10581358166640185,-0.008924639360301832,0.000856923724048401,-0.004515708812260459,-0.00021631458506792168,-0.3368097901403151,-0.0014773775871247579,0.0010447484169889146,-0.002588232717953102,-4.010393745752005,0.47265246853823817,0.45419893514036785,-0.001559207536262951,-0.34500907084608473,-0.8295838491599266,-0.003533857818126714,-0.004033857818126716,-0.005033857818126716,0.9966723136495643,0.08549616611475279,0.00033290171796271806,True,-0.008964692582930959,0.0010587950839532141,194,1.0,50,1.0
R7,exec,long,48,Q4|M4,funding_x_momentum,15500,667,632,-0.0004898168886691207,0.0026970167085256817,-0.18161433228082524,-0.0023110854965794903,-0.00284581541027052,0.0027054733704471403,-1.0518733768945525,0.29324029249910316,-0.008158128959154812,0.002466498138613771,-0.004842687870170439,0.0011731780107382087,1.586625789044267,-0.00027869108365584003,0.002625047105132257,-0.0011461060308852412,-1.5374821298293533,0.472,0.45541935483870966,5.9813892327472016e-05,0.01246390713284725,-0.7254187667736005,-0.002345815410270519,-0.00284581541027052,-0.0038458154102705196,0.9962580645161291,0.08659533300106823,0.0003320955387903038,True,-0.008100437059919958,0.0025076370976081135,194,1.0,50,1.0
R7,exec,long,48,Q4|M5,funding_x_momentum,14820,670,632,-0.003424135871191596,0.002445236842613608,-1.400328921730005,-0.0069112659894139394,-0.0058199225177181,0.0024581481357419965,-2.36760447146988,0.01818802968926996,-0.01064656266859237,-0.0009932823668438303,-0.00962427971779517,-0.00149866401227171,-1.3675182810960667,-0.0036504825656458635,0.0006531545411024436,-0.0038076572530972496,-3.4531869670711126,0.4176788124156545,0.4012820512820513,-0.0016653855934523232,-0.3506804996557321,-0.8049588440439147,-0.0053199225177181,-0.005819922517718102,-0.006819922517718101,0.9937921727395411,0.0972150723693683,0.0003469684566811363,True,-0.010904901176404053,-0.000816660201234731,194,1.0,50,0.9094014844634979
R7,exec,long,48,Q5|M1,funding_x_momentum,12394,726,609,0.004342992997090664,0.0026992434829905035,1.6089667436296051,0.0,0.0012030684303368576,0.0027020587937051565,0.4452413963528782,0.6562785877101078,-0.004101749957001136,0.006507886817674852,-0.002699999999999996,0.00535389013762975,3.4690045600723995,0.002323920327934653,0.008383859947324846,0.002255442060327961,1.470172184025852,0.45889471561113354,0.43678902783380397,0.00043882230484912615,0.07741159993960196,-0.7627352610294516,0.0017030684303368576,0.0012030684303368565,0.00020306843033685688,0.9879790237999193,0.18090633367678585,0.001494335524252801,True,-0.0038769912854499243,0.006206823792916201,194,1.0,50,1.0
R7,exec,long,48,Q5|M2,funding_x_momentum,7365,703,610,0.0041203878141606795,0.0028022382393698706,1.4703916877128964,0.0,0.0006871017661247258,0.0027891444842964488,0.24634857390618278,0.8054846321498327,-0.0047889893536347174,0.0061631928858841695,-0.002599999999999997,0.002590411286756235,1.604186534683961,-0.0005799690644927285,0.0057607916380051985,-0.0009079971389076752,-0.575000146126314,0.4712191148520228,0.4465109964702688,-0.0027840155955782824,-0.4767849425353901,-0.9543607896048081,0.0011871017661247236,0.0006871017661247223,-0.00031289823387527785,0.9933478142818355,0.10755935653017076,0.0010857908377750354,True,-0.0048537552517090975,0.006125386906851009,194,1.0,50,1.0
R7,exec,long,48,Q5|M3,funding_x_momentum,6924,697,604,0.0020002297873082343,0.0025469492598532567,0.7853433984089178,0.0,-0.001079525434012595,0.0025574945587308533,-0.42210272953554406,0.6730807631972177,-0.006100879843758787,0.003941828975733596,-0.0026499999999999285,0.0014583267856029185,1.1350982226862192,-0.0010641395890617082,0.003980793160267546,-0.0016284983184078527,-1.2590182579185616,0.4702484113229347,0.4498844598497978,-0.0037842879573725527,-0.7153385168258838,-0.9383801080970183,-0.000579525434012595,-0.0010795254340125958,-0.0020795254340125963,0.9948006932409013,0.10155405276444912,0.000999812791811841,True,-0.005930786763871942,0.0037894785855747157,194,1.0,50,1.0
R7,exec,long,48,Q5|M4,funding_x_momentum,7609,708,615,0.002325528286903305,0.0025126462814181985,0.9255295120930115,0.0,-0.0006360554273018475,0.0025120998407753593,-0.2531967149464605,0.8001900179551976,-0.005568147949175971,0.004296037094572276,-0.0026000000000000172,0.0015200823734612345,1.0618034705761075,-0.001290622125485735,0.004330786872408204,-0.0014412501999935472,-1.0126771015807452,0.4668156130897621,0.44618215271389144,-0.003954769991202121,-0.7767157673077888,-0.9414523878332719,-0.00013605542730184804,-0.0006360554273018493,-0.0016360554273018495,0.9969772637665922,0.10550918356535585,0.001050935569470068,True,-0.005342928784660794,0.004315135278376689,194,1.0,50,1.0
R7,exec,long,48,Q5|M5,funding_x_momentum,12903,725,622,0.005122447050430107,0.002801412024234262,1.8285232611687232,-0.0033042955842594868,0.0014008746587742824,0.0028114859945552323,0.4982684108998722,0.6184466135155362,-0.004118789558822377,0.0069205388763709415,-0.006961878768497661,0.0043815077358116935,2.136332183590031,0.0003549908979739551,0.008408024573649432,0.0006950820779047381,0.33682941867856736,0.4133147330078276,0.3939393939393939,-0.0035914974152845796,-0.6525304102975472,-0.8991406880812501,0.0019008746587742833,0.0014008746587742824,0.0004008746587742817,0.9916298535224366,0.1324185275413295,0.0014838334599452793,True,-0.003951128656762009,0.006894971125799053,194,1.0,50,1.0
R7,exec,long,72,Q1|M1,funding_x_momentum,13714,730,661,-0.00575782255313285,0.0027899461071712044,-2.063775546894291,-0.01420042957023332,-0.0008153381240522067,0.002833028051762092,-0.28779740586934227,0.7735839574138449,-0.0063772434401429086,0.0047465671920384955,-0.012217489119300748,-0.0038706880507989767,-2.6791501604340513,-0.006707044761116766,-0.0010343313404811874,0.0011982354686692477,0.8027570926885195,0.41743821535321135,0.42035430487715975,-0.000468877618671208,-0.06414459708575121,-0.7164098653802484,-0.00031533812405220657,-0.0008153381240522064,-0.0018153381240522076,0.9896478821899832,0.13812667014993954,-0.006653243829097608,True,,,194,1.0,50,1.0
R7,exec,long,72,Q1|M2,funding_x_momentum,10296,726,586,-0.0038105385634774015,0.0026710100081320455,-1.4266283360511547,-0.005536199292958066,-0.002786054588930201,0.0026859900672307584,-1.0372542411530987,0.2999646429889502,-0.008059338287168594,0.0024872291093081924,-0.005467988006873077,-0.002161188040762725,-2.570524790878062,-0.003811798055502971,-0.0005105780260224785,-0.0010420945233068906,-1.1911181124717782,0.46144133644133645,0.4587218337218337,-0.003023751737716087,-0.46968015669942637,-0.7615103095940512,-0.002286054588930201,-0.0027860545889302015,-0.0037860545889302015,0.9918414918414918,0.09627260625406225,-0.0030873361535448487,True,,,194,1.0,50,1.0
R7,exec,long,72,Q1|M3,funding_x_momentum,9795,724,580,-0.002926474535269752,0.002565875012320394,-1.1405366673037038,-0.0068642405752887825,-0.002126941239109659,0.0025885604841568806,-0.8216695155965902,0.4115370087594487,-0.007208969515207123,0.002955087036987805,-0.007558900400651334,-0.000540586675018493,-0.5983102001262057,-0.0023144275383699914,0.001233254188333005,0.00037585959592069797,0.3964028140835054,0.4558448187850944,0.4489025012761613,-0.0008250000594179992,-0.12243973716574014,-0.6793351182146066,-0.0016269412391096598,-0.0021269412391096607,-0.0031269412391096603,0.99315977539561,0.08810783788030777,-0.002800493213404603,True,,,194,1.0,50,1.0
R7,exec,long,72,Q1|M4,funding_x_momentum,9437,729,581,-0.005331031754092683,0.0026005714862286913,-2.049946245401492,-0.007382442625581631,-0.004464035317015847,0.002607370170400477,-1.712083450095694,0.08730892484577507,-0.009582932535279346,0.0006548619012476525,-0.007912948100890214,-0.0026435773003265265,-2.7977714919902286,-0.004498605421441242,-0.0007885491792118109,-0.0017143596663414052,-1.7679753532731055,0.4507788492105542,0.4432552718024796,-0.003237777508569332,-0.4771247655619465,-0.8106109791485965,-0.003964035317015848,-0.004464035317015848,-0.005464035317015848,0.9930062519868602,0.09018999339508826,-0.0028565991292284713,True,,,194,1.0,50,1.0
R7,exec,long,72,Q1|M5,funding_x_momentum,13474,730,657,-0.00930495040200684,0.0027198390799737728,-3.4211400485121963,-0.02106753611374862,-0.0029362690483489555,0.0027783745826606087,-1.056829797779515,0.29094080244245824,-0.008390876655139084,0.0025183385584411733,-0.019143887817328564,-0.008208747877349907,-5.316725424572201,-0.011239862898808283,-0.005177632855891531,-0.0018037530312578587,-1.1214700735834027,0.3972094404037405,0.40240463114145764,-0.0018260190887428908,-0.23678866110608474,-0.7636255820610696,-0.0024362690483489555,-0.002936269048348955,-0.003936269048348955,0.9936173370936618,0.10675107807677862,-0.008160922953391098,True,,,194,1.0,50,1.0
R7,exec,long,72,Q2|M1,funding_x_momentum,9419,684,652,0.003878677564671055,0.0031094141862599363,1.247398169665008,-0.00383561643835606,0.002237469567056811,0.003131932954533172,0.7144053207838593,0.4752217436155254,-0.003911951536982173,0.008386890671095795,-0.0062472635268889225,0.000809652550623822,0.6481838542828091,-0.0016429030150835234,0.0032622081163311677,-0.0007732721773804833,-0.6091478169945758,0.4692642531054252,0.45270198534876316,-0.0006047942443869144,-0.08223287027697342,-0.7649760639538026,0.002737469567056813,0.002237469567056813,0.0012374695670568123,0.9929928867183353,0.10680781389181757,-0.0005111806179835406,True,,,194,1.0,50,1.0
R7,exec,long,72,Q2|M2,funding_x_momentum,11765,683,604,0.002705037439941774,0.0029036030092705984,0.9316140778560822,-0.002756892230576402,0.001079247230733961,0.002909308612295241,0.37096347433643706,0.7107804452310432,-0.00463307516502452,0.006791569626492441,-0.004838923897236945,0.00046313240795369545,0.5678680669365032,-0.0011381842854367424,0.0020644491013441335,-0.0011097102656671743,-1.3412625785014696,0.47734806629834253,0.46298342541436466,-0.00022722747045604187,-0.03336713587628381,-0.7468498757843226,0.0015792472307339617,0.0010792472307339603,7.924723073396094e-05,0.995240118997025,0.08548185814551564,-0.0003647438927320862,True,,,194,1.0,50,1.0
R7,exec,long,72,Q2|M3,funding_x_momentum,12601,685,574,0.0009138139117691777,0.002820116267864845,0.3240341266004046,-0.0024696439596624264,-0.0007764938372398704,0.0028267759718130017,-0.27469238630249593,0.7836358921332869,-0.006326737267497672,0.004773749593017932,-0.004647843383250054,4.953375562057909e-05,0.06394829621877042,-0.0014713272618993366,0.001570394773140495,-0.0015850175020238376,-2.014136676410302,0.48281882390286485,0.4699627013729069,-0.000606161388472641,-0.09117109349114903,-0.7453473822976914,-0.0002764938372398708,-0.0007764938372398705,-0.001776493837239872,0.9963494960717404,0.08050105339253587,-0.0003126034137793706,True,,,194,1.0,50,1.0
R7,exec,long,72,Q2|M4,funding_x_momentum,11729,684,600,-0.0009529116824716928,0.0029662662643335697,-0.32124954321515814,-0.003909268603118465,-0.002673857526150915,0.0029724251953995823,-0.8995541856828693,0.36867598318440903,-0.008510091727879511,0.0031623766755776808,-0.006018093281075188,-0.0010724651823869305,-1.3239517678054566,-0.002662949583527642,0.0005180192187537809,-0.002772110777549921,-3.375810103098616,0.4743393009377664,0.4596760443307758,-0.002004184198592021,-0.3059923473375517,-0.8015108635305364,-0.0021738575261509136,-0.002673857526150915,-0.0036738575261509154,0.9954816709292412,0.07984074860067011,-0.0003000551151836928,True,,,194,1.0,50,1.0
R7,exec,long,72,Q2|M5,funding_x_momentum,9257,684,644,-0.0015697223317532429,0.0032453058548876086,-0.4836901056303075,-0.009190057022643083,-0.003046581221261157,0.0032627907349131397,-0.9337347898722231,0.35077214612895047,-0.009452936176687842,0.0033597737341655273,-0.011143807832366346,-0.0018317362315929354,-1.3881188724511964,-0.004422660107957513,0.0007591876447716416,-0.0032185069514534606,-2.4203671469583607,0.4406395160419142,0.42767635303013934,-0.002029912265680465,-0.2931846496915711,-0.7194852947152345,-0.0025465812212611574,-0.003046581221261157,-0.004046581221261157,0.992222102192935,0.08700916703414252,-0.0003883886249319591,True,,,194,1.0,50,1.0
R7,exec,long,72,Q3|M1,funding_x_momentum,10178,674,631,-0.009658318721532002,0.0034802528653103963,-2.775177291800203,-0.012148641328678211,-0.011871421727951576,0.0035053038249888316,-3.386702642812824,0.0007487277309136214,-0.01875412429044622,-0.00498871916545693,-0.01480039139341594,-0.0019358806710209836,-1.6344398378590566,-0.004261504539341281,0.00038974319729931416,-0.004000321594541843,-3.3592967726801986,0.41511102377677345,0.4000786009039104,-0.006053375361617454,-0.8198042063998464,-0.8948219806650212,-0.011371421727951574,-0.011871421727951574,-0.012871421727951575,0.9923364118687364,0.10652813087914066,0.00013705200891088337,True,,,194,0.14525317979724256,50,0.03743638654568107
R7,exec,long,72,Q3|M2,funding_x_momentum,13193,685,572,-0.009086142528260085,0.0033774195580529693,-2.6902617137380784,-0.0104308390022676,-0.011307304975497404,0.0033981659518217233,-3.327472859127339,0.0009235018159646962,-0.017979446113349114,-0.004635163837645694,-0.013176532137518583,-0.002276235728028767,-2.9226173604979295,-0.0038054295162460116,-0.0007470419398115228,-0.0043817201283082976,-5.568291009619076,0.43470021981353746,0.4193890699613431,-0.005475403276781516,-0.7787609177130547,-0.8911768339311572,-0.0108073049754974,-0.0113073049754974,-0.012307304975497401,0.9936329871901766,0.08683322362135625,0.00015308780303607448,True,,,194,0.17915935229715105,50,0.04617509079823481
R7,exec,long,72,Q3|M3,funding_x_momentum,13894,681,570,-0.01098560884134354,0.003288926939622361,-3.340180260314607,-0.011138567720670012,-0.013228931564888127,0.0033034628252668883,-4.004564986687675,6.900727825930206e-05,-0.01971519573969672,-0.006742667390079535,-0.013624969593046144,-0.0027160657720448913,-3.654692552488942,-0.004175253645474452,-0.0012568778986153306,-0.004848441364432836,-6.4598203486781385,0.42514754570318125,0.4112566575500216,-0.0068479252984995995,-1.0064535024828865,-0.8936206597827441,-0.012728931564888126,-0.013228931564888129,-0.014228931564888128,0.9955376421476897,0.08166691052130323,0.00021280200910930595,True,,,194,0.013387411982304599,50,0.003450363912965103
R7,exec,long,72,Q3|M4,funding_x_momentum,12979,681,589,-0.012106603754344605,0.0035298485927489605,-3.4297799002524,-0.014950166112956742,-0.01435154382839145,0.003553258379703974,-4.038981209575616,5.9829330580167535e-05,-0.021328275140707734,-0.0073748125160751675,-0.01750798816568034,-0.0022615691902391276,-2.8060585188851266,-0.003844037175895376,-0.000679101204582879,-0.004545536832914051,-5.744584702241137,0.4087371908467525,0.3930194930271978,-0.0038567301759168484,-0.5589732587980536,-0.8361912632581603,-0.01385154382839145,-0.014351543828391452,-0.01535154382839145,0.9924493412435472,0.08198894837219295,0.0001814358046735431,True,,,194,0.011606890132552502,50,0.002991466529008377
R7,exec,long,72,Q3|M5,funding_x_momentum,9945,679,619,-0.012753542885689681,0.0034993336236570087,-3.6445632961287875,-0.0179115853658538,-0.014985926673713098,0.003516339366728114,-4.261797599944744,2.31648490900066e-05,-0.021890205092083018,-0.008081648255343177,-0.020507291567927743,-0.0027521307130757393,-2.102629626973679,-0.0053221142371540405,-0.00018214718899743762,-0.0048350020716240736,-3.6663190477661676,0.38733031674208146,0.3719457013574661,-0.006155712333445874,-0.7874074136857138,-0.8536785293035828,-0.014485926673713102,-0.014985926673713101,-0.015985926673713104,0.9933634992458522,0.08915792022107631,0.0001647039963558976,True,,,194,0.00449398072346128,50,0.00115824245450033
R7,exec,long,72,Q4|M1,funding_x_momentum,15732,671,631,0.0004558120167067229,0.0027082331115140332,0.16830604971515983,-0.003868353428958249,-0.001996359370142913,0.0027245985015751702,-0.7327169008530098,0.46398852056267714,-0.007346181999422755,0.0033534632591369286,-0.006745276744227589,0.0025123477293390126,2.0733459024732475,0.0001330909173385261,0.004891604541339499,0.00013726682557363033,0.11255307828550294,0.4463865759867794,0.42890739210576495,-0.00024942102556476905,-0.03707184517790264,-0.6977710749544352,-0.0014963593701429123,-0.001996359370142914,-0.002996359370142913,0.9921184770863789,0.11925038625574795,0.00046832159523349563,True,,,194,1.0,50,1.0
R7,exec,long,72,Q4|M2,funding_x_momentum,16150,671,627,-0.0025968900872956695,0.0028070975102533805,-0.9251157388762257,-0.004524886877828038,-0.005175587820108062,0.002820721461307363,-1.8348454078515264,0.0669737793670697,-0.010714150472870755,0.0003629748326546313,-0.00743790804068528,-0.001069104578260014,-1.2481935113327487,-0.0027508939509493023,0.0006126847944292742,-0.003577712864123232,-4.140659478223876,0.45207430340557275,0.4336842105263158,-0.0015667538557766754,-0.23698651087783412,-0.7600228140215716,-0.0046755878201080615,-0.005175587820108063,-0.006175587820108064,0.993312693498452,0.0903306992157798,0.00046529913726466265,True,,,194,1.0,50,1.0
R7,exec,long,72,Q4|M3,funding_x_momentum,16528,669,623,-0.002131039310646974,0.0028598167228581083,-0.7451663925222479,-0.004637517599015151,-0.004671196438746671,0.0028691365807323463,-1.6280843756675916,0.10398063963249957,-0.010304854284023028,0.0009624614065296862,-0.007589338215082729,-0.0007212754013603301,-0.9457960104664299,-0.002218680582591363,0.0007761297798707027,-0.003259402699829613,-4.260053788941331,0.4573451113262343,0.44010164569215876,-0.0006919186134668278,-0.10383426456694363,-0.7451705455263119,-0.0041711964387466695,-0.00467119643874667,-0.005671196438746671,0.9947967086156825,0.08549616611475279,0.0004302970295584348,True,,,194,1.0,50,1.0
R7,exec,long,72,Q4|M4,funding_x_momentum,15500,667,632,-0.0011645791270507393,0.002948175592765155,-0.39501688091734605,-0.005862992038018211,-0.0035970249562223703,0.002965436714795032,-1.2129832136616658,0.22556823536432669,-0.00941980377147206,0.00222575385902732,-0.00862193095238095,9.029877331543675e-05,0.10392730520834781,-0.001615745273429075,0.0017963428200599486,-0.0022759857846936108,-2.5902485373967035,0.45483870967741935,0.4383870967741936,-0.0006257670606782214,-0.09362085136631679,-0.6992804714441574,-0.0030970249562223694,-0.003597024956222369,-0.00459702495622237,0.9934838709677419,0.08659533300106823,0.0004317259789596601,True,,,194,1.0,50,1.0
R7,exec,long,72,Q4|M5,funding_x_momentum,14820,670,632,-0.0016065494654419808,0.002932207971411693,-0.5478975165150096,-0.009439845581066364,-0.004208568160097749,0.0029543220948392212,-1.4245461479807893,0.15475683278655475,-0.010009475092829578,0.0015923387726340813,-0.012375888263151252,0.000358553396293146,0.24408485167978217,-0.002525793713031281,0.003242900505617573,-0.0021661992197353503,-1.4591841307899311,0.4126855600539811,0.39588394062078275,0.0008460985217534381,0.12172968282056751,-0.562169432151059,-0.0037085681600977473,-0.004208568160097749,-0.005208568160097749,0.9908906882591093,0.0972150723693683,0.0004724671460673931,True,,,194,1.0,50,1.0
R7,exec,long,72,Q5|M1,funding_x_momentum,12393,726,609,0.006715214145669379,0.0032152865869038857,2.088527403131333,0.0,0.002976543098000796,0.0032363686406427132,0.919716950850717,0.3580278619533245,-0.003377274141459968,0.00933036033746156,-0.004020647708236699,0.008062969487426247,4.365927138462315,0.004437266290662871,0.011688672684189622,0.004379825420019214,2.3653433420676295,0.45429608713190806,0.43283582089552236,0.0016082664610122103,0.17527307945645892,-0.7358646677644367,0.003476543098000797,0.0029765430980007966,0.0019765430980007957,0.9845905607099636,0.18090633367678585,0.002185970752212365,True,,,194,1.0,50,1.0
R7,exec,long,72,Q5|M2,funding_x_momentum,7364,703,610,0.006456604229825245,0.003720307199481695,1.7355029796261892,0.0,0.002689752952267469,0.0037115013855635076,0.7247075166749778,0.46887399064537594,-0.004597273680127984,0.009976779584662922,-0.0029499999999998954,0.005439956356554304,2.123231466168338,0.00040963669118862425,0.010470276021919984,0.001539417405025145,0.6087668756991459,0.457371707846864,0.4342926961715992,-0.0007700298310800236,-0.08197482214569408,-0.8949388830986063,0.0031897529522674677,0.002689752952267468,0.0016897529522674685,0.9917187075753462,0.10755935653017076,0.0015013308678986858,True,,,194,1.0,50,1.0
R7,exec,long,72,Q5|M3,funding_x_momentum,6924,697,604,0.0013974427633108727,0.0030990081967610886,0.4509322578660496,0.0,-0.0020439392515467602,0.003123560226062477,-0.6543620431879189,0.5130956812246013,-0.008176715722488593,0.004088837219395073,-0.0034540699999999185,0.0011474675996956728,0.686571541626483,-0.0021339281417276246,0.004428863341118971,-0.002361583279579888,-1.3928848179148405,0.46533795493934144,0.445840554592721,-0.004949621645123961,-0.6296367386810667,-0.9171004152887641,-0.0015439392515467585,-0.002043939251546759,-0.0030439392515467603,0.9940785673021375,0.10155405276444912,0.0013610347493825275,True,,,194,1.0,50,1.0
R7,exec,long,72,Q5|M4,funding_x_momentum,7609,708,615,0.003033711628740841,0.0029821798637481634,1.017279898378735,0.0,-0.00033018417335399476,0.0029969489337116975,-0.1101734399408215,0.9123032244919381,-0.006214212065490502,0.005553843718782512,-0.002900000000000026,0.0020124641301434635,1.0309364645493306,-0.0018200913777729126,0.005845019638059839,-0.0013575798647848113,-0.6929574188633095,0.45985017742147455,0.43829675384413197,-0.002336680683515148,-0.2941380879330475,-0.8812543736823198,0.0001698158266460054,-0.0003301841733539956,-0.0013301841733539955,0.9951373373636483,0.10550918356535585,0.0014537455401479006,True,,,194,1.0,50,1.0
R7,exec,long,72,Q5|M5,funding_x_momentum,12903,725,622,0.009014902483512032,0.003592895008235224,2.5090915439636006,-0.005989773557340983,0.00476865721887472,0.0036143519579261243,1.3193671436499848,0.1874652186941089,-0.0023272542215003918,0.011864568659249832,-0.01011362234661293,0.009032317500149281,3.239114835236549,0.003557778298093563,0.014506856702205,0.0047935769847822895,1.704149726031642,0.40680461908083393,0.3840192203363559,-0.0004913653048613819,-0.054883301774996986,-0.7704702158029002,0.0052686572188747225,0.00476865721887472,0.0037686572188747208,0.9880647911338448,0.1324185275413295,0.00201242479723898,True,,,194,1.0,50,1.0
R7,exec,short,24,Q1|M1,funding_x_momentum,13716,730,661,0.001547930036605881,0.0016515680857744843,0.937248697125312,0.00498065833640654,-0.002837751515889277,0.001652979795650425,-1.7167490633318119,0.08645038873265946,-0.006082927620299168,0.0004074245885206146,0.0016621278696374985,0.0011148761164027582,1.284402657527317,-0.0005892241662154268,0.002818976399020943,-0.003298731067282067,-3.784229117284685,0.5418823357877087,0.5117737114529416,-0.002439600671846523,-1.0452603606503235,-0.9432352084231209,-0.002337751515889277,-0.0028377515158892774,-0.0038377515158892774,0.9954071589997813,0.13812667014993954,-0.0024614040361798746,True,,,194,1.0,50,1.0
R7,exec,short,24,Q1|M2,funding_x_momentum,10296,726,586,0.0020428877271587978,0.0015330183384866633,1.3325918391657714,0.0023407133218916742,-0.0009274958177496826,0.0015325737834928524,-0.605188362047959,0.5452434874551347,-0.003936315158151453,0.0020813235226520873,-0.0003482447351742784,0.000883421652943386,1.8584713220048377,-4.980233311621012e-05,0.001816645639002982,-0.0021028764810255528,-4.401968376022997,0.523989898989899,0.49504662004662003,-0.0015800662220649064,-0.7362016066385193,-0.8837575309088137,-0.0004274958177496822,-0.0009274958177496827,-0.0019274958177496824,0.9977661227661228,0.09627260625406225,-0.001013674287939258,True,,,194,1.0,50,1.0
R7,exec,short,24,Q1|M3,funding_x_momentum,9795,724,580,0.0010681987680735189,0.001677578522091972,0.636750383965011,0.0019767186470458498,-0.0018606847651669023,0.00168841856477584,-1.1020281368523883,0.27081666071967075,-0.00517548112352238,0.001454111593188575,-0.0006734147723704825,4.6228551126743945e-05,0.07875009157867875,-0.0011062555434183535,0.0011987126456718415,-0.002898916469228808,-4.752185691864859,0.5184277692700358,0.49280245022970903,-0.0021266956118162635,-0.9350414424951218,-0.9258527011777637,-0.0013606847651669045,-0.0018606847651669056,-0.002860684765166905,0.9973455844818785,0.08810783788030777,-0.000907477818609888,True,,,194,1.0,50,1.0
R7,exec,short,24,Q1|M4,funding_x_momentum,9437,729,581,0.0013958140420001438,0.0014689181540840977,0.9502326852720151,0.0024154589371979673,-0.0015781490698736022,0.0014729731922959427,-1.0714037961639482,0.2843434511023551,-0.004469937806698068,0.0013136396669508636,-0.0001680009883864974,0.0008012141668664665,1.5904007143291874,-0.0001878233863960376,0.0017902517201289704,-0.0021847451034221355,-4.166671031623683,0.5249549645014305,0.4970859383278584,-0.0016359985260970887,-0.7811739457408143,-0.8889782315607767,-0.001078149069873605,-0.0015781490698736056,-0.0025781490698736052,0.9976687506622868,0.09018999339508826,-0.0009898993913967076,True,,,194,1.0,50,1.0
R7,exec,short,24,Q1|M5,funding_x_momentum,13474,730,657,0.003374167447179657,0.0016866600275468346,2.00050240835269,0.011132728785416879,-0.0024081859124475513,0.0017019661857807656,-1.4149434533817205,0.1575126627852317,-0.005749533466206423,0.0009331616413113201,0.007348347773692277,0.0027010498957233836,2.5762779035005727,0.000642745363319785,0.004759354428126982,-0.003077715484964549,-2.867844463197483,0.5841620899510168,0.5551432388303399,-0.002875365408628567,-1.1386885146677694,-0.9719724706267555,-0.0019081859124475504,-0.0024081859124475513,-0.0034081859124475518,0.9978477066943744,0.10675107807677862,-0.0036801478438081075,True,,,194,1.0,50,1.0
R7,exec,short,24,Q2|M1,funding_x_momentum,9419,684,652,-0.0026759419922840312,0.0018967452425537365,-1.410807277777168,0.0003963928252900262,-0.004757923237878913,0.0019002396117319112,-2.50385436052586,0.012517346384684516,-0.008488945785600756,-0.001026900690157069,-0.0015693087131675113,-0.0006862554673415806,-0.951621297325708,-0.0021021797853015465,0.0007296688506183853,-0.0027834094900766695,-3.834083407782463,0.5032381356831935,0.4844463318823654,-0.0021215929447208123,-0.8624755378847713,-0.9237774249726434,-0.004257923237878917,-0.004757923237878918,-0.005757923237878918,0.9977704639558339,0.10680781389181757,-8.752285592679424e-05,True,,,194,1.0,50,0.6258673192342258
R7,exec,short,24,Q2|M2,funding_x_momentum,11765,683,604,-0.0009727340759784658,0.0017596917125538322,-0.5527866438415746,0.00038850038850035684,-0.0030087536738081185,0.0017585690922567667,-1.7109101297504288,0.08755310303417099,-0.006461622471434302,0.0004441151238180653,-0.0015343191459702252,2.0678902296346472e-05,0.04366207203456938,-0.000909234797811753,0.000950592602404446,-0.0020206814156952606,-4.257412616259167,0.5040373990650234,0.4848278793030174,-0.0026268415379769195,-1.15972962104184,-0.9455997597755119,-0.0025087536738081177,-0.0030087536738081177,-0.004008753673808117,0.9990650233744156,0.08548185814551564,-3.293030372639055e-05,True,,,194,1.0,50,1.0
R7,exec,short,24,Q2|M3,funding_x_momentum,12601,685,574,-0.0015046590067542794,0.0016435299042426403,-0.9155044899822773,-8.101863428588985e-05,-0.0035526256675385134,0.0016437933542747098,-2.1612361786838084,0.031023935465711642,-0.006780120804036968,-0.000325130531040059,-0.0021065966666665836,-0.00017424981420811553,-0.3892818886867529,-0.0010531212994657356,0.0007046216710495045,-0.0022274799798600456,-4.933834275679694,0.4942464883739386,0.4740099992064122,-0.0022793023265518185,-1.048826466844002,-0.9208933640701565,-0.003052625667538512,-0.0035526256675385125,-0.0045526256675385126,0.998730259503214,0.08050105339253587,-4.04964100119191e-05,True,,,194,1.0,50,1.0
R7,exec,short,24,Q2|M4,funding_x_momentum,11729,684,600,-0.0005092872499761525,0.0016082450504363974,-0.31667266741343764,0.0009535918626828455,-0.002570979147984997,0.0016104092751292216,-1.5964756212539186,0.1108458717928503,-0.00573293476635635,0.000590976470386357,-0.0010100294985249652,0.0003776576971787339,0.8582896429259402,-0.0004862808364559107,0.0012415962308133786,-0.0016881492345946038,-3.806615108312813,0.5111679454390452,0.4878090366581415,-0.0017008163387313624,-0.7921753201852695,-0.8985456982061294,-0.002070979147984997,-0.002570979147984997,-0.003570979147984996,0.9979539641943734,0.07984074860067011,-4.1675646676917503e-05,True,,,194,1.0,50,1.0
R7,exec,short,24,Q2|M5,funding_x_momentum,9257,684,644,0.0008748888510970402,0.0017720082781724962,0.49372729341836297,0.0046921921921921905,-0.0013025873044756275,0.0017761751982621654,-0.7333664526731918,0.4635869607620879,-0.004790015770078731,0.002184841161127476,0.0026841885410434935,0.0013061603269166582,1.6778607666217369,-0.00022231680534678467,0.002834637459180101,-0.0008943916198325663,-1.1491100228671112,0.5452090310035649,0.523495732958842,-0.0012160601138868252,-0.5161561653037636,-0.8556818647582003,-0.0008025873044756285,-0.0013025873044756292,-0.0023025873044756288,0.9963271038133305,0.08700916703414252,-0.0001093643868589412,True,,,194,1.0,50,1.0
R7,exec,short,24,Q3|M1,funding_x_momentum,10178,674,631,0.0034438112584399736,0.001974577684606642,1.7440748395401922,0.004580736130014584,0.0015887544523167367,0.001978770862742844,0.8028996596980957,0.42231660637353463,-0.002296562945421775,0.005474071850055248,0.0027509193276788624,9.915249136836397e-06,0.012990116195302112,-0.001488804488694321,0.001508634986967994,-0.0018726387710805619,-2.4460832025443198,0.5363529180585577,0.5202397327569267,-0.000898649551035492,-0.3700605624417904,-0.8156440592769637,0.002088754452316738,0.0015887544523167365,0.0005887544523167365,0.9982314796620161,0.10652813087914066,0.000120076019685037,True,,,194,1.0,50,1.0
R7,exec,short,24,Q3|M2,funding_x_momentum,13193,685,572,0.0029053896004771753,0.0018962445627870976,1.5321808470774665,0.003064351378958219,0.001049270223747603,0.001898707921291434,0.5526232929148611,0.5807021938957356,-0.002678735225150856,0.004777275672646062,0.0012959752321980728,0.0002607469784559318,0.5738962979724818,-0.0006313315991712449,0.0011528255560831085,-0.001610090249147572,-3.5295750418370386,0.5287652543015235,0.5111801713029637,-0.000766395472543529,-0.33554449514214985,-0.8026332068808582,0.0015492702237476037,0.0010492702237476024,4.9270223747602756e-05,0.9984840445690897,0.08683322362135625,0.00013761190313519791,True,,,194,1.0,50,1.0
R7,exec,short,24,Q3|M3,funding_x_momentum,13894,681,570,0.0033533271463780105,0.0018170931661408087,1.8454349005669846,0.0032530948620703715,0.001502713104730841,0.0018193091954209933,0.8259800524908075,0.4091055311239803,-0.0020694347993767746,0.005074861008838456,0.0014687236588885773,0.000559601045736228,1.2558962687518496,-0.0003152749980789595,0.0014344770895514155,-0.0013054310668331177,-2.920777162969868,0.5314524255074132,0.5142507557218944,-0.0005579204600941168,-0.24609591394601324,-0.7721175406163592,0.0020027131047308413,0.0015027131047308402,0.0005027131047308405,0.9985605297250612,0.08166691052130323,0.0001383841004757079,True,,,194,1.0,50,1.0
R7,exec,short,24,Q3|M4,funding_x_momentum,12979,681,589,0.003362383405213735,0.0018782090613778052,1.7902072108773548,0.004149377593361092,0.0015438749874362614,0.0018863422245853551,0.8184490424454275,0.41338796313964976,-0.002159889848657481,0.005247639823530004,0.002414240045738961,0.0004011075891836874,0.8666888969546206,-0.0005075901001063308,0.0013098052784737057,-0.0013995293618533629,-3.0239554312844503,0.5408737190846753,0.5211495492719007,-0.001470214624120207,-0.6857333808408059,-0.8685497201504813,0.0020438749874362614,0.0015438749874362612,0.0005438749874362611,0.9951460050851375,0.08198894837219295,0.00013824081294518188,True,,,194,1.0,50,1.0
R7,exec,short,24,Q3|M5,funding_x_momentum,9945,679,619,0.006015143209175417,0.0019374922969895077,3.1046023865600905,0.007577258320126901,0.0041508416480452014,0.001941591873754937,2.137854872670893,0.032886001446758704,0.0003385760107533133,0.00796310728533709,0.005778705965047122,0.0018368224995374662,2.503518302594038,0.0003962322154347426,0.0032774127836401896,-5.59942278862494e-05,-0.0760713742886424,0.5612870789341378,0.5468074409250879,0.0013334991290845585,0.5278624777643247,-0.7906521414164496,0.004650841648045201,0.0041508416480452,0.0031508416480451997,0.9973856209150327,0.08915792022107631,9.100322209899933e-05,True,,,194,1.0,50,1.0
R7,exec,short,24,Q4|M1,funding_x_momentum,15733,671,631,-0.0006517794844663813,0.0017870839460838335,-0.3647167699618548,0.00010465724751429484,-0.002413156189914496,0.0017907805043372936,-1.3475443718924796,0.17826114915540545,-0.005929382891564789,0.0011030705117357972,-0.0015483508786215319,-0.0012072731449519637,-1.7640836849520722,-0.0025510269027685466,0.00013648061286461932,-0.002989023224522798,-4.351106293730235,0.5003495836776203,0.48611199389817583,-0.0019000457390803696,-0.8139319894166676,-0.9054522721896349,-0.0019131561899144952,-0.0024131561899144957,-0.0034131561899144957,0.997266891247696,0.11925038625574795,0.00022742224856595744,True,,,194,1.0,50,1.0
R7,exec,short,24,Q4|M2,funding_x_momentum,16150,671,627,0.001097035580653587,0.0017991026035014941,0.6097682136185492,0.0011002673266757301,-0.0006817302689671545,0.0017998067469209445,-0.37877970517303494,0.7049716361176676,-0.004215680145016173,0.0028522196070818635,-0.0006082969432313467,0.0006652346370445251,1.5064418495155916,-0.00020183867027887264,0.001532307944367923,-0.0011219317027704916,-2.533611329962873,0.508421052631579,0.4928173374613003,-0.0014493112525149053,-0.6498354004272467,-0.8729961311652101,-0.00018173026896715257,-0.0006817302689671531,-0.0016817302689671528,0.9988235294117647,0.0903306992157798,0.00020592603000433346,True,,,194,1.0,50,1.0
R7,exec,short,24,Q4|M3,funding_x_momentum,16528,669,623,-7.983915865434444e-05,0.0017384586691142978,-0.04592525555699322,0.0,-0.0018702170132785627,0.001739737011991643,-1.0749998421528935,0.2827635084945783,-0.005286237550017378,0.0015458035234602531,-0.0016999999999999914,0.0002185630950852378,0.5608967163257419,-0.0005465570252917967,0.0009836832154622723,-0.0015787943254745728,-4.032417839456921,0.49564375605033884,0.47888431752178123,-0.002056724138685966,-0.9049208118086397,-0.9107784500960593,-0.001370217013278561,-0.0018702170132785614,-0.002870217013278562,0.9989109390125847,0.08549616611475279,0.0002028635820714674,True,,,194,1.0,50,1.0
R7,exec,short,24,Q4|M4,funding_x_momentum,15500,667,632,-0.0009381059212202864,0.001912322610786364,-0.49055840051722704,0.0006319614542950602,-0.002703399583030639,0.0019176256453685351,-1.4097639909853685,0.1590768829672181,-0.006468729833909131,0.0010619306678478534,-0.0010560588104160003,-0.0009232193494803583,-1.893316950070622,-0.0018806771253861267,3.4238426425410194e-05,-0.0027092802760888203,-5.512593655075461,0.5052258064516129,0.4872258064516129,-0.002496776910050942,-1.0988293361508443,-0.9252926866691649,-0.0022033995830306368,-0.0027033995830306377,-0.0037033995830306372,0.9969032258064516,0.08659533300106823,0.00019581324488738907,True,,,194,1.0,50,1.0
R7,exec,short,24,Q4|M5,funding_x_momentum,14820,670,632,0.000523246805918326,0.001695718430497507,0.30856939248151627,0.003926587603541198,-0.0012592324908576777,0.0016995871088895608,-0.7409049434838368,0.45901143601758493,-0.0045964085287477936,0.002077943547032438,0.002157598664932982,0.0004696856986834444,0.5715098306048233,-0.0011439969952413403,0.002083368392608229,-0.0013277743901558285,-1.609311704465825,0.5310391363022942,0.5171390013495276,-0.0018879436752445304,-0.7829039114428368,-0.9196781005794245,-0.0007592324908576765,-0.0012592324908576773,-0.0022592324908576778,0.9977058029689608,0.0972150723693683,0.00019080280265114862,True,,,194,1.0,50,1.0
R7,exec,short,24,Q5|M1,funding_x_momentum,12395,726,609,-0.0015655015580382818,0.0019602778253692324,-0.7986120833374261,0.0,-0.0029993347389675306,0.0019629098025188856,-1.5280043612389436,0.12694820296315212,-0.006853009544641633,0.000854340066706572,-0.0016500000000000386,-0.0034578643753059835,-3.1418354573198988,-0.005618583099900315,-0.0012971456507116516,-0.004917171066255056,-4.485935206972294,0.49173053650665594,0.48083904800322713,-0.0037038160522866836,-1.3449398333114173,-0.9832986720893057,-0.0024993347389675297,-0.0029993347389675306,-0.0039993347389675315,0.9922549415086729,0.18090633367678585,0.0007829176827384264,True,,,194,1.0,50,1.0
R7,exec,short,24,Q5|M2,funding_x_momentum,7365,703,610,0.0005997812452548185,0.002040094522577328,0.2939967921177948,0.0,-0.0006422602583279898,0.002035770040475174,-0.31548762657794016,0.7524853421116846,-0.0046391972257376615,0.0033546767090816823,-0.0016500000000000022,0.00032525614379926953,0.3388389742230895,-0.0015593893095530106,0.00220990159715155,-0.0008995907928531082,-0.9555075622966362,0.49443388541949496,0.48207982622861795,0.00030333277735914295,0.11100859345715537,-0.8128660191231739,-0.00014226025832798906,-0.00064226025832799,-0.0016422602583279903,0.9956557154493619,0.10755935653017076,0.0005909714071448001,True,,,194,1.0,50,1.0
R7,exec,short,24,Q5|M3,funding_x_momentum,6924,697,604,-0.00017507892055305342,0.0018488382873741425,-0.09469671942034125,0.0,-0.0015112181512002435,0.0018532532021995232,-0.8154407338439575,0.41509943512991426,-0.005149864308229096,0.00212742800582861,-0.0013512710983023483,-0.0010346372515538523,-1.1109254915672417,-0.0028631885777380336,0.000793914074630329,-0.00238854785162583,-2.5573044207367275,0.4976891969959561,0.48642403235124204,-0.0011131412140808867,-0.4241333144192313,-0.860395189450103,-0.0010112181512002434,-0.0015112181512002443,-0.002511218151200244,0.9971114962449451,0.10155405276444912,0.000575963148899186,True,,,194,1.0,50,1.0
R7,exec,short,24,Q5|M4,funding_x_momentum,7609,708,615,0.00023510222167666091,0.0017356483827521418,0.13545498271019019,0.0008745080891998658,-0.0011366004508580015,0.001734221214274849,-0.6553953102997083,0.5124267665270308,-0.0045414486615675785,0.002268247759851575,-0.0005184631129826738,-0.0004067066934288093,-0.4890378124220513,-0.002039499529110166,0.0012260861422525476,-0.0017778062099476771,-2.1465790113303567,0.5063740307530555,0.4933631226179524,-0.0011355756335366231,-0.45822708302103965,-0.8742264044928888,-0.0006366004508580004,-0.0011366004508580013,-0.002136600450858001,0.9981600735970562,0.10550918356535585,0.0005624061369321878,True,,,194,1.0,50,1.0
R7,exec,short,24,Q5|M5,funding_x_momentum,12903,725,622,-0.002070613218101932,0.0018347940728613967,-1.1285262192245755,0.0019025875190259445,-0.0031854011459883902,0.001837713597786221,-1.7333501530519468,0.08345979313656567,-0.00679329336021723,0.0004224910682404494,0.0007317516948174441,-0.002110541477881276,-1.5298576694135968,-0.0048189712774011715,0.0005978883216386198,-0.003240638281831077,-2.3475572352880985,0.5113539486941021,0.5032938076416338,-0.0008216518874031293,-0.31397279708679177,-0.9164849071852286,-0.00268540114598839,-0.0031854011459883915,-0.004185401145988392,0.995892428117492,0.1324185275413295,0.0008342508879377378,True,,,194,1.0,50,1.0
R7,exec,short,48,Q1|M1,funding_x_momentum,13715,730,661,0.0034860112033908547,0.0023093861398558054,1.5094968932343709,0.009384775808133461,-0.0031959788103690526,0.00232760125981657,-1.3730783126577772,0.17015134577569627,-0.0077656010833069625,0.0013736434625688573,0.004626141072019336,0.0023465642422779397,1.995848133378244,3.835758959566671e-05,0.004654770894960213,-0.004424380529578798,-3.686960258977803,0.5558795655026609,0.5232922650725377,-0.00309435329097286,-0.651912994847129,-0.8407360799731798,-0.0026959788103690526,-0.0031959788103690526,-0.004195978810369054,0.9920536560472406,0.13812667014993954,-0.004614950878159907,True,-0.007769317962631736,0.0013514904294665553,194,1.0,50,1.0
R7,exec,short,48,Q1|M2,funding_x_momentum,10296,726,586,0.003003330380869184,0.0022163649755772546,1.3550703128607975,0.0034292265999583127,-0.0009231007695396075,0.0022209887093206614,-0.4156260523368254,0.67780698464733,-0.005283458053667581,0.003437256514588366,0.00028454112509240966,0.001643747040016288,2.3953280338806624,0.00029651096549504507,0.0029909831145375305,-0.0023653513336367635,-3.373899016986723,0.5269036519036518,0.49922299922299923,-0.0010486802514177707,-0.24121239645844803,-0.70341267966964,-0.0004231007695396081,-0.0009231007695396085,-0.0019231007695396085,0.9946581196581197,0.09627260625406225,-0.0020447988204276924,True,-0.005155114394005491,0.0035025247853302404,194,1.0,50,1.0
R7,exec,short,48,Q1|M3,funding_x_momentum,9795,724,580,0.0014360450953244607,0.002159865681060633,0.6648770374550653,0.0033205173016428446,-0.0024661121848541887,0.0021818135064751404,-1.130303840147342,0.2587240803918049,-0.006749578654523973,0.0018173542848155958,0.00018921251727059725,0.00036796262127643096,0.49003472378169105,-0.0011062243701025047,0.0018421496126553667,-0.003621803203411797,-4.574033104355687,0.5248596222562532,0.49851965288412453,-0.002397231652690689,-0.537991634182575,-0.8033766045152497,-0.0019661121848541904,-0.002466112184854191,-0.0034661121848541913,0.9941807044410413,0.08810783788030777,-0.0018732019244197973,True,-0.00652760193256806,0.0019402371517011406,194,1.0,50,1.0
R7,exec,short,48,Q1|M4,funding_x_momentum,9437,729,581,0.002747465980747394,0.0021909086709737163,1.2540303560560213,0.004643477765433168,-0.0011616268783638758,0.0021932899720500613,-0.5296275883111373,0.5965320782974944,-0.005467574766061701,0.0031443210093339492,0.001581186511627905,0.0014028010430307514,1.9495158753211947,-9.86669892268999e-06,0.002815468784984193,-0.0025385264036612257,-3.437473011426023,0.5343859277312706,0.5105436049592031,-0.0013450463045064144,-0.3103573411202071,-0.7078507856816874,-0.0006616268783638774,-0.0011616268783638782,-0.002161626878363878,0.9966090918724171,0.09018999339508826,-0.0019520860956937795,True,-0.005428708857159677,0.0030170296706410324,194,1.0,50,1.0
R7,exec,short,48,Q1|M5,funding_x_momentum,13474,730,657,0.00594686786682094,0.0023800835554716256,2.498596258584938,0.01634812185939427,-0.0023886462887659386,0.002430570606378699,-0.9827512447065986,0.32605681697492644,-0.007160421321973985,0.0023831287444421078,0.011560591850278005,0.004904146733830282,3.386873492799964,0.0020614258960129648,0.007746867571647599,-0.003457730433342624,-2.2807973029979434,0.5952946415318391,0.5626391568947603,-0.003271624387365107,-0.6562986330150905,-0.8921870322108358,-0.0018886462887659386,-0.002388646288765939,-0.0033886462887659395,0.9964375834941368,0.10675107807677862,-0.006186558694324447,True,-0.007042917698363703,0.002406869445105146,194,1.0,50,1.0
R7,exec,short,48,Q2|M1,funding_x_momentum,9419,684,652,-0.003637107971682171,0.0025252110299801103,-1.44031842428267,0.0008732640356067245,-0.005835773684682838,0.0025343049283880056,-2.3027117294818966,0.02159566981563305,-0.010811763794728247,-0.0008597835746374282,-0.0011284084736556104,-0.0006340001825750714,-0.647404696836829,-0.002556790441709123,0.00128879007655898,-0.0028827465495015366,-2.911582412714937,0.5083342180698588,0.48901157235375303,-0.0028440547543142724,-0.5868969045339641,-0.8168643529227062,-0.005335773684682839,-0.00583577368468284,-0.006835773684682839,0.9955409279116679,0.10680781389181757,-0.00029554390103444936,True,-0.011272347244769476,-0.000842030847602562,194,1.0,50,1.0
R7,exec,short,48,Q2|M2,funding_x_momentum,11765,683,604,-0.001549882241319252,0.0024740019004927754,-0.6264676842045045,0.0008382229673093988,-0.0037047495991376213,0.0024781083733309665,-1.4949909531833172,0.13538071049153122,-0.00857041312076578,0.001160913922490538,-0.0011151922205008945,-0.0002933373025795621,-0.4411538725837643,-0.0015988969091163094,0.001012222303957185,-0.0025023757943252872,-3.7032608810685472,0.5053973650658734,0.4915427114322142,-0.0038320423560042507,-0.8264607852396281,-0.8859185595966741,-0.003204749599137622,-0.0037047495991376217,-0.004704749599137622,0.9967700807479813,0.08548185814551564,-0.00017897230834825574,True,-0.008562392069192364,0.0012089759278468607,194,1.0,50,1.0
R7,exec,short,48,Q2|M3,funding_x_momentum,12601,685,574,-0.0015862830633245463,0.0023568491878167798,-0.6730524258932189,0.0,-0.0037554358690173027,0.002363050973985255,-1.5892318491478872,0.11247149820873384,-0.008395164675280557,0.0008842929372459524,-0.0019108999999999914,-0.00013777390752271976,-0.2266139443092968,-0.0013314805076669583,0.0010559326926215186,-0.0023519629020982385,-3.802762123653588,0.4978176335211491,0.48139036584398065,-0.0029110077410780216,-0.6549306852584503,-0.8508396722642848,-0.003255435869017302,-0.0037554358690173027,-0.004755435869017303,0.996825648758035,0.08050105339253587,-0.00016997304991640802,True,-0.008203910758788265,0.000754529613930488,194,1.0,50,1.0
R7,exec,short,48,Q2|M4,funding_x_momentum,11729,684,600,-0.0003275612198027657,0.0024673729619242336,-0.1327570759903724,0.0011241007194244812,-0.002510132051564694,0.0024705937266935513,-1.01600357211465,0.3099885082399722,-0.007361028173913696,0.002340764070784309,-0.0008166960550466101,0.0006253218336498614,0.934871635266722,-0.000687996435896196,0.0019386401031959185,-0.001566436741592965,-2.3147005479127207,0.5081841432225064,0.4920716112531969,-0.002414137670303173,-0.5467016849782773,-0.8215391378700262,-0.002010132051564694,-0.0025101320515646943,-0.0035101320515646944,0.9973572037510656,0.07984074860067011,-0.0001787279049491396,True,-0.007270660267362241,0.002416950631126053,194,1.0,50,1.0
R7,exec,short,48,Q2|M5,funding_x_momentum,9257,684,644,0.001095674984793393,0.0026698714088184265,0.410384927594057,0.006618692253020586,-0.0012561667955420333,0.0026787531377474995,-0.4689371252023299,0.6392646595741973,-0.006515774260837508,0.004003440669753441,0.004410386517016281,0.0009514232975875984,0.8777499077065597,-0.0011768204469154043,0.0030796670420906013,-0.0014634541245118684,-1.3470904546537699,0.5478016636059199,0.5259803392027654,-0.0027656634433713633,-0.5723885993856193,-0.8385339524155303,-0.0007561667955420323,-0.0012561667955420337,-0.0022561667955420337,0.9943826293615642,0.08700916703414252,-0.00022738480499728768,True,-0.006357438807860202,0.003805017918974576,194,1.0,50,1.0
R7,exec,short,48,Q3|M1,funding_x_momentum,10178,674,631,0.00587581942766282,0.0027304078044637684,2.151993346216203,0.00768734930777043,0.004173304810483237,0.0027426588849140186,1.5216273643939022,0.12857356517515678,-0.0012119215115025204,0.009558531132468994,0.00617092534354133,0.0013544359604813162,1.4150352590540265,-0.0005249719307278606,0.003233843851690493,-0.00044721988127089616,-0.46390561628322263,0.546276282177245,0.5334053841619179,0.0015706414265450688,0.32675222877741894,-0.6775239478014273,0.004673304810483236,0.004173304810483235,0.0031733048104832357,0.9953821968952643,0.10652813087914066,0.00016973586319217766,True,-0.00103548246474843,0.009290417264191001,194,1.0,50,1.0
R7,exec,short,48,Q3|M2,funding_x_momentum,13193,685,572,0.005728021089277859,0.0025998311563969175,2.2032281116348615,0.006085192697768749,0.003959798095717376,0.0026089923378873467,1.5177499903751561,0.12954082519367707,-0.0011628239038415592,0.009082420095276312,0.004416853899198105,0.0011972605772592644,1.8572774086779555,-6.843468797013792e-05,0.0024629558424886667,-0.0006486104322296768,-1.000423279255157,0.5452891684984461,0.5306601985901614,0.0004200077356454434,0.08816904956634199,-0.7241948907577697,0.004459798095717376,0.0039597980957173755,0.002959798095717376,0.9962859091942697,0.08683322362135625,0.0001729911396835003,True,-0.0009081190969306084,0.00888581156386437,194,1.0,50,1.0
R7,exec,short,48,Q3|M3,funding_x_momentum,13894,681,570,0.006277425123945753,0.0025591215888683396,2.452960871906704,0.006521036562029514,0.004517900151812287,0.002569479977688078,1.7582935812083362,0.07914872213276156,-0.0005271942794032765,0.00956299458302785,0.004845031285009379,0.0016939672047528438,2.7742545920183224,0.0004950741011683008,0.0028928603083373866,-0.0001509667909786722,-0.24526815984318284,0.5467108104217648,0.5332517633510868,0.0015526118282269332,0.3412460715591198,-0.5996225769265848,0.005017900151812285,0.004517900151812286,0.0035179001518122854,0.9959694832301713,0.08166691052130323,0.0001960986472033493,True,-0.0007219965760469346,0.009427917608928122,194,1.0,50,1.0
R7,exec,short,48,Q3|M4,funding_x_momentum,12979,681,589,0.006878287098743075,0.0026660014941482543,2.580001216743721,0.009013785790031759,0.005086087698453545,0.0026785978100398594,1.8987873727776476,0.0580167220942226,-0.00017325622025544246,0.010345431617162533,0.007484213204112647,0.00088369427106658,1.3468081008513024,-0.0004046089629560223,0.0021719975050891824,-0.0008448902426006855,-1.3034223438681418,0.5642191231990138,0.551968564604361,-0.0013468465980391634,-0.29482216320482796,-0.6804338296872787,0.005586087698453544,0.0050860876984535446,0.0040860876984535445,0.9946837198551506,0.08198894837219295,0.0001763852695584769,True,-1.5574061926560302e-05,0.01041824858513056,194,1.0,50,1.0
R7,exec,short,48,Q3|M5,funding_x_momentum,9945,679,619,0.009873522410425965,0.002761727231513691,3.575125847969544,0.01177730192719495,0.008071029274986494,0.002772127200389825,2.9114931211856083,0.003715523754797859,0.0026280144946046963,0.013514044055368293,0.01016311692357815,0.002603136653497042,2.6547439467095226,0.0006778367468544019,0.004528436560139681,0.000703722255721897,0.7138457960314549,0.5761689291101055,0.5626948215183509,0.0006158574539825471,0.09737416922191454,-0.8629204137874397,0.008571029274986496,0.008071029274986496,0.007071029274986495,0.9952740070387129,0.08915792022107631,0.00013973324914123475,True,0.0025958523100923997,0.013436406050005175,194,0.7208116084307846,50,0.18577618773989293
R7,exec,short,48,Q4|M1,funding_x_momentum,15732,671,631,1.757725293651159e-05,0.0024127016034446508,0.007285299148231294,0.0012666859196509561,-0.0015796272403235372,0.002423940446296647,-0.6516774134186872,0.5148334358805281,-0.00633908671865468,0.0031798322380076054,-9.859520625832112e-05,-0.002225087127837793,-2.250484803261033,-0.004166439057632816,-0.0002837351980427697,-0.0038844405820269426,-3.893540482207708,0.5065785292061272,0.4970444289073921,-0.0030109574058705367,-0.656208130118548,-0.8248589976399728,-0.0010796272403235383,-0.0015796272403235387,-0.002579627240323538,0.9949151465073413,0.11925038625574795,0.0003684328703762699,True,-0.0062892525213915085,0.0029964625548590937,194,1.0,50,1.0
R7,exec,short,48,Q4|M2,funding_x_momentum,16150,671,627,0.0027612383807450224,0.0024576102213157095,1.12354610051498,0.0017918005460481057,0.0012353573191767379,0.0024626611627259175,0.5016351164645493,0.6160894953640991,-0.0036001311231079647,0.006070845761461441,0.0003930103716607448,0.0008847337821457565,1.3617396037661236,-0.00039097597493425594,0.002160443539225769,-0.0007090758235495432,-1.0868667982988245,0.5097213622291021,0.5011145510835914,-0.00200848887491275,-0.44749715075268715,-0.8281495439701752,0.0017353573191767357,0.0012353573191767363,0.00023535731917673537,0.9964705882352941,0.0903306992157798,0.00035447766668736787,True,-0.0035786143312073753,0.00610465641459366,194,1.0,50,1.0
R7,exec,short,48,Q4|M3,funding_x_momentum,16528,669,623,0.0016028280604327761,0.002486437634762709,0.6446282979406964,0.0019718715088867245,3.3857818126714695e-05,0.0024908077544825084,0.013593107724104148,0.9891586740339109,-0.004856923724048401,0.004924639360301831,0.0005157088122604587,0.00021631458506792168,0.3368097901403151,-0.0010447484169889146,0.0014773775871247579,-0.0014117672820468986,-2.1874936666652465,0.5123426911907066,0.5019361084220716,-0.0024407924637370516,-0.5400791879574597,-0.8202961189869324,0.0005338578181267133,3.385781812671362e-05,-0.0009661421818732867,0.9966723136495643,0.08549616611475279,0.00033290171796271806,True,-0.005058795083953254,0.0049646925829309446,194,1.0,50,1.0
R7,exec,short,48,Q4|M4,funding_x_momentum,15500,667,632,0.0004898168886691207,0.0026970167085256817,0.18161433228082524,0.0023110854965794903,-0.0011541845897294816,0.0027054733704471403,-0.4266109592269713,0.6698009895151429,-0.006466498138613773,0.00415812895915481,0.0008426878701704391,-0.0011731780107382087,-1.586625789044267,-0.002625047105132257,0.00027869108365584003,-0.00285389396911476,-3.828451172665591,0.5156129032258064,0.5043225806451613,-0.004059813892327476,-0.8459764339290807,-0.8581527323634988,-0.0006541845897294823,-0.0011541845897294824,-0.002154184589729483,0.9962580645161291,0.08659533300106823,0.0003320955387903038,True,-0.006507637097608094,0.004100437059919942,194,1.0,50,1.0
R7,exec,short,48,Q4|M5,funding_x_momentum,14820,670,632,0.003424135871191596,0.002445236842613608,1.400328921730005,0.0069112659894139394,0.0018199225177181009,0.0024581481357419965,0.7403632398129473,0.4593401450829791,-0.003006717633156169,0.006646562668592371,0.00562427971779517,0.00149866401227171,1.3675182810960667,-0.0006531545411024436,0.0036504825656458635,-0.00019234274690275245,-0.174436779012861,0.5404858299595142,0.5296221322537112,-0.0023346144065476797,-0.49160011339743137,-0.8363397099359688,0.002319922517718099,0.0018199225177180985,0.0008199225177180985,0.9937921727395411,0.0972150723693683,0.0003469684566811363,True,-0.0031833397987652873,0.006904901176404004,194,1.0,50,1.0
R7,exec,short,48,Q5|M1,funding_x_momentum,12394,726,609,-0.004342992997090664,0.0026992434829905035,-1.6089667436296051,0.0,-0.005203068430336859,0.0027020587937051565,-1.9255940849466977,0.054546961996661536,-0.010507886817674852,0.00010174995700113539,-0.0013000000000000043,-0.00535389013762975,-3.4690045600723995,-0.008383859947324846,-0.002323920327934653,-0.006255442060327964,-4.077505282730374,0.49294070189592576,0.48632513110125053,-0.004438822304849128,-0.783042093961252,-0.9236804956041335,-0.004703068430336858,-0.005203068430336859,-0.006203068430336858,0.9879790237999193,0.18090633367678585,0.001494335524252801,True,-0.010206823792916198,-0.00012300871455008243,194,1.0,50,1.0
R7,exec,short,48,Q5|M2,funding_x_momentum,7365,703,610,-0.0041203878141606795,0.0028022382393698706,-1.4703916877128964,0.0,-0.004687101766124722,0.0027891444842964488,-1.6804800871787844,0.09331008557721146,-0.010163192885884166,0.0007889893536347217,-0.0014000000000000032,-0.002590411286756235,-1.604186534683961,-0.0057607916380051985,0.0005799690644927285,-0.0030920028610923263,-1.9580481267704137,0.475291881618246,0.468503937007874,-0.001215984404421719,-0.20824705698737808,-0.8505098610861644,-0.004187101766124724,-0.004687101766124724,-0.005687101766124724,0.9933478142818355,0.10755935653017076,0.0010857908377750354,True,-0.010125386906850983,0.0008537552517091272,194,1.0,50,1.0
R7,exec,short,48,Q5|M3,funding_x_momentum,6924,697,604,-0.0020002297873082343,0.0025469492598532567,-0.7853433984089178,0.0,-0.002920474565987405,0.0025574945587308533,-1.1419279685336572,0.2538777971863538,-0.007941828975733596,0.0021008798437587863,-0.0013500000000000716,-0.0014583267856029185,-1.1350982226862192,-0.003980793160267546,0.0010641395890617082,-0.0023715016815921463,-1.8334461153931063,0.48931253610629694,0.4829578278451762,-0.00021571204262745092,-0.040775737568802366,-0.7033577242364314,-0.0024204745659874064,-0.002920474565987406,-0.0039204745659874056,0.9948006932409013,0.10155405276444912,0.000999812791811841,True,-0.007789478585574706,0.001930786763871945,194,1.0,50,1.0
R7,exec,short,48,Q5|M4,funding_x_momentum,7609,708,615,-0.002325528286903305,0.0025126462814181985,-0.9255295120930115,0.0,-0.0033639445726981534,0.0025120998407753593,-1.3390966864039417,0.18097077758781807,-0.008296037094572276,0.0015681479491759702,-0.0013999999999999829,-0.0015200823734612345,-1.0618034705761075,-0.004330786872408204,0.001290622125485735,-0.002558749800006454,-1.7978747417710321,0.4806150611118412,0.47588382178998556,-4.523000879788119e-05,-0.008883161616715337,-0.7706199268415029,-0.002863944572698152,-0.003363944572698153,-0.004363944572698153,0.9969772637665922,0.10550918356535585,0.001050935569470068,True,-0.008315135278376691,0.0013429287846607766,194,1.0,50,1.0
R7,exec,short,48,Q5|M5,funding_x_momentum,12903,725,622,-0.005122447050430107,0.002801412024234262,-1.8285232611687232,0.0033042955842594868,-0.005400874658774282,0.0028114859945552323,-1.9210035793291163,0.055124733198360476,-0.010920538876370942,0.00011878955882237748,0.0029618787684976607,-0.0043815077358116935,-2.136332183590031,-0.008408024573649432,-0.0003549908979739551,-0.004695082077904738,-2.275187085410008,0.5156940246454313,0.50964891885608,-0.0004085025847154228,-0.07421983879970075,-0.8069467564235521,-0.004900874658774284,-0.005400874658774283,-0.006400874658774283,0.9916298535224366,0.1324185275413295,0.0014838334599452793,True,-0.010894971125799005,-4.887134323795922e-05,194,1.0,50,1.0
R7,exec,short,72,Q1|M1,funding_x_momentum,13714,730,661,0.00575782255313285,0.0027899461071712044,2.063775546894291,0.01420042957023332,-0.0031846618759477944,0.002833028051762092,-1.124119429021182,0.2613339061502134,-0.008746567192038496,0.0023772434401429076,0.008217489119300744,0.0038706880507989767,2.6791501604340513,0.0010343313404811874,0.006707044761116766,-0.00519823546866925,-3.482554557138664,0.572428373551068,0.5359043522636145,-0.0035311223813287934,-0.4830736494796201,-0.7758474158726104,-0.0026846618759477944,-0.0031846618759477953,-0.004184661875947796,0.9896478821899832,0.13812667014993954,-0.006653243829097608,True,,,194,1.0,50,1.0
R7,exec,short,72,Q1|M2,funding_x_momentum,10296,726,586,0.0038105385634774015,0.0026710100081320455,1.4266283360511547,0.005536199292958066,-0.0012139454110698012,0.0026859900672307584,-0.45195454215561287,0.6514374728478718,-0.006487229109308195,0.004059338287168592,0.0014679880068730767,0.002161188040762725,2.570524790878062,0.0005105780260224785,0.003811798055502971,-0.002957905476693111,-3.3808975188626613,0.5324397824397824,0.504079254079254,-0.0009762482622839156,-0.15164090063603794,-0.6210401463735862,-0.0007139454110698,-0.0012139454110698012,-0.002213945411069801,0.9918414918414918,0.09627260625406225,-0.0030873361535448487,True,,,194,1.0,50,1.0
R7,exec,short,72,Q1|M3,funding_x_momentum,9795,724,580,0.002926474535269752,0.002565875012320394,1.1405366673037038,0.0068642405752887825,-0.001873058760890341,0.0025885604841568806,-0.7235908808599519,0.4695519561623591,-0.006955087036987805,0.0032089695152071234,0.0035589004006513335,0.000540586675018493,0.5983102001262057,-0.001233254188333005,0.0023144275383699914,-0.004375859595920702,-4.615029326597952,0.540684022460439,0.5172026544155182,-0.0031749999405820033,-0.4712074305792707,-0.7506727196815388,-0.001373058760890342,-0.0018730587608903428,-0.002873058760890343,0.99315977539561,0.08810783788030777,-0.002800493213404603,True,,,194,1.0,50,1.0
R7,exec,short,72,Q1|M4,funding_x_momentum,9437,729,581,0.005331031754092683,0.0026005714862286913,2.049946245401492,0.007382442625581631,0.00046403531701584506,0.002607370170400477,0.1779706319738144,0.8587957537437173,-0.004654861901247654,0.005582932535279344,0.003912948100890214,0.0026435773003265265,2.7977714919902286,0.0007885491792118109,0.004498605421441242,-0.0022856403336585954,-2.3571225196746903,0.5446646179930063,0.5211401928578998,-0.0007622224914306701,-0.11232248867236014,-0.6685657890775818,0.000964035317015846,0.00046403531701584593,-0.0005359646829841551,0.9930062519868602,0.09018999339508826,-0.0028565991292284713,True,,,194,1.0,50,1.0
R7,exec,short,72,Q1|M5,funding_x_momentum,13474,730,657,0.00930495040200684,0.0027198390799737728,3.4211400485121963,0.02106753611374862,-0.0010637309516510454,0.0027783745826606083,-0.38286088502595017,0.7019349812312142,-0.006518338558441174,0.004390876655139082,0.01514388781732856,0.008208747877349907,5.316725424572201,0.005177632855891531,0.011239862898808283,-0.0021962469687421445,-1.3655002691388254,0.5975211518480036,0.564346148137153,-0.0021739809112571104,-0.2819105410344588,-0.8540247236025474,-0.0005637309516510459,-0.0010637309516510472,-0.0020637309516510476,0.9936173370936618,0.10675107807677862,-0.008160922953391098,True,,,194,1.0,50,1.0
R7,exec,short,72,Q2|M1,funding_x_momentum,9419,684,652,-0.003878677564671055,0.0031094141862599363,-1.247398169665008,0.00383561643835606,-0.006237469567056814,0.003131932954533172,-1.991571868749194,0.046817638590029874,-0.012386890671095798,-8.80484630178301e-05,0.0022472635268889225,-0.000809652550623822,-0.6481838542828091,-0.0032622081163311677,0.0016429030150835234,-0.0032267278226195168,-2.541865938902392,0.5210744240365219,0.5062108504087482,-0.003395205755613088,-0.46164049518690387,-0.7677670247184477,-0.005737469567056815,-0.006237469567056816,-0.007237469567056815,0.9929928867183353,0.10680781389181757,-0.0005111806179835406,True,,,194,1.0,50,1.0
R7,exec,short,72,Q2|M2,funding_x_momentum,11765,683,604,-0.002705037439941774,0.0029036030092705984,-0.9316140778560822,0.002756892230576402,-0.005079247230733964,0.002909308612295241,-1.7458605832561687,0.081287455812584,-0.010791569626492446,0.0006330751650245161,0.0008389238972369446,-0.00046313240795369545,-0.5678680669365032,-0.0020644491013441335,0.0011381842854367424,-0.0028902897343328275,-3.4933780299462973,0.5170420739481513,0.5025924351891202,-0.003772772529543961,-0.5540114202343225,-0.8318308747423958,-0.004579247230733962,-0.0050792472307339635,-0.006079247230733965,0.995240118997025,0.08548185814551564,-0.0003647438927320862,True,,,194,1.0,50,1.0
R7,exec,short,72,Q2|M3,funding_x_momentum,12601,685,574,-0.0009138139117691777,0.002820116267864845,-0.3240341266004046,0.0024696439596624264,-0.0032235061627601323,0.0028267759718130013,-1.1403472347660721,0.2545425561792833,-0.008773749593017934,0.002326737267497669,0.0006478433832500536,-4.953375562057909e-05,-0.06394829621877042,-0.001570394773140495,0.0014713272618993366,-0.0024149824979761633,-3.068801963291889,0.5146416951035632,0.5015474962304579,-0.003393838611527363,-0.5104580780459893,-0.8101047110351579,-0.0027235061627601314,-0.003223506162760131,-0.004223506162760132,0.9963494960717404,0.08050105339253587,-0.0003126034137793706,True,,,194,1.0,50,1.0
R7,exec,short,72,Q2|M4,funding_x_momentum,11729,684,600,0.0009529116824716928,0.0029662662643335697,0.32124954321515814,0.003909268603118465,-0.0013261424738490886,0.0029724251953995823,-0.44614830876200257,0.6556321457060614,-0.007162376675577684,0.0045100917278795075,0.0020180932810751877,0.0010724651823869305,1.3239517678054566,-0.0005180192187537809,0.002662949583527642,-0.0012278892224500796,-1.4952940828347674,0.5211423699914749,0.5078431372549019,-0.0019958158014079827,-0.3047146875797332,-0.7537413389678153,-0.0008261424738490873,-0.001326142473849088,-0.002326142473849089,0.9954816709292412,0.07984074860067011,-0.0003000551151836928,True,,,194,1.0,50,1.0
R7,exec,short,72,Q2|M5,funding_x_momentum,9257,684,644,0.0015697223317532429,0.0032453058548876086,0.4836901056303075,0.009190057022643083,-0.0009534187787388428,0.0032627907349131397,-0.292209600982646,0.7702155011741801,-0.007359773734165527,0.005452936176687842,0.007143807832366346,0.0018317362315929354,1.3881188724511964,-0.0007591876447716416,0.004422660107957513,-0.0007814930485465418,-0.5876948935667807,0.5480177163227827,0.5300853408231608,-0.0019700877343195376,-0.2845440623289757,-0.7022825172891746,-0.000453418778738843,-0.0009534187787388447,-0.0019534187787388457,0.992222102192935,0.08700916703414252,-0.0003883886249319591,True,,,194,1.0,50,1.0
R7,exec,short,72,Q3|M1,funding_x_momentum,10178,674,631,0.009658318721532002,0.0034802528653103963,2.775177291800203,0.012148641328678211,0.007871421727951572,0.0035053038249888316,2.2455747407221263,0.02505646910118386,0.0009887191654569267,0.014754124290446218,0.01080039139341594,0.0019358806710209836,1.6344398378590566,-0.00038974319729931416,0.004261504539341281,3.2159454184040467e-07,0.0002700611640799267,0.5588524268029083,0.5477500491255649,0.0020533753616174496,0.2780871263073298,-0.6799631127416872,0.008371421727951573,0.007871421727951572,0.00687142172795157,0.9923364118687364,0.10652813087914066,0.00013705200891088337,True,,,194,1.0,50,1.0
R7,exec,short,72,Q3|M2,funding_x_momentum,13193,685,572,0.009086142528260085,0.0033774195580529693,2.6902617137380784,0.0104308390022676,0.0073073049754974,0.003398165951821723,2.150367309630663,0.031877537392678484,0.0006351638376456909,0.013979446113349107,0.009176532137518583,0.002276235728028767,2.9226173604979295,0.0007470419398115228,0.0038054295162460116,0.00038172012830829617,0.48509003231805076,0.5568104297733647,0.5457439551277192,0.001475403276781513,0.20984507473550001,-0.7016741002205181,0.0078073049754974,0.0073073049754974,0.006307304975497398,0.9936329871901766,0.08683322362135625,0.00015308780303607448,True,,,194,1.0,50,1.0
R7,exec,short,72,Q3|M3,funding_x_momentum,13894,681,570,0.01098560884134354,0.003288926939622361,3.340180260314607,0.011138567720670012,0.009228931564888127,0.0033034628252668883,2.79371436975154,0.005357976970326691,0.0027426673900795345,0.01571519573969672,0.009624969593046144,0.0027160657720448913,3.654692552488942,0.0012568778986153306,0.004175253645474452,0.0008484413644328347,1.1304207638416195,0.5641284007485245,0.5535482942277242,0.002847925298499596,0.4185653707572648,-0.6060297081584951,0.009728931564888126,0.009228931564888125,0.008228931564888124,0.9955376421476897,0.08166691052130323,0.00021280200910930595,True,,,194,1.0,50,0.26789884851633455
R7,exec,short,72,Q3|M4,funding_x_momentum,12979,681,589,0.012106603754344605,0.0035298485927489605,3.4297799002524,0.014950166112956742,0.01035154382839145,0.003553258379703974,2.9132538988774153,0.0036947221435859735,0.0033748125160751674,0.017328275140707734,0.013507988165680338,0.0022615691902391276,2.8060585188851266,0.000679101204582879,0.003844037175895376,0.0005455368329140508,0.6894416787418411,0.5855612913167424,0.5721550196471222,-0.0001432698240831545,-0.020764740285764645,-0.652222971610925,0.010851543828391447,0.010351543828391447,0.009351543828391448,0.9924493412435472,0.08198894837219295,0.0001814358046735431,True,,,194,0.7167760958556788,50,0.18473610717929867
R7,exec,short,72,Q3|M5,funding_x_momentum,9945,679,619,0.012753542885689681,0.0034993336236570087,3.6445632961287875,0.0179115853658538,0.0109859266737131,0.003516339366728114,3.1242509689658573,0.0018589216464736215,0.004081648255343179,0.01789020509208302,0.01650729156792774,0.0027521307130757393,2.102629626973679,0.00018214718899743762,0.0053221142371540405,0.0008350020716240712,0.6331711868514724,0.58350930115636,0.5718451483157365,0.0021557123334458705,0.2757477577219427,-0.6702340425365141,0.0114859266737131,0.0109859266737131,0.009985926673713098,0.9933634992458522,0.08915792022107631,0.0001647039963558976,True,,,194,0.36063079941588255,50,0.09294608232368108
R7,exec,short,72,Q4|M1,funding_x_momentum,15732,671,631,-0.0004558120167067229,0.0027082331115140332,-0.16830604971515983,0.003868353428958249,-0.0020036406298570876,0.0027245985015751702,-0.7353893165171764,0.46236092383547883,-0.007353463259136929,0.003346181999422754,0.002745276744227589,-0.0025123477293390126,-2.0733459024732475,-0.004891604541339499,-0.0001330909173385261,-0.004137266825573633,-3.392386433945912,0.5179558888959512,0.5093116379584314,-0.0037505789744352344,-0.5574545399808489,-0.7428807008086502,-0.0015036406298570878,-0.002003640629857089,-0.003003640629857089,0.9921184770863789,0.11925038625574795,0.00046832159523349563,True,,,194,1.0,50,1.0
R7,exec,short,72,Q4|M2,funding_x_momentum,16150,671,627,0.0025968900872956695,0.0028070975102533805,0.9251157388762257,0.004524886877828038,0.0011755878201080612,0.002820721461307363,0.4167684885707196,0.6769818422907246,-0.004362974832654632,0.006714150472870754,0.0034379080406852797,0.001069104578260014,1.2481935113327487,-0.0006126847944292742,0.0027508939509493023,-0.0004222871358767695,-0.48873324889605557,0.5256965944272446,0.516656346749226,-0.002433246144223327,-0.368051759821949,-0.7987476544353674,0.0016755878201080599,0.0011755878201080588,0.00017558782010805834,0.993312693498452,0.0903306992157798,0.00046529913726466265,True,,,194,1.0,50,1.0
R7,exec,short,72,Q4|M3,funding_x_momentum,16528,669,623,0.002131039310646974,0.0028598167228581083,0.7451663925222479,0.004637517599015151,0.0006711964387466696,0.0028691365807323463,0.23393673318101396,0.8151060945878406,-0.004962461406529687,0.006304854284023027,0.0035893382150827286,0.0007212754013603301,0.9457960104664299,-0.0007761297798707027,0.002218680582591363,-0.0007405973001703893,-0.9679639569653408,0.5283155856727977,0.5200871248789932,-0.0033080813865331757,-0.49643439446904736,-0.801723279462559,0.0011711964387466686,0.0006711964387466671,-0.0003288035612533331,0.9947967086156825,0.08549616611475279,0.0004302970295584348,True,,,194,1.0,50,1.0
R7,exec,short,72,Q4|M4,funding_x_momentum,15500,667,632,0.0011645791270507393,0.002948175592765155,0.39501688091734605,0.005862992038018211,-0.0004029750437776321,0.002965436714795032,-0.13589062338343827,0.8919489968146637,-0.006225753859027323,0.005419803771472058,0.00462193095238095,-9.029877331543675e-05,-0.10392730520834781,-0.0017963428200599486,0.001615745273429075,-0.0017240142153063902,-1.9620620346930933,0.5321935483870968,0.5226451612903226,-0.0033742329393217827,-0.504818134954557,-0.7614176810719905,9.702495622236798e-05,-0.00040297504377763275,-0.0014029750437776335,0.9934838709677419,0.08659533300106823,0.0004317259789596601,True,,,194,1.0,50,1.0
R7,exec,short,72,Q4|M5,funding_x_momentum,14820,670,632,0.0016065494654419808,0.002932207971411693,0.5478975165150096,0.009439845581066364,0.00020856816009774727,0.002954322094839221,0.07059763742825675,0.943739183709608,-0.005592338772634082,0.006009475092829578,0.008375888263151252,-0.000358553396293146,-0.24408485167978217,-0.003242900505617573,0.002525793713031281,-0.001833800780264651,-1.235275580017653,0.5460863697705803,0.5363697705802969,-0.004846098521753441,-0.6972167198067445,-0.8406849098195476,0.0007085681600977474,0.00020856816009774584,-0.0007914318399022542,0.9908906882591093,0.0972150723693683,0.0004724671460673931,True,,,194,1.0,50,1.0
R7,exec,short,72,Q5|M1,funding_x_momentum,12393,726,609,-0.006715214145669379,0.0032152865869038857,-2.088527403131333,0.0,-0.006976543098000798,0.0032363686406427132,-2.1556700959181585,0.03143921006716391,-0.013330360337461562,-0.0006227258585400344,2.0647708236698828e-05,-0.008062969487426247,-4.365927138462315,-0.011688672684189622,-0.004437266290662871,-0.008379825420019216,-4.525560350952202,0.4981040742234772,0.4922952803549818,-0.0056082664610122126,-0.6112035268181373,-0.8849342917450286,-0.006476543098000796,-0.006976543098000798,-0.007976543098000798,0.9845905607099636,0.18090633367678585,0.002185970752212365,True,,,194,1.0,50,1.0
R7,exec,short,72,Q5|M2,funding_x_momentum,7364,703,610,-0.006456604229825245,0.003720307199481695,-1.7355029796261892,0.0,-0.006689752952267468,0.0037115013855635076,-1.8024384897950887,0.07190709171846171,-0.01397677958466292,0.0005972736801279849,-0.0010500000000001047,-0.005439956356554304,-2.123231466168338,-0.010470276021919984,-0.00040963669118862425,-0.005539417405025145,-2.190577952310176,0.4911756720065164,0.4881889763779528,-0.0032299701689199787,-0.34385191254440695,-0.8384977194649015,-0.00618975295226747,-0.006689752952267471,-0.007689752952267471,0.9917187075753462,0.10755935653017076,0.0015013308678986858,True,,,194,1.0,50,1.0
R7,exec,short,72,Q5|M3,funding_x_momentum,6924,697,604,-0.0013974427633108727,0.0030990081967610886,-0.4509322578660496,0.0,-0.001956060748453241,0.003123560226062477,-0.6262279600477011,0.5313716367806797,-0.008088837219395073,0.004176715722488592,-0.0005459300000000816,-0.0011474675996956728,-0.686571541626483,-0.004428863341118971,0.0021339281417276246,-0.0016384167204201107,-0.9663541383545758,0.4958116695551704,0.4935008665511265,0.0009496216451239567,0.12080048102380224,-0.6905267724760291,-0.0014560607484532418,-0.0019560607484532433,-0.0029560607484532433,0.9940785673021375,0.10155405276444912,0.0013610347493825275,True,,,194,1.0,50,1.0
R7,exec,short,72,Q5|M4,funding_x_momentum,7609,708,615,-0.003033711628740841,0.0029821798637481634,-1.017279898378735,0.0,-0.003669815826646004,0.0029969489337116975,-1.2245173033699197,0.22116673334650938,-0.009553843718782512,0.002214212065490503,-0.0010999999999999743,-0.0020124641301434635,-1.0309364645493306,-0.005845019638059839,0.0018200913777729126,-0.0026424201352151914,-1.3487859417695474,0.48863188329609675,0.4854777237481929,-0.001663319316484855,-0.20937630324267073,-0.8082924455106532,-0.003169815826646006,-0.0036698158266460067,-0.004669815826646008,0.9951373373636483,0.10550918356535585,0.0014537455401479006,True,,,194,1.0,50,1.0
R7,exec,short,72,Q5|M5,funding_x_momentum,12903,725,622,-0.009014902483512032,0.003592895008235224,-2.5090915439636006,0.005989773557340983,-0.008768657218874721,0.0036143519579261243,-2.4260662273482856,0.015507793298605747,-0.015864568659249834,-0.0016727457784996092,0.00611362234661293,-0.009032317500149281,-3.239114835236549,-0.014506856702205,-0.003557778298093563,-0.008793576984782291,-3.126177352951284,0.5218941331473301,0.5193365883902968,-0.0035086346951386203,-0.3918987663279191,-0.8924713694477269,-0.008268657218874721,-0.008768657218874723,-0.009768657218874722,0.9880647911338448,0.1324185275413295,0.00201242479723898,True,,,194,1.0,50,0.7753896649302874
R7,full,long,24,Q1|M1,funding_x_momentum,14872,730,699,-0.0014924629336994257,0.0016196965065975377,-0.921446041045437,-0.004811990058687932,-0.0010527934696389495,0.001618591742311985,-0.6504379344819508,0.5156145934387604,-0.004230457987237722,0.0021248710479598236,-0.005536849290780093,-0.0009319679807015228,-1.1160968047130035,-0.0025713073134489865,0.0007073713520459409,-0.0004635581273658936,-0.5559669772828522,0.4473206481543737,0.43905062865595373,-0.0011933254955736948,-0.5161643274374506,-0.8529741614803963,-0.0005527934696389499,-0.0010527934696389503,-0.0020527934696389504,0.9954279567000606,0.1368850822496694,-0.002515659648767309,True,,,194,1.0,50,1.0
R7,full,long,24,Q1|M2,funding_x_momentum,11309,727,631,-0.0020335449861906465,0.0015028148646885084,-1.3531573542241637,-0.0020319303338171,-0.0030865984981489963,0.001500689747135596,-2.0567865570085115,0.04006405048233702,-0.006032814827266954,-0.00014038216903103926,-0.0033480243901896755,-0.0009509492486226739,-2.1782477566119267,-0.0018080320505595047,-9.3866446685843e-05,-0.0019896732766473708,-4.5354765427510495,0.47201344062251305,0.45636218940666723,-0.002537642499805574,-1.1940319333758787,-0.940834162557456,-0.0025865984981489963,-0.003086598498148997,-0.004086598498148996,0.9979662215934212,0.09418122823369979,-0.0009833579691653372,True,,,194,1.0,50,1.0
R7,full,long,24,Q1|M3,funding_x_momentum,10762,727,624,-0.0012465276451607095,0.0016444506211263248,-0.7580207208088328,-0.0017961256851601326,-0.002370895708718462,0.0016532320711174296,-1.4340973358422446,0.15197564403595773,-0.005616589452575011,0.0008747980351380873,-0.0031937762703695607,-7.2422334112109816e-06,-0.012825483580422877,-0.0011158335823040935,0.0011013491154816717,-0.0011133223110143544,-1.907093104525332,0.47435420925478533,0.4552127857275599,-0.0016449691294586706,-0.7274805933191038,-0.9060998870825393,-0.0018708957087184628,-0.002370895708718463,-0.003370895708718463,0.9972124140494332,0.08673602186052137,-0.0008615727366753632,True,,,194,1.0,50,1.0
R7,full,long,24,Q1|M4,funding_x_momentum,10324,729,624,-0.0018072503019773548,0.0014386604859872277,-1.2562034750938447,-0.0026000817147118216,-0.002858109124996492,0.0014424771653939491,-1.9813895107420472,0.04792393022399433,-0.005690027072879021,-2.619117711396288e-05,-0.004061024303957618,-0.0009416295063292899,-1.9516401956886715,-0.0018888498759870695,5.590863328489514e-06,-0.001980946270357244,-3.970129247695502,0.46532351801627275,0.44798527702440916,-0.0024434977195398836,-1.1870087406312344,-0.9247242051061452,-0.0023581091249964925,-0.002858109124996493,-0.0038581091249964934,0.9978690430065866,0.08811851057883055,-0.0009602027295670748,True,,,194,1.0,50,1.0
R7,full,long,24,Q1|M5,funding_x_momentum,14577,730,694,-0.003208137970647298,0.0016562239207760215,-1.9370194636146356,-0.010520562918431398,-0.0012322819570737482,0.0016727219148874597,-0.7366926600926704,0.46154660221814203,-0.00451621634138943,0.002051652427241934,-0.010756729770456384,-0.0024094466853906297,-2.3777221833714592,-0.004398864229198569,-0.00042002914158269103,-0.00043407916841168984,-0.42005945050591387,0.4124305412636345,0.40707964601769914,-0.0009099404149832069,-0.37549048187239487,-0.7828459924326194,-0.0007322819570737484,-0.0012322819570737488,-0.002232281957073749,0.997667558482541,0.10575658605189986,-0.003853277161521007,True,,,194,1.0,50,1.0
R7,full,long,24,Q2|M1,funding_x_momentum,10485,686,685,0.0024048533738843165,0.001873004118371551,1.2839551981205317,-0.0006527415143602333,0.00047533486739878133,0.0018767050120563258,0.25328161023982765,0.8001267115372073,-0.003209459552558963,0.004160129287356526,-0.0026782889451810437,0.0005071512927173708,0.6995036181038109,-0.0009163691127789879,0.0019306716982137296,-0.0014038463433668333,-1.9256740627258238,0.48288030519790176,0.4608488316642823,-0.0019889957635850276,-0.8229526942418697,-0.9305745321879324,0.0009753348673987801,0.0004753348673987795,-0.0005246651326012199,0.997520267048164,0.10481543571268265,-6.706911559422623e-05,True,,,194,1.0,50,1.0
R7,full,long,24,Q2|M2,funding_x_momentum,13022,683,637,0.0008897232575550595,0.0017437719688119674,0.5102291317145259,-0.0003320153196854636,-0.0010879918522555506,0.0017425433072589436,-0.6243700502152708,0.5325936995613024,-0.004509394764793627,0.002333411060282526,-0.0024000000000000115,-4.569867653531483e-05,-0.10190495225090095,-0.0009261955934001288,0.0008347982403294992,-0.0020172093655155617,-4.492385358588491,0.490016894486254,0.4679772692366764,-0.0014612250575401938,-0.6606392740883449,-0.9132082728454424,-0.0005879918522555512,-0.0010879918522555517,-0.0020879918522555513,0.9989248963292889,0.08385703002301824,-2.3111603628535786e-05,True,,,194,1.0,50,1.0
R7,full,long,24,Q2|M3,funding_x_momentum,14106,688,615,0.0012440636770430884,0.0015896900178118537,0.7825825557837329,0.0,-0.0007225872693027022,0.001590604754428266,-0.4542846155155824,0.6497676880943615,-0.0038456253584356415,0.002400450819830237,-0.0020763404808431855,1.4859271204961772e-05,0.035434339951799426,-0.0008084955812830326,0.0008382141236929562,-0.0019425758826270094,-4.5938437034963355,0.4979441372465617,0.4732737842053027,-0.0021739225816804117,-1.0107411121019605,-0.9375588614754361,-0.00022258726930270267,-0.0007225872693027031,-0.001722587269302703,0.9982985963419821,0.07881322734206744,-2.7508265871325273e-05,True,,,194,1.0,50,1.0
R7,full,long,24,Q2|M4,funding_x_momentum,13019,686,631,0.0001883876195170936,0.0015747336229379387,0.11963142005288731,-0.0011017260374587279,-0.0017630970603037385,0.001576456587144582,-1.1183923963914644,0.26379206605331307,-0.004858372235836569,0.0013321781152290913,-0.003124758554922188,-0.0004316538976884464,-1.0311979902171169,-0.001253536399324042,0.0003902286039471491,-0.0023798675210202854,-5.653527007574912,0.4803379416282642,0.4578341013824885,-0.0022663108692035513,-1.0684494733312961,-0.9377532767979655,-0.0012630970603037391,-0.0017630970603037391,-0.0027630970603037394,0.9980798771121352,0.07811283250318965,-2.5117343593689562e-05,True,,,194,1.0,50,1.0
R7,full,long,24,Q2|M5,funding_x_momentum,10426,687,682,-0.0008516764072261105,0.0017250988643512009,-0.4936971583633966,-0.004134307048783148,-0.002668677328105736,0.0017295128797362091,-1.543022523493882,0.12328713482925964,-0.006064460296943349,0.0007271056407318773,-0.006192013599299849,-0.0013737565715681314,-1.8688043201010134,-0.002817071017048151,6.95578739118882e-05,-0.0031622130313233125,-4.327529053404021,0.4433147899482064,0.4210627277958949,-0.00287392378106034,-1.2699525549801205,-0.9452838116194677,-0.002168677328105736,-0.0026686773281057365,-0.003668677328105736,0.9953961250719355,0.08508024908152784,-8.623065908653076e-05,True,,,194,1.0,50,1.0
R7,full,long,24,Q3|M1,funding_x_momentum,11153,676,660,-0.003612661558775988,0.001990384633375557,-1.8150569986310434,-0.0043983663210805934,-0.005764768535035316,0.0019946219225219406,-2.8901560089876654,0.003974309814625431,-0.009681188526901563,-0.0018483485431690701,-0.006614328717640059,-0.00020064910081048058,-0.2743611967548763,-0.001636608109789087,0.0012353099081681257,-0.0023258808191293436,-3.170911396663837,0.43817806868107234,0.4182731103738904,-0.003168495705848038,-1.3086888723903944,-0.9703436820979533,-0.005264768535035318,-0.005764768535035316,-0.006764768535035316,0.9982067605128665,0.10567554506198508,0.000126397634959128,True,,,194,0.7710161040373336,50,0.19871549073127154
R7,full,long,24,Q3|M2,funding_x_momentum,14198,685,594,-0.003003964865793665,0.0018890714084825952,-1.5901806847029742,-0.0031219835954169883,-0.005148595007363477,0.0018912001029781967,-2.722395688989043,0.006646399066910865,-0.008861859280293148,-0.0014353307344338053,-0.005339567845484261,-0.00022323486752898915,-0.5097707566992212,-0.001083048565553633,0.0006365788304956547,-0.0023546680945168434,-5.360447738326759,0.46034652767995493,0.43999154810536695,-0.002873344256744456,-1.2648865672453449,-0.9590308994718549,-0.004648595007363476,-0.005148595007363478,-0.006148595007363478,0.9986617833497675,0.08628351335548122,0.00014152960646025557,True,,,194,1.0,50,0.33231995334554326
R7,full,long,24,Q3|M3,funding_x_momentum,14969,685,589,-0.003456217583981073,0.0018270708174395853,-1.8916713851434266,-0.0032051282051283048,-0.00560420799116107,0.0018294608050876222,-3.063311318600595,0.0022751069146475776,-0.009196250649978194,-0.0020121653323439456,-0.0054235562416070065,-0.0006228554925789165,-1.4448616035690138,-0.001469260643366789,0.00022354965820895606,-0.002755495319820625,-6.362992493389684,0.45480660030730174,0.4346983766450665,-0.0035073770204639503,-1.5609095728199451,-0.9544416521739272,-0.005104207991161072,-0.005604207991161073,-0.006604207991161071,0.9984634912151781,0.08148532603704646,0.00014013658503947337,True,,,194,0.44137074144163,50,0.11375534573237887
R7,full,long,24,Q3|M4,funding_x_momentum,14024,684,611,-0.0034462117183963583,0.0018876193715322489,-1.8256920703239783,-0.0039688165219778915,-0.0056342923147834996,0.001896126163056129,-2.971475434789786,0.003068010826067312,-0.009357238318019328,-0.0019113463115476704,-0.006268253968254074,-0.0005154352360326563,-1.1706847475514273,-0.001379910399502499,0.0003490399274371866,-0.002718669071433519,-6.179052783943855,0.45193953223046207,0.42612664004563605,-0.00260168421868437,-1.224860923383472,-0.9215876440708209,-0.005134292314783499,-0.005634292314783499,-0.0066342923147835,0.9950798630918426,0.08142404424409344,0.00014671427087065362,True,,,194,0.5951941002570585,50,0.1534005413033656
R7,full,long,24,Q3|M5,funding_x_momentum,10872,683,647,-0.0059834606433463765,0.0019032674813254857,-3.1437833631137,-0.0075142988609883665,-0.008120915465419697,0.001906888201040801,-4.258726579244242,2.3449896264079143e-05,-0.011865001949667966,-0.004376828981171428,-0.009732230965200305,-0.0018557162137600263,-2.608012779912697,-0.0032527964652089066,-0.0004586359623111459,-0.0039682149197161785,-5.560812524968964,0.4082045621780721,0.3904525386313466,-0.005593924966661174,-2.3106095586367603,-0.9903079036047752,-0.007620915465419698,-0.0081209154654197,-0.0091209154654197,0.9977005150846211,0.08808237029518254,0.00010190530192679752,True,,,194,0.004549279875231353,50,0.0011724948132039571
R7,full,long,24,Q4|M1,funding_x_momentum,16454,671,642,0.0008586659338012431,0.0017747872254420822,0.48381345182792707,0.0,-0.0013821061827026535,0.0017781645294593512,-0.7772656353250288,0.43727681984280714,-0.004873561212098459,0.002109348846693152,-0.0024000000000000115,0.0012671159787904388,1.8548903418714708,-7.4201125594493e-05,0.0026084330831753705,-0.0009534272352080167,-1.390770502596572,0.4637170292937887,0.4457882581743041,-0.002028313684422883,-0.8757037108364375,-0.9026184129462577,-0.0008821061827026554,-0.0013821061827026559,-0.002382106182702656,0.9973866537012277,0.11849440971133117,0.0002293567607092725,True,,,194,1.0,50,1.0
R7,full,long,24,Q4|M2,funding_x_momentum,16912,671,636,-0.0011329288113816386,0.0017944030825106957,-0.6313680702088772,-0.0011881859685317075,-0.0033567371261373265,0.0017951687932739745,-1.869872704290615,0.06193803979920773,-0.00688158030462347,0.00016810605234881659,-0.0034545401555430826,-0.0005739538451216,-1.3196282066728784,-0.0014279555051995413,0.0002800478149563415,-0.002790270882973774,-6.399187231326744,0.4668282876064333,0.4489120151371807,-0.002586385428048756,-1.1613461037395583,-0.950423465795936,-0.0028567371261373274,-0.003356737126137328,-0.004356737126137327,0.9988174077578051,0.09009601064148605,0.0002079734939616325,True,,,194,1.0,50,1.0
R7,full,long,24,Q4|M3,funding_x_momentum,17064,669,631,8.509623221766655e-05,0.0017389413470600243,0.04893565407570312,0.0,-0.002128830403988657,0.001740883261533205,-1.222845006915504,0.22182013046131727,-0.005547101632612059,0.0012894408246347444,-0.0023000000000000086,-0.0002195334016023208,-0.5718972911309422,-0.0009732676605786144,0.0005342008573739728,-0.00242370036968238,-6.277231766309903,0.48628691983122363,0.46407641819034223,-0.0018193504681306059,-0.8234674365134789,-0.9290867056946508,-0.0016288304039886593,-0.00212883040398866,-0.0031288304039886598,0.9984763244256916,0.08527116716725018,0.00020265905153186577,True,,,194,1.0,50,1.0
R7,full,long,24,Q4|M4,funding_x_momentum,16155,668,638,0.0011018111170398278,0.00192683873610389,0.5718232130145535,-0.0005050505050506748,-0.0011398295392991272,0.0019321704925589426,-0.5899218229906571,0.5554431472007382,-0.00493370875953866,0.0026540496809404047,-0.002788663017982791,0.0008990042267961615,1.885118226830985,-3.739276767842758e-05,0.0018354012212707506,-0.0013224644073723873,-2.7524130941545017,0.48226555246053854,0.45998142989786445,-0.0017745139681456558,-0.7902292308076502,-0.889646367749369,-0.0006398295392991291,-0.0011398295392991294,-0.002139829539299129,0.9969049829774064,0.08633311715261756,0.00020122610431542583,True,,,194,1.0,50,1.0
R7,full,long,24,Q4|M5,funding_x_momentum,15512,672,642,-0.0005756964528981264,0.0016654342715150768,-0.34567347552804023,-0.003633534515277148,-0.0027845732395950194,0.0016680060822106839,-1.669402329699241,0.09550480058060931,-0.006059721503333529,0.0004905750241434902,-0.005905844944208314,-0.00038147905345398055,-0.48006128607309995,-0.0019417721102126851,0.0011788140033047241,-0.002580196750592838,-3.236843855929287,0.4265085095410005,0.4072975760701392,-0.002215110267759319,-0.9577697144070926,-0.9030826038856132,-0.002284573239595021,-0.002784573239595021,-0.003784573239595021,0.998452810727179,0.0966564409342012,0.0001927386912448273,True,,,194,1.0,50,1.0
R7,full,long,24,Q5|M1,funding_x_momentum,13151,728,640,0.0016486429951238204,0.0019324486356340393,0.8531367741026131,0.0,-0.0009272021233012334,0.0019377077898535152,-0.47850461672104183,0.6324351544146098,-0.004731381630353173,0.002876977383750706,-0.0023499999999999615,0.003648488484999035,3.3755103784948615,0.0015264891118371366,0.005770487858160933,0.0011017255176515007,1.018337578366819,0.4585202646186602,0.43745722758725575,-9.719363255088192e-05,-0.036188041209310844,-0.8428074749169963,-0.00042720212330123436,-0.0009272021233012347,-0.0019272021233012347,0.9925480952018858,0.1801519828931611,0.0007747567049720299,True,,,194,1.0,50,1.0
R7,full,long,24,Q5|M2,funding_x_momentum,7836,708,642,-0.00012496697811643763,0.001994203351055593,-0.06266511288845682,0.0,-0.002860727333889817,0.0019916775202977887,-1.4363406247925572,0.1513483939134476,-0.006771047185519579,0.0010495925177399453,-0.0023000000000000086,-1.4304815590859394e-05,-0.015275556935909058,-0.0018528631612951773,0.0018242535301134586,-0.002773413894955264,-3.0065051709630417,0.45611125287063026,0.43365654503699924,-0.004296220361791123,-1.6694366505785074,-0.9934116557161032,-0.0023607273338898216,-0.0028607273338898224,-0.0038607273338898216,0.9957897422811942,0.10620147519963374,0.0005932774080717438,True,,,194,1.0,50,1.0
R7,full,long,24,Q5|M3,funding_x_momentum,7422,698,639,-5.239168719301644e-05,0.0017900729228161906,-0.029267906645161938,0.0,-0.0027097233091511476,0.0017940749163962504,-1.5103735548536377,0.13140197852051455,-0.006232170986775113,0.0008127243684728186,-0.00235000000000001,0.0007796236179814262,0.8925706311453915,-0.0009353019903951661,0.0024945492263580187,-0.0018601867359685023,-2.1244040678877685,0.466316356777149,0.44017784963621664,-0.00287984419510917,-1.1340648149939447,-0.979406728205089,-0.0022097233091511507,-0.002709723309151151,-0.003709723309151151,0.9971705739692805,0.09927889903485371,0.0005765771855154686,True,,,194,1.0,50,1.0
R7,full,long,24,Q5|M4,funding_x_momentum,8092,711,649,-2.9091304174787358e-05,0.0016938520334556977,-0.017174643121239452,-5.647165123107145e-05,-0.002671200148343891,0.0016928064154890928,-1.577971423018335,0.11501821156020436,-0.005994713300722644,0.0006523130040348626,-0.002840823685073759,0.00044466666846672644,0.5352649069604681,-0.0011863367266533493,0.0020756700635868024,-0.002194746831426749,-2.6492836861516955,0.4451309935739001,0.4218981710331191,-0.0027616460329335365,-1.13846575776056,-0.9569122295419057,-0.0021712001483438935,-0.002671200148343894,-0.003671200148343894,0.9977755808205635,0.10366647581277104,0.0005725663983155764,True,,,194,1.0,50,1.0
R7,full,long,24,Q5|M5,funding_x_momentum,13784,727,657,0.0020779581674505803,0.0017742604987243886,1.171168590488565,-0.0017656428411398917,-0.0007642384662209209,0.001777938083450826,-0.4298453772572323,0.6674358473968297,-0.00425476022371395,0.002726283291272108,-0.0045573785950024075,0.002054832676965519,1.5174676424551803,-0.0006036249394351322,0.00471329029336617,-0.0007703555962619014,-0.5682356515399449,0.416134648868253,0.393282066163668,-0.0028177854705476926,-1.0993265908439689,-0.9598283281828954,-0.00026423846622092187,-0.0007642384662209223,-0.0017642384662209228,0.9957196749854904,0.13035455790865438,0.0008156588306010877,True,,,194,1.0,50,1.0
R7,full,long,48,Q1|M1,funding_x_momentum,14871,730,699,-0.0038120925388568927,0.002258179020744936,-1.6881268065272106,-0.008753252898036523,-0.0010733481745815886,0.00227359595936138,-0.4720927525236614,0.6370022519843829,-0.005536945490377059,0.0033902491412138814,-0.007954122723250188,-0.0024275273633168914,-2.160513771277225,-0.0046333816837533445,-0.00022167304288043784,0.0004005125753494292,0.3507465918383237,0.4358233039736435,0.4351509446648289,-0.0006069184683700379,-0.1289342752835339,-0.7203183449781835,-0.0005733481745815891,-0.0010733481745815896,-0.0020733481745815905,0.9922006320177503,0.1368850822496694,-0.004702273329945112,True,-0.00563265532240496,0.0033393655451006204,194,1.0,50,1.0
R7,full,long,48,Q1|M2,funding_x_momentum,11309,727,631,-0.0031501577276321258,0.00216756186638813,-1.4533184849211815,-0.003366247755834828,-0.0032877802596118287,0.0021690656218365787,-1.5157587795006489,0.1300168183407633,-0.007546189651627197,0.0009706291324035389,-0.00428454112509241,-0.0015026943921097788,-2.420134317266194,-0.0027216949720620005,-0.00028369381215755714,-0.0015570168868294823,-2.467856695662826,0.4675921832169069,0.457600141480237,-0.00280214165711334,-0.6548851827654161,-0.8318870344516528,-0.0027877802596118287,-0.0032877802596118283,-0.004287780259611829,0.9948713414094968,0.09418122823369979,-0.0019574679388498803,True,-0.007569989442177078,0.000684546755283149,194,1.0,50,1.0
R7,full,long,48,Q1|M3,funding_x_momentum,10762,727,624,-0.001379433864988772,0.002120352957382616,-0.650568038771978,-0.0030290065799840615,-0.001586289136486854,0.00213965502325773,-0.7413761186939617,0.45870582285721556,-0.00578695828867171,0.0026143800156980014,-0.003947402405345158,-0.00015475067495067764,-0.21174369915011154,-0.0015895619226055924,0.0012800605727042369,-0.00027414233898695944,-0.357372550994996,0.4718453818992752,0.4609737966920647,-0.001401994457122848,-0.3174606733580565,-0.7122391871237003,-0.0010862891364868538,-0.0015862891364868542,-0.0025862891364868542,0.9941460695038097,0.08673602186052137,-0.0017791973511543124,True,-0.005903879686266487,0.002393023108616387,194,1.0,50,1.0
R7,full,long,48,Q1|M4,funding_x_momentum,10324,729,624,-0.003706442784823187,0.0021722146648262427,-1.7062967324731086,-0.004845653356590041,-0.003841491968135335,0.0021727158446845337,-1.7680599962178205,0.07747081745201523,-0.00810704796903307,0.00042406403276239917,-0.005725430744361505,-0.001873161471040877,-2.692748080215921,-0.0032388454525754343,-0.0005074774895063195,-0.0019674590660470684,-2.778651657183991,0.4575745834947695,0.4483727237504843,-0.003113841664930268,-0.7385557826494334,-0.8440127782050719,-0.003341491968135334,-0.0038414919681353343,-0.004841491968135335,0.9965129794653235,0.08811851057883055,-0.0018914455754276826,True,-0.008050146710728148,0.0003407123980774791,194,1.0,50,1.0
R7,full,long,48,Q1|M5,funding_x_momentum,14577,730,694,-0.0063020017280268036,0.0023553431917506568,-2.675619311062144,-0.015867291741795797,-0.0016117589908692005,0.0024005728299876464,-0.6714059955754372,0.5021752002297604,-0.006324641416695703,0.003101123434957302,-0.014923169699027489,-0.004911233642629623,-3.478438252961248,-0.007683123881113386,-0.00213934340414586,-0.00018988566777738958,-0.12958007401410848,0.4005625300130342,0.405296014269054,-0.0005592800667287369,-0.1130339684072951,-0.7159172144922578,-0.0011117589908691988,-0.0016117589908692005,-0.0026117589908691997,0.9962269328394046,0.10575658605189986,-0.006531061902630494,True,-0.006348073633433248,0.0030139726006745944,194,1.0,50,1.0
R7,full,long,48,Q2|M1,funding_x_momentum,10485,686,685,0.003440516005631331,0.002482775444279431,1.3857540010550018,-0.0009736384765174355,0.0015098977361124402,0.002487026956130383,0.6071095178082514,0.5439800017235877,-0.003373238811664307,0.006393034283889187,-0.0030888210822511263,0.0006566582954577798,0.6798935934253425,-0.0012396747425251937,0.0025529913334407534,-0.0012022201178768575,-1.2454150137850468,0.4820219360991893,0.46504530281354317,-0.0011407953513180012,-0.24005290058050563,-0.792006320994248,0.0020098977361124406,0.0015098977361124395,0.0005098977361124398,0.9946590367191226,0.10481543571268265,-0.00024546516252757055,True,-0.003399219256717946,0.006510650961242114,194,1.0,50,1.0
R7,full,long,48,Q2|M2,funding_x_momentum,13022,683,637,0.0015760173319481906,0.0024425043269659893,0.6452464851539794,-0.0007998463755460872,-0.00029742362275165065,0.00244698460028069,-0.12154699409123115,0.9032937030648037,-0.0051019769004470115,0.004507129654943711,-0.0027907901598197542,0.0002461275669998388,0.3821931243157207,-0.001018308558969862,0.0015105636929695397,-0.0015709720225863288,-2.4029723241396583,0.489863308247581,0.4723544770388573,-0.0003065235391581766,-0.06733876456227406,-0.7472471341582873,0.00020257637724834933,-0.00029742362275165136,-0.001297423622751652,0.9965443096298572,0.08385703002301824,-0.00016683975726284906,True,-0.0051542784314500155,0.004354690969496466,194,1.0,50,1.0
R7,full,long,48,Q2|M3,funding_x_momentum,14106,688,615,0.0011438091416251927,0.002284109002043826,0.5007681947760416,0.0,-0.0007609130884505392,0.0022910169426395128,-0.33212896608869275,0.7398934801851506,-0.005259171763644838,0.0037373455867437595,-0.002244621095749735,-0.00023429667680167264,-0.41566198669635107,-0.0013410216430543318,0.0008724282894509866,-0.002077134352783609,-3.6239853975215928,0.49695165177938466,0.4768183751595066,-0.0018069450914227276,-0.4135612338287228,-0.8343755358690153,-0.00026091308845054,-0.00076091308845054,-0.0017609130884505412,0.9959591663122076,0.07881322734206744,-0.00012519580254822423,True,-0.0054011368507238255,0.003629124935402034,194,1.0,50,1.0
R7,full,long,48,Q2|M4,funding_x_momentum,13019,686,631,0.0002750036763065698,0.002386388757017754,0.11523842269950982,-0.001103752759381904,-0.0015952516643337918,0.0023888432014672677,-0.6677925379756868,0.5044916104263829,-0.006285609971564493,0.0030951066428969096,-0.00318886149944869,-0.0005329018242656407,-0.8373055349509733,-0.0017825258604049357,0.0007167222118736544,-0.002396544817382416,-3.731504852457701,0.4857142857142857,0.4675115207373272,-0.001377708169321275,-0.3168512067239691,-0.8238502392187416,-0.0010952516643337924,-0.0015952516643337915,-0.0025952516643337918,0.9973886328725038,0.07811283250318965,-0.00013173825196365196,True,-0.006131681880287915,0.0031316679184578236,194,1.0,50,1.0
R7,full,long,48,Q2|M5,funding_x_momentum,10426,687,682,-0.0009054184428079889,0.0026184223445670602,-0.3457877773945189,-0.005939964864871972,-0.0025766245422393936,0.002629682921585997,-0.9798232787264697,0.3275197848601212,-0.007739844597319333,0.0025865955128405458,-0.00768956892100802,-0.0009177438846914503,-0.8811920794747321,-0.002962614900141569,0.0011271271307586686,-0.0025112791638858896,-2.4141841790771994,0.44369844619221177,0.4251870324189526,-0.0015465810098716723,-0.33335691011868124,-0.7873064210614864,-0.0020766245422393936,-0.0025766245422393945,-0.003576624542239394,0.992998273546902,0.08508024908152784,-0.00017952558195692407,True,-0.007677731677627554,0.002629377615000085,194,1.0,50,1.0
R7,full,long,48,Q3|M1,funding_x_momentum,11153,676,660,-0.006151804938040077,0.0027488984871232615,-2.2379163751797826,-0.00738636363636358,-0.008453086871122983,0.002760563803145398,-3.062087122018879,0.002285600394546972,-0.013873440495219706,-0.003032733247026259,-0.009935487810604582,-0.0014660326258096434,-1.599715170209156,-0.0032654358137215477,0.00033337056210226094,-0.0036769555682040506,-3.985291827584509,0.4295705191428315,0.4132520398099166,-0.005523381028611603,-1.1685054084754747,-0.9282757864880431,-0.007953086871122986,-0.008453086871122987,-0.009453086871122986,0.9956962252308796,0.10567554506198508,0.00018109728770823461,True,-0.014118812522761584,-0.002952137344000161,194,0.44340647654211257,50,0.1142800197273486
R7,full,long,48,Q3|M2,funding_x_momentum,14198,685,594,-0.005931740333476959,0.002623302458581643,-2.2611728640257938,-0.00600626896247014,-0.008188596838468802,0.002631904098913271,-3.111282376075148,0.0019404962167799593,-0.01335620490003169,-0.003020988776905915,-0.0083643565804388,-0.0011188548662121674,-1.759056736667163,-0.002367707392603724,0.00012999766017938942,-0.0032993154792719612,-5.164434076376344,0.4460487392590506,0.4276658684321735,-0.004239731239893812,-0.9000132597791379,-0.9122570841071269,-0.007688596838468805,-0.008188596838468806,-0.009188596838468805,0.9964783772362305,0.08628351335548122,0.00019177195716708588,True,-0.013483351321091692,-0.0030118263554061203,194,0.3764562660553121,50,0.09702481083899797
R7,full,long,48,Q3|M3,funding_x_momentum,14969,685,589,-0.0065285340310794575,0.0025986371175523307,-2.5122915342749805,-0.006666666666666599,-0.008770194347811813,0.0026077009781869036,-3.363190189816012,0.0008135487665660835,-0.013890280829149875,-0.003650107866473751,-0.00896321650330984,-0.0017172616515402138,-2.8733088436987626,-0.0028907300843905945,-0.0005437932186898333,-0.0038749439542637427,-6.415500759610602,0.44251453002872604,0.4242100340704122,-0.005676753457909818,-1.2757542849440955,-0.9155612676193139,-0.008270194347811809,-0.008770194347811809,-0.00977019434781181,0.9959917162135079,0.08148532603704646,0.00019963354349721254,True,-0.01383937701980567,-0.003652452801060875,194,0.1578284607138202,50,0.04067743832830417
R7,full,long,48,Q3|M4,funding_x_momentum,14024,684,611,-0.00698286471484267,0.0027095656499814763,-2.5771158985907605,-0.008764543558289428,-0.009215589340592828,0.0027245354367198367,-3.38244429358122,0.0007595457191679564,-0.014565088225168457,-0.003866090456017198,-0.011225665105241783,-0.0009414896596551874,-1.479028261611862,-0.0021913384035340757,0.00030835908422370106,-0.003227092953799766,-5.1390433599539005,0.43004848830576153,0.4122219053051911,-0.002564856089221534,-0.5578339805973921,-0.8607039411705938,-0.008715589340592828,-0.009215589340592828,-0.010215589340592827,0.994438106103822,0.08142404424409344,0.0002008139617094465,True,-0.014510323468029707,-0.003825326959608966,194,0.14735186951858356,50,0.03797728595839782
R7,full,long,48,Q3|M5,funding_x_momentum,10872,683,647,-0.009931364791247038,0.002740596814165262,-3.6237963716205948,-0.011532442880840321,-0.012148828883899183,0.002750245660599919,-4.417361349912692,1.1622774962445805e-05,-0.017548822738207487,-0.00674883502959088,-0.013949495811096472,-0.0025997414997109346,-2.7158014358546616,-0.004479281877058261,-0.0007202011223636079,-0.004723788834100574,-4.9110472824575995,0.3967071376011773,0.38061074319352467,-0.004874342117113005,-0.7905671664256524,-0.9071386025309216,-0.011648828883899181,-0.012148828883899183,-0.013148828883899183,0.9955849889624724,0.08808237029518254,0.0001617686077235716,True,-0.0174377718487145,-0.006596198416934569,194,0.002254818342714486,50,0.0005811387481222903
R7,full,long,48,Q4|M1,funding_x_momentum,16453,671,642,0.0003363014848212811,0.0023857368137298386,0.140963363136234,-0.0007067137809186885,-0.002082617208877603,0.0023958674408862293,-0.8692539384012183,0.38502046538707557,-0.006786954734072484,0.002621720316317278,-0.00340947223479318,0.0023656379286672094,2.4206340290695922,0.00044673734260713624,0.0042845385147272826,5.5410423950937205e-06,0.005624599740492307,0.4591588671447672,0.44025768810015803,-0.0008367093427194792,-0.1846432518094899,-0.7497736932457784,-0.0015826172088776013,-0.0020826172088776037,-0.0030826172088776033,0.9951987358696973,0.11849440971133117,0.0003749682271755572,True,-0.006654472428995267,0.0026228532005052865,194,1.0,50,1.0
R7,full,long,48,Q4|M2,funding_x_momentum,16912,671,636,-0.00255159366555155,0.00246196325281196,-1.036406072526557,-0.001739887236538451,-0.005019207726572657,0.0024667967760133493,-2.0347066184691234,0.04227480240932997,-0.009862816534970172,-0.00017559891817514345,-0.004340644038294232,-0.0006242810138865682,-0.9869458130645509,-0.0018662768880470275,0.0006177148602738912,-0.0030268984284169257,-4.764728952253793,0.4693708609271523,0.45056764427625356,-0.0021001847630515687,-0.471240678227464,-0.8355082679886103,-0.004519207726572656,-0.005019207726572658,-0.006019207726572658,0.9965113528855251,0.09009601064148605,0.0003553609309915028,True,-0.009876785914682993,-0.00017366506642135863,194,1.0,50,1.0
R7,full,long,48,Q4|M3,funding_x_momentum,17064,669,631,-0.0015587266646762414,0.002483852321981129,-0.627544017364525,-0.0016946313242056088,-0.003999009432641903,0.002489384958273853,-1.6064246790559977,0.1086546210791141,-0.008886997268468928,0.0008889784031851236,-0.004258662402495892,-0.00012704029560392388,-0.20413307109944712,-0.0013490194978138766,0.001094938906606029,-0.0025068971956635194,-4.011149432453333,0.4729840600093765,0.4541139240506329,-0.0010415508747237822,-0.2320999413670849,-0.8079502752844937,-0.003499009432641902,-0.003999009432641903,-0.004999009432641903,0.9963080168776371,0.08527116716725018,0.0003409939797658877,True,-0.00886987935014639,0.0011024108787741531,194,1.0,50,1.0
R7,full,long,48,Q4|M4,funding_x_momentum,16155,668,638,-0.00026466136116397695,0.002714388183110362,-0.0975031363644926,-0.002083876009377539,-0.0026386540837352534,0.0027226659393261654,-0.9691435315741658,0.332825923054485,-0.007984711302536739,0.0027074031350662327,-0.004525812164502039,0.0012095155172939995,1.6753148774570656,-0.00020807849199981762,0.0026271095265878166,-0.0011291341792111825,-1.5508124590569774,0.4734138037759208,0.4562055091303002,-0.0004975841497052355,-0.10995861482181543,-0.7519411594654293,-0.002138654083735252,-0.0026386540837352534,-0.0036386540837352543,0.9962859795728877,0.08633311715261756,0.0003404727996272052,True,-0.007940087945117311,0.0026838961187438284,194,1.0,50,1.0
R7,full,long,48,Q4|M5,funding_x_momentum,15512,672,642,-0.003522345031098759,0.0024136556178054338,-1.4593403487699617,-0.006350162752036426,-0.0058911176213763995,0.0024257129168386176,-2.4286128752013134,0.01541918929580068,-0.010654044461415005,-0.001128190781337795,-0.009090926873263626,-0.0014680272918293795,-1.3730622927691318,-0.0035673347693382217,0.0006312801856794628,-0.003756094792456358,-3.4920705785738404,0.4174832387828778,0.4010443527591542,-0.0018808971405372163,-0.40699862637635464,-0.8001639832159272,-0.005391117621376398,-0.0058911176213763995,-0.0068911176213764,0.9945848375451264,0.0966564409342012,0.00033794828493646486,True,-0.010712041167935352,-0.0012829458382377012,194,1.0,50,0.7709594647900341
R7,full,long,48,Q5|M1,funding_x_momentum,13149,728,640,0.004215547152174771,0.0026689833845445032,1.5794579975979166,0.0,0.0009762392838760024,0.0026709872845866738,0.3654975407444038,0.7148466503028491,-0.004267553690478645,0.006220032258230649,-0.0026500000000000187,0.00538818496144731,3.604544292957995,0.002453484043627247,0.008322885879267373,0.0022056058171879174,1.4847556230042567,0.4590525435328112,0.4363926697589537,7.947166869953934e-05,0.014548993220170888,-0.7543514404938337,0.001476239283876004,0.0009762392838760023,-2.3760716123997978e-05,0.9881377841989203,0.1801519828931611,0.0014673842454790151,True,-0.004308482663722361,0.006240123184451755,194,1.0,50,1.0
R7,full,long,48,Q5|M2,funding_x_momentum,7836,708,642,0.004140232645532149,0.002738368843162153,1.511933885703718,0.0,0.0007758382587571928,0.0027347856570287847,0.2836925287958781,0.7767293117184924,-0.004593461029840009,0.006145137547354395,-0.0025999999999999964,0.002388205698177022,1.549585939872179,-0.000637650393579142,0.005414061789933186,-0.001044309840912254,-0.6858923464959712,0.4732074508803266,0.4474355702985455,-0.002965983230898474,-0.5461885164463884,-0.9484077051881065,0.0012758382587571924,0.0007758382587571916,-0.00022416174124280922,0.9933656545037,0.10620147519963374,0.001083917257898784,True,-0.004518545073097824,0.00617511413056999,194,1.0,50,1.0
R7,full,long,48,Q5|M3,funding_x_momentum,7422,698,639,0.001775040389830577,0.0024777269753473714,0.7163987023153431,0.0,-0.0012960045491850719,0.0024878143321969697,-0.520941025386159,0.60257378737818,-0.006180537352639107,0.0035885282542689636,-0.0026499999999999285,0.0011689651911976878,0.9498954100647048,-0.0012472114491454743,0.00358514183154085,-0.001905328441563533,-1.5391771378467103,0.47130153597413094,0.4501482080301805,-0.00347838119946625,-0.6755232268319453,-0.9256228591772412,-0.0007960045491850738,-0.0012960045491850754,-0.0022960045491850754,0.9948800862301267,0.09927889903485371,0.0009937427166847193,True,-0.006220289008104621,0.003537567616487216,194,1.0,50,1.0
R7,full,long,48,Q5|M4,funding_x_momentum,8092,711,649,0.0026861952476599257,0.002433071903428073,1.1040344692958786,0.0,-0.00029663733065360116,0.002434233708995618,-0.12186066175872481,0.903043949544265,-0.0050758177574779335,0.0044825430961707305,-0.0026000000000000172,0.0017277633489983426,1.2535502964883851,-0.0009782600816432463,0.004433786779639931,-0.0012532885794921782,-0.9125644721127096,0.4693524468610974,0.4472318339100346,-0.003713454225163028,-0.750798478439478,-0.9361819928169585,0.00020336266934639795,-0.0002966373306536031,-0.0012966373306536032,0.9966633712308453,0.10366647581277104,0.0010574958921264642,True,-0.004833445880003915,0.0044924725566656476,194,1.0,50,1.0
R7,full,long,48,Q5|M5,funding_x_momentum,13784,727,657,0.0058748806061624395,0.0028186867313979773,2.0842616317453233,-0.003036166207263602,0.0022501214109805034,0.002830634532348291,0.7949176713794293,0.4269218990331669,-0.0033071104941145104,0.007807353316075518,-0.006633642533446572,0.005022238424310439,2.356581140264613,0.0008382772549320018,0.009206199593688878,0.00143457963132495,0.668859145975892,0.4137405687753918,0.3937173534532792,-0.0021518846413736492,-0.3693262697734961,-0.8468638548509528,0.002750121410980503,0.002250121410980501,0.001250121410980501,0.9915844457341846,0.13035455790865438,0.0014308348741586072,True,-0.003235297062601333,0.007716840796200182,194,1.0,50,1.0
R7,full,long,72,Q1|M1,funding_x_momentum,14870,730,699,-0.00675845849165454,0.0027206003870351085,-2.4841790524847576,-0.013511882212867088,-0.0017573192545417152,0.0027634025172485663,-0.6359259078519706,0.525025125924952,-0.007182533149484797,0.003667894640401367,-0.011555014064966394,-0.004552281333684209,-3.3446125362418244,-0.007224383214725905,-0.0018801794526425134,0.0005767757045634372,0.40936171570328056,0.4189470853223963,0.4219727022120621,-0.0007511970868190937,-0.10480282802195043,-0.719549999707342,-0.0012573192545417152,-0.0017573192545417156,-0.0027573192545417157,0.9900490822295435,0.1368850822496694,-0.0067737811137521245,True,,,194,1.0,50,1.0
R7,full,long,72,Q1|M2,funding_x_momentum,11309,727,631,-0.003915857699790296,0.0026192967758879027,-1.4950034436105006,-0.005714285714285672,-0.0030002619635065503,0.0026288250430080433,-1.1412938915377528,0.2541255134870602,-0.008161304150201974,0.002160780223188874,-0.005743800950831767,-0.001818966919459552,-2.3081893287897124,-0.0033660943581694295,-0.0002718394807496747,-0.0008085015908506891,-0.9970329597531358,0.4598991953311522,0.45556636307365816,-0.002573034151582583,-0.40284178503301443,-0.7522968198079588,-0.0025002619635065507,-0.0030002619635065516,-0.004000261963506551,0.9924838624104695,0.09418122823369979,-0.0029460460851746255,True,,,194,1.0,50,1.0
R7,full,long,72,Q1|M3,funding_x_momentum,10762,727,624,-0.0031771528760385897,0.0025377398191075225,-1.2519616282633486,-0.006313073957207982,-0.0025162675406162393,0.002558239320858267,-0.9835934895145203,0.3256444559997617,-0.007538732270146043,0.0025061971889135644,-0.007100075307505697,-0.0003517961199735395,-0.41536753102584495,-0.0020145624307701263,0.0013109701908230475,0.0004304600256044238,0.48583957682288775,0.45614198104441556,0.44908009663631293,-0.0011361536073516913,-0.1731565362733926,-0.6811760432618372,-0.00201626754061624,-0.0025162675406162406,-0.003516267540616241,0.9928451960602118,0.08673602186052137,-0.0026700045390734652,True,,,194,1.0,50,1.0
R7,full,long,72,Q1|M4,funding_x_momentum,10324,729,624,-0.006427918592553458,0.0025709574175603865,-2.500204223006148,-0.007442400485721257,-0.005666238075611549,0.002573574896369116,-2.201699310793583,0.02800081553387021,-0.01071878701076839,-0.0006136891404547084,-0.008123311490202843,-0.0029955808218353253,-3.368007427428319,-0.004741719470901987,-0.001249442172768664,-0.0021610292458775853,-2.39443169187975,0.4475009686168152,0.438783417280124,-0.0034983972449268964,-0.5292703343593022,-0.8114104476773568,-0.0051662380756115475,-0.005666238075611547,-0.00666623807561155,0.9928322355676095,0.08811851057883055,-0.0027369427170731713,True,,,194,1.0,50,1.0
R7,full,long,72,Q1|M5,funding_x_momentum,14577,730,694,-0.008837898725694395,0.002733115141924282,-3.2336357111804546,-0.019950922863544274,-0.001994207983419238,0.0027855206179664468,-0.7159193044764098,0.4742713761255011,-0.0074628449506782095,0.0034744289838397335,-0.01815448176242214,-0.007358302806924249,-4.6989569998384235,-0.010432600485674999,-0.0042840051281735,-0.00047003270452962605,-0.2907426158214547,0.4000137202442203,0.4049530081635453,-0.0008739014886454103,-0.11354392564287218,-0.7085927433408321,-0.0014942079834192365,-0.001994207983419238,-0.0029942079834192384,0.9934828839953351,0.10575658605189986,-0.008656577338074855,True,,,194,1.0,50,1.0
R7,full,long,72,Q2|M1,funding_x_momentum,10485,686,685,0.003678861836259326,0.003028071143788302,1.2149192213683742,-0.0036590615583296238,0.0018089142721324284,0.003047472863934042,0.5935784674378579,0.552990893869188,-0.004174641642979449,0.007792470187244306,-0.006299152254669737,0.0006742212968347705,0.5664157218702092,-0.001662910975470547,0.003011353569140088,-0.0011154471064922513,-0.9332006875315781,0.46924177396280403,0.45054840247973293,-0.0007730497100385031,-0.10733924601142687,-0.7713841267557332,0.0023089142721324273,0.0018089142721324273,0.0008089142721324273,0.9909394372913686,0.10481543571268265,-0.00044364878537055374,True,,,194,1.0,50,1.0
R7,full,long,72,Q2|M2,funding_x_momentum,13022,683,637,0.0026463632307314054,0.0028624795415719446,0.9245003125081349,-0.002658632600459787,0.0009756719579659597,0.002869615918475763,0.34000088711669874,0.7339610097945527,-0.004658715266908703,0.0066100591828406234,-0.004838923897236945,0.0003344188408360729,0.4159575718773814,-0.0012441415795347213,0.0019129792612068673,-0.0012808786686589442,-1.5726170584373127,0.47780678851174935,0.4625249577637844,-0.0003850327470310594,-0.05716300405924165,-0.7440414720524482,0.0014756719579659592,0.0009756719579659597,-2.4328042034040553e-05,0.994701274765781,0.08385703002301824,-0.0003330930641550213,True,,,194,1.0,50,1.0
R7,full,long,72,Q2|M3,funding_x_momentum,14106,688,615,0.0006066898468245791,0.0027353406548682705,0.22179681559765224,-0.0023070488185325533,-0.0012062149125011714,0.002743434340586392,-0.43967333012364,0.6603126007729349,-0.006592778855566822,0.004180349030564479,-0.004470735253197286,-0.00030816839730852814,-0.41896571621668754,-0.001752355628700063,0.0011360188340830066,-0.0020459242658487447,-2.7401279917594303,0.4825606125053169,0.4678151141358287,-0.001312195497486698,-0.19940774752813917,-0.7702545400825572,-0.0007062149125011715,-0.0012062149125011722,-0.002206214912501172,0.9953211399404509,0.07881322734206744,-0.00023486539529914531,True,,,194,1.0,50,1.0
R7,full,long,72,Q2|M4,funding_x_momentum,13019,686,631,-0.0005780179722724766,0.0029070969514445695,-0.19882996058499286,-0.003315963998105187,-0.0023859022417574718,0.0029136695241122525,-0.8188650847368893,0.41314942952914024,-0.0081067421947594,0.0033349377112444566,-0.005433123351332945,-0.0006606086620415377,-0.8335618276455683,-0.002216655161918506,0.0008954378378354306,-0.002450131210658005,-3.0605169736542726,0.47572964669738865,0.4592165898617512,-0.0014368446150627686,-0.22241619684678557,-0.7839656430133023,-0.001885902241757471,-0.0023859022417574713,-0.003385902241757471,0.9951612903225806,0.07811283250318965,-0.0002334427591263396,True,,,194,1.0,50,1.0
R7,full,long,72,Q2|M5,funding_x_momentum,10426,687,682,-0.0013870134549721926,0.0031459701045557405,-0.44088577096255027,-0.00865084440987618,-0.002931477374719581,0.003168770825487867,-0.925114985009447,0.3552328388509957,-0.009153179391791442,0.0032902246423522803,-0.010780784844384187,-0.0017016773986575555,-1.34932400538628,-0.004177821918353612,0.0007744671210385007,-0.0031334854796235914,-2.464443756999537,0.44120468060617685,0.42633800115096876,-0.0020393759895012977,-0.301564016129855,-0.7345602947870631,-0.002431477374719579,-0.002931477374719581,-0.003931477374719581,0.9903126798388644,0.08508024908152784,-0.00031369748571429034,True,,,194,1.0,50,1.0
R7,full,long,72,Q3|M1,funding_x_momentum,11153,676,660,-0.009868693015367459,0.0035030469603392275,-2.817174056499601,-0.011753860336482957,-0.012116186720618503,0.003526661253136724,-3.4355969714533776,0.0006276349377097555,-0.01904078753253329,-0.005191585908703719,-0.014248297278349203,-0.001950779696615772,-1.6884025414609514,-0.004219389179360606,0.00031782978612906175,-0.0040616239449506675,-3.489121848860286,0.41845243432260376,0.4040168564511791,-0.005986990893251396,-0.8260883533904715,-0.8862763835933454,-0.011616186720618505,-0.012116186720618505,-0.013116186720618506,0.993096027974536,0.10567554506198508,0.00015538440682556103,True,,,194,0.12176117791569258,50,0.031381746885487775
R7,full,long,72,Q3|M2,funding_x_momentum,14198,685,594,-0.009435244229531205,0.0033986467639340588,-2.7761767800221646,-0.010674471192763824,-0.011703787975173267,0.003419793170355201,-3.4223671994635976,0.000657923217206277,-0.01841839315289836,-0.004989182797448177,-0.013330076534027483,-0.0022085670691122145,-2.8830541930146047,-0.0037126612653713966,-0.0007044728728530325,-0.004361076911509824,-5.646340159992122,0.4333708973094802,0.418016622059445,-0.005558845375791706,-0.7986395458220644,-0.8905440298832168,-0.011203787975173267,-0.011703787975173267,-0.01270378797517327,0.9935906465699395,0.08628351335548122,0.00019205377684836618,True,,,194,0.12763710413801774,50,0.03289616086031385
R7,full,long,72,Q3|M3,funding_x_momentum,14969,685,589,-0.010970706305628413,0.0033257447882329787,-3.2987216410725626,-0.010813148788927252,-0.01322921631142142,0.0033379782262469592,-3.9632422426840184,8.17446658273504e-05,-0.019783181643413552,-0.006675250979429289,-0.013275293369011966,-0.002566762417792321,-3.490284684464279,-0.004010678884876174,-0.001122845950708468,-0.004715965498726206,-6.3371980743730845,0.42634778542320795,0.4120515732513862,-0.006931271221456783,-1.037646942404955,-0.888849720268407,-0.012729216311421425,-0.01322921631142142,-0.014229216311421424,0.9956576925646335,0.08148532603704646,0.0002189181803542614,True,,,194,0.01585846517050598,50,0.00408723329136752
R7,full,long,72,Q3|M4,funding_x_momentum,14024,684,611,-0.012104377250224051,0.003517805355776018,-3.4408888571249157,-0.014606703152333644,-0.014404452728213866,0.0035437144152284904,-4.064789382099545,5.3694312878616764e-05,-0.02136238973646039,-0.00744651571996734,-0.017361319335675023,-0.002260151331585363,-2.8919013194559606,-0.00379467088132425,-0.000725631781846476,-0.0045849988528878435,-5.979017209847322,0.4092270393610953,0.3926839703365659,-0.003912405516948817,-0.5703778987736364,-0.8480993582175261,-0.013904452728213865,-0.01440445272821387,-0.015404452728213867,0.992156303479749,0.08142404424409344,0.00021461718556848596,True,,,194,0.010416696698451652,50,0.002684715643930838
R7,full,long,72,Q3|M5,funding_x_momentum,10872,683,647,-0.013064114626358847,0.003455770697949216,-3.7803765840458055,-0.017233009995839155,-0.015301738914703164,0.0034723026377323006,-4.406798747443414,1.2190023158724513e-05,-0.022119479747883836,-0.008483998081522491,-0.019785789344933455,-0.0028591392961422857,-2.2351839319038835,-0.005370687710794261,-0.00034759088149031005,-0.004953211433837599,-3.844218458271962,0.38833701250919794,0.37270051508462104,-0.006962706010223592,-0.9156175489068867,-0.8751321764765675,-0.014801738914703162,-0.015301738914703161,-0.016301738914703164,0.9936534216335541,0.08808237029518254,0.00019727789317781246,True,,,194,0.0023648644927925554,50,0.0006095011579362257
R7,full,long,72,Q4|M1,funding_x_momentum,16453,671,642,0.0008620429478840174,0.002680830942351903,0.32155811627858333,-0.0033025099075296716,-0.001587321384552665,0.0026955326076005567,-0.588871149277481,0.5561470818286337,-0.006880072347223375,0.0037054295781180453,-0.006182407664537591,0.0027933088445466826,2.349732439771427,0.00045913134202082984,0.005127486347072535,0.0004175854068346227,0.34932631142596354,0.44894858393095904,0.43193144524127874,0.0001303323519416606,0.019617230446878235,-0.6754582098212594,-0.001087321384552665,-0.0015873213845526658,-0.002587321384552665,0.9927069405615656,0.11849440971133117,0.00048485351965223605,True,,,194,1.0,50,1.0
R7,full,long,72,Q4|M2,funding_x_momentum,16912,671,636,-0.0024630284736222204,0.002817447264999906,-0.8742057053629725,-0.004211528191001623,-0.0050365293349076325,0.002830670009324577,-1.7792710977672006,0.07565061797393197,-0.010594626229974357,0.0005215675601590915,-0.007045959132814876,-0.0009873246533797446,-1.1917700846829278,-0.002613999820481965,0.0006393505137224757,-0.003494488522681148,-4.183222397121626,0.45405629139072845,0.4357852412488174,-0.0020345075751150845,-0.31197053803676894,-0.7653074885277394,-0.004536529334907633,-0.005036529334907632,-0.006036529334907634,0.9933774834437086,0.09009601064148605,0.00046450263095236327,True,,,194,1.0,50,1.0
R7,full,long,72,Q4|M3,funding_x_momentum,17064,669,631,-0.001889657864090873,0.0028574949656559874,-0.6612987553092922,-0.004682744344744694,-0.0044531326647643645,0.0028685690161986003,-1.5523881906336745,0.12104512611875759,-0.010085676075681022,0.0011794107461522924,-0.0076824670540080655,-0.0004594637567326222,-0.6105256459959779,-0.0019371527401314957,0.001018225226666251,-0.003015398997275469,-3.9954513312928683,0.45622362869198313,0.4388185654008439,7.02256876821348e-05,0.0104717377145375,-0.7002997486744071,-0.003953132664764364,-0.004453132664764364,-0.0054531326647643645,0.9942569151429911,0.08527116716725018,0.0004422904055169039,True,,,194,1.0,50,1.0
R7,full,long,72,Q4|M4,funding_x_momentum,16155,668,638,-0.0009929842855625885,0.002960562438133734,-0.33540393297313514,-0.00511855805407313,-0.00344778700048948,0.0029773658546801696,-1.1579991068513962,0.24728074557931867,-0.009293973158732411,0.0023983991577534516,-0.007966955933538215,0.00010022881929985028,0.11971358873960539,-0.0015437114512612427,0.0017441690898609434,-0.002290867628148708,-2.7028607364653303,0.4575054162797895,0.44103992571959144,-0.0009463652850803801,-0.1466282460665192,-0.7073203836174493,-0.002947787000489479,-0.0034477870004894803,-0.004447787000489479,0.9936242649334571,0.08633311715261756,0.000444652895589322,True,,,194,1.0,50,1.0
R7,full,long,72,Q4|M5,funding_x_momentum,15512,672,642,-0.0017060974838538042,0.0028928741335877174,-0.5897586293316941,-0.008917955603744865,-0.004284205222896305,0.002913675434381214,-1.470378331211127,0.14193016628680272,-0.010005269939702115,0.0014368594939095057,-0.011764670911418463,0.00030065187617496866,0.21155891064153026,-0.002489737180567246,0.003091040932917184,-0.002213952875115625,-1.5415249913545934,0.41367973182052603,0.3973053120165034,0.0006957476298259984,0.10246476602770863,-0.5683873599396652,-0.0037842052228963027,-0.004284205222896305,-0.005284205222896304,0.9917483238782878,0.0966564409342012,0.00045886170696825767,True,,,194,1.0,50,1.0
R7,full,long,72,Q5|M1,funding_x_momentum,13147,728,640,0.006302694420226485,0.0031642677450715384,1.9918334755468021,0.0,0.0024614528496319293,0.003180965106896771,0.7738069318318394,0.43929756276819953,-0.0037835641523953824,0.008706469851659241,-0.003887092470699958,0.007869592205228596,4.381800608527333,0.004343681285618926,0.011395503124838266,0.00410191210893644,2.2851224826114263,0.45464223252984565,0.432286518135503,0.0010246523503782369,0.11643180418327335,-0.7360220167302765,0.002961452849631929,0.0024614528496319284,0.001461452849631928,0.9846399513344993,0.1801519828931611,0.002146106243725361,True,,,194,1.0,50,1.0
R7,full,long,72,Q5|M2,funding_x_momentum,7835,708,642,0.0061272510331876195,0.0036214394014418877,1.691938026285359,0.0,0.0024123439065400175,0.003623723288839683,0.6657086411563313,0.5058154026238686,-0.00470225476582044,0.009526942578900476,-0.002900000000000026,0.004771426640746732,1.9645194080057258,2.9008740734040583e-06,0.00953995240742006,0.0009163947039789849,0.38022178864120143,0.4594284256187803,0.4360806328144935,-0.0018642314160730322,-0.21718130054276383,-0.894704078427376,0.0029123439065400184,0.002412343906540017,0.001412343906540018,0.991707068129625,0.10620147519963374,0.0015023737038466346,True,,,194,1.0,50,1.0
R7,full,long,72,Q5|M3,funding_x_momentum,7422,698,639,0.0017342248191710306,0.0029892396228442934,0.5801558382666215,0.0,-0.0016878486643306962,0.0030113293793978275,-0.5604995175480317,0.5753196619182473,-0.007600256965187945,0.004224559636526553,-0.0030000000000000287,0.0014347793448896108,0.9108938850999208,-0.0016577955108619572,0.004527354200641179,-0.002045979083452588,-1.2828026388006928,0.46712476421449745,0.4477229857181353,-0.0038415405890714813,-0.5016748868233771,-0.8892911453236649,-0.0011878486643306973,-0.0016878486643306986,-0.002687848664330698,0.9940716787927782,0.09927889903485371,0.0013459056546489489,True,,,194,1.0,50,1.0
R7,full,long,72,Q5|M4,funding_x_momentum,8092,711,649,0.0031697468657359597,0.002896011690145598,1.0945214332254989,0.0,-0.00022516596837818105,0.002912647121479202,-0.07730629869911237,0.9384017522578987,-0.005943639004370578,0.0054933070676142165,-0.002900000000000026,0.001887711850737269,1.0023409435547426,-0.0018097975859277045,0.005585221287402242,-0.0015079100073786872,-0.7962133807554762,0.4642857142857143,0.44191794364804743,-0.00327630980967818,-0.4283079845957651,-0.8911239525618738,0.0002748340316218192,-0.00022516596837818134,-0.0012251659683781807,0.9949332674246169,0.10366647581277104,0.0014616223823127443,True,,,194,1.0,50,1.0
R7,full,long,72,Q5|M5,funding_x_momentum,13784,727,657,0.009534143707589645,0.003568613857853425,2.6716658308681724,-0.005438744205504331,0.005437841015513755,0.003595806003230854,1.5122731901075366,0.13090133965394554,-0.0016216270640401114,0.012497309095067622,-0.00953020985028684,0.009474060053027776,3.375805099622461,0.003964315238098922,0.01498380486795663,0.005393007177595721,1.9027355400122534,0.407501450957632,0.3839959373186303,0.0005659498552374087,0.06167616620901277,-0.7826759939836794,0.0059378410155137545,0.005437841015513755,0.004437841015513755,0.9882472431804992,0.13035455790865438,0.0018921293121421053,True,,,194,1.0,50,1.0
R7,full,short,24,Q1|M1,funding_x_momentum,14872,730,699,0.0014924629336994257,0.0016196965065975377,0.921446041045437,0.004811990058687932,-0.002947206530361052,0.001618591742311985,-1.8208461425555544,0.06904061895856048,-0.006124871047959825,0.00023045798723772114,0.0015368492907800926,0.0009319679807015228,1.1160968047130035,-0.0007073713520459409,0.0025713073134489865,-0.0035364418726341086,-4.2414204005811476,0.5417871310428293,0.5109258387682377,-0.002806674504426308,-1.214006793022197,-0.9550681139345888,-0.0024472065303610515,-0.002947206530361052,-0.003947206530361052,0.9954279567000606,0.1368850822496694,-0.002515659648767309,True,,,194,1.0,50,1.0
R7,full,short,24,Q1|M2,funding_x_momentum,11309,727,631,0.0020335449861906465,0.0015028148646885084,1.3531573542241637,0.0020319303338171,-0.0009134015018510056,0.001500689747135596,-0.6086544561222184,0.54294414871511,-0.0038596178309689626,0.0020328148272669515,-0.0006519756098103246,0.0009509492486226739,2.1782477566119267,9.3866446685843e-05,0.0018080320505595047,-0.0020103267233526306,-4.582556243804534,0.520824122380405,0.4918206737996286,-0.001462357500194428,-0.6880801978125959,-0.8728046728539968,-0.0004134015018510053,-0.0009134015018510058,-0.0019134015018510053,0.9979662215934212,0.09418122823369979,-0.0009833579691653372,True,,,194,1.0,50,1.0
R7,full,short,24,Q1|M3,funding_x_momentum,10762,727,624,0.0012465276451607095,0.0016444506211263248,0.7580207208088328,0.0017961256851601326,-0.0016291042912815387,0.0016532320711174296,-0.9854056909145352,0.3247535700785406,-0.004874798035138088,0.0016165894525750105,-0.0008062237296304394,7.2422334112109816e-06,0.012825483580422877,-0.0011013491154816717,0.0011158335823040935,-0.0028866776889856457,-4.944806244506014,0.5189555844638543,0.4910797249581862,-0.0023550308705413314,-1.0415023749108343,-0.9334573486925825,-0.0011291042912815392,-0.0016291042912815398,-0.0026291042912815394,0.9972124140494332,0.08673602186052137,-0.0008615727366753632,True,,,194,1.0,50,1.0
R7,full,short,24,Q1|M4,funding_x_momentum,10324,729,624,0.0018072503019773548,0.0014386604859872277,1.2562034750938447,0.0026000817147118216,-0.00114189087500351,0.0014424771653939491,-0.7916179904946036,0.42884165348321096,-0.003973808822886039,0.0016900270728790192,6.102430395761756e-05,0.0009416295063292899,1.9516401956886715,-5.590863328489514e-06,0.0018888498759870695,-0.0020190537296427575,-4.046502615781603,0.5284773343665246,0.4999031383184812,-0.0015565022804601193,-0.7561217663286851,-0.8719970285885438,-0.0006418908750035095,-0.0011418908750035102,-0.0021418908750035098,0.9978690430065866,0.08811851057883055,-0.0009602027295670748,True,,,194,1.0,50,1.0
R7,full,short,24,Q1|M5,funding_x_momentum,14577,730,694,0.003208137970647298,0.0016562239207760215,1.9370194636146356,0.010520562918431398,-0.002767718042926253,0.00167272191488746,-1.6546193472406703,0.09843276872799936,-0.006051652427241936,0.0005162163413894292,0.006756729770456384,0.0024094466853906297,2.3777221833714592,0.00042002914158269103,0.004398864229198569,-0.0035659208315883106,-3.4507501259400186,0.5814639500583111,0.5507992042258352,-0.0030900595850167955,-1.275125209834517,-0.9720464470633439,-0.002267718042926253,-0.0027677180429262534,-0.003767718042926254,0.997667558482541,0.10575658605189986,-0.003853277161521007,True,,,194,1.0,50,1.0
R7,full,short,24,Q2|M1,funding_x_momentum,10485,686,685,-0.0024048533738843165,0.001873004118371551,-1.2839551981205317,0.0006527415143602333,-0.004475334867398783,0.0018767050120563258,-2.3846767811927516,0.017365635256147323,-0.008160129287356528,-0.0007905404474410388,-0.0013217110548189564,-0.0005071512927173708,-0.6995036181038109,-0.0019306716982137296,0.0009163691127789879,-0.002596153656633168,-3.561177320474693,0.5057701478302337,0.48497854077253216,-0.0020110042364149742,-0.8320587629138854,-0.9176522399911866,-0.003975334867398783,-0.004475334867398782,-0.005475334867398782,0.997520267048164,0.10481543571268265,-6.706911559422623e-05,True,,,194,1.0,50,0.8682817628073661
R7,full,short,24,Q2|M2,funding_x_momentum,13022,683,637,-0.0008897232575550595,0.0017437719688119674,-0.5102291317145259,0.0003320153196854636,-0.0029120081477444514,0.0017425433072589436,-1.6711252659339066,0.0951563721761925,-0.006333411060282528,0.000509394764793625,-0.0015999999999999886,4.569867653531483e-05,0.10190495225090095,-0.0008347982403294992,0.0009261955934001288,-0.0019827906344844393,-4.415733819096014,0.5038396559668253,0.4830287206266319,-0.0025387749424598083,-1.1478139020444444,-0.9408503893547463,-0.002412008147744451,-0.0029120081477444514,-0.003912008147744451,0.9989248963292889,0.08385703002301824,-2.3111603628535786e-05,True,,,194,1.0,50,1.0
R7,full,short,24,Q2|M3,funding_x_momentum,14106,688,615,-0.0012440636770430884,0.0015896900178118537,-0.7825825557837329,0.0,-0.0032774127306973,0.001590604754428266,-2.060482166655756,0.03972899718380455,-0.006400450819830239,-0.00015437464156436076,-0.0019236595191568146,-1.4859271204961772e-05,-0.035434339951799426,-0.0008382141236929562,0.0008084955812830326,-0.0020574241173729915,-4.865439189038971,0.49666808450304833,0.4741953778533957,-0.0018260774183195907,-0.8490143743527082,-0.8903246784620686,-0.0027774127306972986,-0.0032774127306972986,-0.004277412730697299,0.9982985963419821,0.07881322734206744,-2.7508265871325273e-05,True,,,194,1.0,50,1.0
R7,full,short,24,Q2|M4,funding_x_momentum,13019,686,631,-0.0001883876195170936,0.0015747336229379387,-0.11963142005288731,0.0011017260374587279,-0.0022369029396962625,0.001576456587144582,-1.418943571258083,0.15637097244210163,-0.005332178115229092,0.0008583722358365673,-0.000875241445077812,0.0004316538976884464,1.0311979902171169,-0.0003902286039471491,0.001253536399324042,-0.0016201324789797147,-3.8487279837468886,0.5135944700460829,0.4894777265745008,-0.0017336891307964519,-0.8173456095061818,-0.8957720981130693,-0.001736902939696262,-0.002236902939696263,-0.003236902939696263,0.9980798771121352,0.07811283250318965,-2.5117343593689562e-05,True,,,194,1.0,50,1.0
R7,full,short,24,Q2|M5,funding_x_momentum,10426,687,682,0.0008516764072261105,0.0017250988643512009,0.4936971583633966,0.004134307048783148,-0.0013313226718942657,0.0017295128797362091,-0.7697674226614163,0.44170323124739774,-0.0047271056407318796,0.0020644602969433477,0.002192013599299849,0.0013737565715681314,1.8688043201010134,-6.95578739118882e-05,0.002817071017048151,-0.0008377869686766877,-1.1465222018879744,0.5440245539996164,0.519854210627278,-0.0011260762189396626,-0.4975996165135435,-0.8467436853266175,-0.0008313226718942652,-0.0013313226718942662,-0.0023313226718942657,0.9953961250719355,0.08508024908152784,-8.623065908653076e-05,True,,,194,1.0,50,1.0
R7,full,short,24,Q3|M1,funding_x_momentum,11153,676,660,0.003612661558775988,0.001990384633375557,1.8150569986310434,0.0043983663210805934,0.0017647685350353148,0.0019946219225219406,0.8847634306575725,0.3765997517895247,-0.0021516514568309317,0.005681188526901561,0.0026143287176400593,0.00020064910081048058,0.2743611967548763,-0.0012353099081681257,0.001636608109789087,-0.0016741191808706567,-2.2823540855302467,0.534923339011925,0.5186945216533668,-0.0008315042941519647,-0.3434375546392787,-0.8132840835282916,0.0022647685350353154,0.0017647685350353152,0.000764768535035315,0.9982067605128665,0.10567554506198508,0.000126397634959128,True,,,194,1.0,50,1.0
R7,full,short,24,Q3|M2,funding_x_momentum,14198,685,594,0.003003964865793665,0.0018890714084825952,1.5901806847029742,0.0031219835954169883,0.0011485950073634754,0.0018912001029781967,0.6073365824984398,0.5438294212657055,-0.002564669265566196,0.004861859280293147,0.0013395678454842606,0.00022323486752898915,0.5097707566992212,-0.0006365788304956547,0.001083048565553633,-0.0016453319054831564,-3.7456301005147683,0.5295111987603888,0.511903084941541,-0.0011266557432555461,-0.4959697092364462,-0.8450117315971799,0.0016485950073634754,0.001148595007363475,0.00014859500736347497,0.9986617833497675,0.08628351335548122,0.00014152960646025557,True,,,194,1.0,50,1.0
R7,full,short,24,Q3|M3,funding_x_momentum,14969,685,589,0.003456217583981073,0.0018270708174395853,1.8916713851434266,0.0032051282051283048,0.0016042079911610702,0.001829460805087622,0.8768747527686097,0.3808629837666704,-0.0019878346676560537,0.005196250649978194,0.0014235562416070064,0.0006228554925789165,1.4448616035690138,-0.00022354965820895606,0.001469260643366789,-0.0012445046801793755,-2.8738114272990987,0.5324336963056985,0.5141292003473846,-0.000492622979536053,-0.21923503520223067,-0.7727328204509606,0.0021042079911610706,0.00160420799116107,0.0006042079911610703,0.9984634912151781,0.08148532603704646,0.00014013658503947337,True,,,194,1.0,50,1.0
R7,full,short,24,Q3|M4,funding_x_momentum,14024,684,611,0.0034462117183963583,0.0018876193715322489,1.8256920703239783,0.0039688165219778915,0.0016342923147834977,0.001896126163056129,0.8619111674243163,0.3890393520579512,-0.0020886536884523314,0.005357238318019326,0.0022682539682540737,0.0005154352360326563,1.1706847475514273,-0.0003490399274371866,0.001379910399502499,-0.001281330928566482,-2.9122380228268594,0.5397889332572733,0.5196805476326298,-0.0013983157813156322,-0.6583206166158215,-0.8594134472276955,0.0021342923147834986,0.001634292314783498,0.0006342923147834977,0.9950798630918426,0.08142404424409344,0.00014671427087065362,True,,,194,1.0,50,1.0
R7,full,short,24,Q3|M5,funding_x_momentum,10872,683,647,0.0059834606433463765,0.0019032674813254857,3.1437833631137,0.0075142988609883665,0.004120915465419697,0.001906888201040801,2.1610682069197633,0.031037980863017428,0.000376828981171428,0.007865001949667966,0.005732230965200305,0.0018557162137600263,2.608012779912697,0.0004586359623111459,0.0032527964652089066,-3.1785080283822736e-05,-0.04454165818268418,0.5624540103016924,0.5471854304635762,0.001593924966661171,0.658381777672521,-0.7409941827397064,0.004620915465419698,0.004120915465419698,0.0031209154654196977,0.9977005150846211,0.08808237029518254,0.00010190530192679752,True,,,194,1.0,50,1.0
R7,full,short,24,Q4|M1,funding_x_momentum,16454,671,642,-0.0008586659338012431,0.0017747872254420822,-0.48381345182792707,0.0,-0.002617893817297348,0.0017781645294593512,-1.4722449885406923,0.1414250005394126,-0.006109348846693154,0.0008735612120984574,-0.0015999999999999886,-0.0012671159787904388,-1.8548903418714708,-0.0026084330831753705,7.4201125594493e-05,-0.0030465727647919845,-4.444055486166533,0.4980551841497508,0.48359061626352257,-0.0019716863155771194,-0.8512554228748799,-0.9085267023371334,-0.0021178938172973453,-0.0026178938172973466,-0.003617893817297347,0.9973866537012277,0.11849440971133117,0.0002293567607092725,True,,,194,1.0,50,1.0
R7,full,short,24,Q4|M2,funding_x_momentum,16912,671,636,0.0011329288113816386,0.0017944030825106957,0.6313680702088772,0.0011881859685317075,-0.0006432628738626753,0.0017951687932739745,-0.3583300223760641,0.7202093922020697,-0.004168106052348818,0.002881580304623468,-0.0005454598444569175,0.0005739538451216,1.3196282066728784,-0.0002800478149563415,0.0014279555051995413,-0.0012097291170262263,-2.7743840808703175,0.5098746452223274,0.4936140018921476,-0.001413614571951246,-0.6347452152804564,-0.8662097847630701,-0.0001432628738626742,-0.0006432628738626747,-0.0016432628738626746,0.9988174077578051,0.09009601064148605,0.0002079734939616325,True,,,194,1.0,50,1.0
R7,full,short,24,Q4|M3,funding_x_momentum,17064,669,631,-8.509623221766655e-05,0.0017389413470600243,-0.04893565407570312,0.0,-0.0018711695960113427,0.001740883261533205,-1.0748392137238392,0.2828353768508241,-0.0052894408246347445,0.0015471016326120588,-0.0016999999999999914,0.0002195334016023208,0.5718972911309422,-0.0005342008573739728,0.0009732676605786144,-0.0015762996303176197,-4.082517062102444,0.49537037037037035,0.47872714486638535,-0.002180649531869396,-0.9869972341216348,-0.9149811602729353,-0.001371169596011342,-0.0018711695960113425,-0.002871169596011343,0.9984763244256916,0.08527116716725018,0.00020265905153186577,True,,,194,1.0,50,1.0
R7,full,short,24,Q4|M4,funding_x_momentum,16155,668,638,-0.0011018111170398278,0.00192683873610389,-0.5718232130145535,0.0005050505050506748,-0.0028601704607008746,0.0019321704925589426,-1.4802888625593802,0.13926905580844584,-0.006654049680940407,0.0009337087595386573,-0.0012113369820172092,-0.0008990042267961615,-1.885118226830985,-0.0018354012212707506,3.739276767842758e-05,-0.002677535592627614,-5.572689884225958,0.5031878675332714,0.48579387186629525,-0.0022254860318543478,-0.9910567888981969,-0.9100043292971012,-0.002360170460700873,-0.0028601704607008737,-0.0038601704607008733,0.9969049829774064,0.08633311715261756,0.00020122610431542583,True,,,194,1.0,50,1.0
R7,full,short,24,Q4|M5,funding_x_momentum,15512,672,642,0.0005756964528981264,0.0016654342715150768,0.34567347552804023,0.003633534515277148,-0.0012154267604049824,0.0016680060822106839,-0.7286704607180583,0.4664578771064721,-0.004490575024143492,0.0020597215033335272,0.0019058449442083143,0.00038147905345398055,0.48006128607309995,-0.0011788140033047241,0.0019417721102126851,-0.0014198032494071628,-1.7811360406589483,0.5289453326456937,0.5149561629706034,-0.0017848897322406837,-0.7717508938395016,-0.9051196949713547,-0.0007154267604049798,-0.0012154267604049809,-0.002215426760404981,0.998452810727179,0.0966564409342012,0.0001927386912448273,True,,,194,1.0,50,1.0
R7,full,short,24,Q5|M1,funding_x_momentum,13151,728,640,-0.0016486429951238204,0.0019324486356340393,-0.8531367741026131,0.0,-0.003072797876698768,0.0019377077898535152,-1.5857901241812433,0.11322236651497926,-0.006876977383750708,0.0007313816303531713,-0.0016500000000000386,-0.003648488484999035,-3.3755103784948615,-0.005770487858160933,-0.0015264891118371366,-0.005101725517651503,-4.715583623961059,0.4919017565204167,0.4803437000988518,-0.0039028063674491206,-1.4531293249408215,-0.9847213818305041,-0.002572797876698767,-0.0030727978766987678,-0.004072797876698768,0.9925480952018858,0.1801519828931611,0.0007747567049720299,True,,,194,1.0,50,1.0
R7,full,short,24,Q5|M2,funding_x_momentum,7836,708,642,0.00012496697811643763,0.001994203351055593,0.06266511288845682,0.0,-0.0011392726661101802,0.0019916775202977887,-0.5720166314574059,0.567492789758353,-0.005049592517739942,0.002771047185519582,-0.0016999999999999914,1.4304815590859394e-05,0.015275556935909058,-0.0018242535301134586,0.0018528631612951773,-0.0012265861050447361,-1.3296744038660337,0.48953814748660374,0.47652462362847664,0.00029622036179112064,0.11510609023219491,-0.7889464891700276,-0.0006392726661101791,-0.0011392726661101798,-0.0021392726661101803,0.9957897422811942,0.10620147519963374,0.0005932774080717438,True,,,194,1.0,50,1.0
R7,full,short,24,Q5|M3,funding_x_momentum,7422,698,639,5.239168719301644e-05,0.0017900729228161906,0.029267906645161938,0.0,-0.0012902766908488503,0.0017940749163962504,-0.7191877435311469,0.47226664537989393,-0.0048127243684728165,0.002232170986775116,-0.00164999999999999,-0.0007796236179814262,-0.8925706311453915,-0.0024945492263580187,0.0009353019903951661,-0.002139813264031499,-2.443748208032429,0.49245486391808135,0.4793856103476152,-0.0011201558048908318,-0.44111042111073595,-0.8523373541992352,-0.0007902766908488511,-0.0012902766908488514,-0.002290276690848851,0.9971705739692805,0.09927889903485371,0.0005765771855154686,True,,,194,1.0,50,1.0
R7,full,short,24,Q5|M4,funding_x_momentum,8092,711,649,2.9091304174787358e-05,0.0016938520334556977,0.017174643121239452,5.647165123107145e-05,-0.0013287998516561077,0.0016928064154890928,-0.7849685820526532,0.43273419806333935,-0.004652313004034861,0.001994713300722646,-0.001159176314926241,-0.00044466666846672644,-0.5352649069604681,-0.0020756700635868024,0.0011863367266533493,-0.0018052531685732519,-2.179125036378664,0.5,0.48690064260998517,-0.0012383539670664664,-0.5105011904782548,-0.8645588593790771,-0.0008287998516561077,-0.0013287998516561086,-0.002328799851656109,0.9977755808205635,0.10366647581277104,0.0005725663983155764,True,,,194,1.0,50,1.0
R7,full,short,24,Q5|M5,funding_x_momentum,13784,727,657,-0.0020779581674505803,0.0017742604987243886,-1.171168590488565,0.0017656428411398917,-0.0032357615337790793,0.001777938083450826,-1.8199517541683692,0.06917857843043447,-0.006726283291272108,0.0002547602237139494,0.0005573785950024075,-0.002054832676965519,-1.5174676424551803,-0.00471329029336617,0.0006036249394351322,-0.0032296444037380996,-2.3822752776842746,0.5114625652930934,0.5021764364480558,-0.0011822145294523095,-0.461227400699317,-0.9392383845789822,-0.002735761533779078,-0.0032357615337790793,-0.0042357615337790784,0.9957196749854904,0.13035455790865438,0.0008156588306010877,True,,,194,1.0,50,1.0
R7,full,short,48,Q1|M1,funding_x_momentum,14871,730,699,0.0038120925388568927,0.002258179020744936,1.6881268065272106,0.008753252898036523,-0.0029266518254184113,0.00227359595936138,-1.2872347935736415,0.1984221251845053,-0.0073902491412138815,0.001536945490377059,0.003954122723250188,0.0024275273633168914,2.160513771277225,0.00022167304288043784,0.0046333816837533445,-0.004400512575349432,-3.8537236609834142,0.5540913063941371,0.5207422846769314,-0.0033930815316299654,-0.7208291245998446,-0.856631582273937,-0.0024266518254184126,-0.002926651825418412,-0.003926651825418412,0.9922006320177503,0.1368850822496694,-0.004702273329945112,True,-0.007339365545100631,0.001632655322404966,194,1.0,50,1.0
R7,full,short,48,Q1|M2,funding_x_momentum,11309,727,631,0.0031501577276321258,0.00216756186638813,1.4533184849211815,0.003366247755834828,-0.0007122197403881738,0.0021690656218365787,-0.3283532472314633,0.7427395299742235,-0.004970629132403541,0.003546189651627194,0.00028454112509240966,0.0015026943921097788,2.420134317266194,0.00028369381215755714,0.0027216949720620005,-0.002442983113170519,-3.872104589376456,0.5268370324520294,0.4993368113891591,-0.0011978583428866635,-0.2799500438591429,-0.7047811814244124,-0.00021221974038817333,-0.0007122197403881737,-0.001712219740388174,0.9948713414094968,0.09418122823369979,-0.0019574679388498803,True,-0.004684546755283136,0.0035699894421770927,194,1.0,50,1.0
R7,full,short,48,Q1|M3,funding_x_momentum,10762,727,624,0.001379433864988772,0.002120352957382616,0.650568038771978,0.0030290065799840615,-0.002413710863513147,0.00213965502325773,-1.1280841244389732,0.25965807785408496,-0.006614380015698003,0.0017869582886717084,-5.259759465484244e-05,0.00015475067495067764,0.21174369915011154,-0.0012800605727042369,0.0015895619226055924,-0.0037258576610130416,-4.857036172817574,0.5241590782382457,0.4965619773276343,-0.0025980055428771547,-0.588279493431318,-0.809666788016949,-0.0019137108635131478,-0.0024137108635131485,-0.0034137108635131485,0.9941460695038097,0.08673602186052137,-0.0017791973511543124,True,-0.0063930231086163705,0.0019038796862665018,194,1.0,50,1.0
R7,full,short,48,Q1|M4,funding_x_momentum,10324,729,624,0.003706442784823187,0.0021722146648262427,1.7062967324731086,0.004845653356590041,-0.00015850803186466704,0.0021727158446845337,-0.07295387118957634,0.9418629190927937,-0.004424064032762401,0.004107047969033067,0.0017254307443615047,0.001873161471040877,2.692748080215921,0.0005074774895063195,0.0032388454525754343,-0.0020325409339529334,-2.8705670841578277,0.5369043006586595,0.5124951569159241,-0.000886158335069735,-0.21018325051007491,-0.6427012643666015,0.00034149196813533256,-0.00015850803186466834,-0.0011585080318646686,0.9965129794653235,0.08811851057883055,-0.0018914455754276826,True,-0.00434071239807748,0.004050146710728141,194,1.0,50,1.0
R7,full,short,48,Q1|M5,funding_x_momentum,14577,730,694,0.0063020017280268036,0.0023553431917506568,2.675619311062144,0.015867291741795797,-0.0023882410091308026,0.0024005728299876464,-0.9948629674122791,0.32013392313626926,-0.007101123434957305,0.0023246414166956998,0.010923169699027485,0.004911233642629623,3.478438252961248,0.00213934340414586,0.007683123881113386,-0.0038101143322226126,-2.600064043540258,0.5938121698566234,0.5590313507580434,-0.0034407199332712655,-0.6953908271942196,-0.8897175408859723,-0.0018882410091308022,-0.002388241009130802,-0.003388241009130803,0.9962269328394046,0.10575658605189986,-0.006531061902630494,True,-0.007013972600674592,0.002348073633433241,194,1.0,50,1.0
R7,full,short,48,Q2|M1,funding_x_momentum,10485,686,685,-0.003440516005631331,0.002482775444279431,-1.3857540010550018,0.0009736384765174355,-0.005509897736112443,0.002487026956130383,-2.215455575393283,0.02705787165528215,-0.01039303428388919,-0.000626761188335696,-0.0009111789177488738,-0.0006566582954577798,-0.6798935934253425,-0.0025529913334407534,0.0012396747425251937,-0.002797779882123144,-2.898302081831263,0.5091082498807821,0.4897472579876013,-0.002859204648682001,-0.6016507417184016,-0.8229687735939217,-0.00500989773611244,-0.005509897736112442,-0.006509897736112442,0.9946590367191226,0.10481543571268265,-0.00024546516252757055,True,-0.010510650961242153,-0.0006007807432821059,194,1.0,50,1.0
R7,full,short,48,Q2|M2,funding_x_momentum,13022,683,637,-0.0015760173319481906,0.0024425043269659893,-0.6452464851539794,0.0007998463755460872,-0.003702576377248351,0.00244698460028069,-1.513117972554316,0.13071430708827222,-0.008507129654943713,0.00110197690044701,-0.0012092098401802458,-0.0002461275669998388,-0.3821931243157207,-0.0015105636929695397,0.001018308558969862,-0.0024290279774136715,-3.7154620963119234,0.505452311472892,0.4905544463216096,-0.003693476460841827,-0.8114030736301268,-0.8783008577099407,-0.003202576377248352,-0.003702576377248351,-0.004702576377248351,0.9965443096298572,0.08385703002301824,-0.00016683975726284906,True,-0.00835469096949647,0.0011542784314500262,194,1.0,50,1.0
R7,full,short,48,Q2|M3,funding_x_momentum,14106,688,615,-0.0011438091416251927,0.002284109002043826,-0.5007681947760416,0.0,-0.0032390869115494617,0.0022910169426395128,-1.4138205838921751,0.15786888651547915,-0.007737345586743761,0.001259171763644837,-0.001755378904250265,0.00023429667680167264,0.41566198669635107,-0.0008724282894509866,0.0013410216430543318,-0.0019228656472163924,-3.354832111639563,0.49985821636183186,0.4818516943144761,-0.0021930549085772758,-0.5019314079606275,-0.8170080084304021,-0.0027390869115494617,-0.003239086911549462,-0.004239086911549462,0.9959591663122076,0.07881322734206744,-0.00012519580254822423,True,-0.007629124935402068,0.0014011368507238218,194,1.0,50,1.0
R7,full,short,48,Q2|M4,funding_x_momentum,13019,686,631,-0.0002750036763065698,0.002386388757017754,-0.11523842269950982,0.001103752759381904,-0.002404748335666209,0.0023888432014672677,-1.0066580904888074,0.3144556044848592,-0.0070951066428969105,0.002285609971564492,-0.0008111385005513099,0.0005329018242656407,0.8373055349509733,-0.0007167222118736544,0.0017825258604049357,-0.001603455182617586,-2.4966363037479624,0.5090629800307219,0.4915514592933948,-0.002622291830678728,-0.6030858707488761,-0.8350911432650151,-0.001904748335666211,-0.0024047483356662114,-0.0034047483356662096,0.9973886328725038,0.07811283250318965,-0.00013173825196365196,True,-0.007131667918457794,0.0021316818802879604,194,1.0,50,1.0
R7,full,short,48,Q2|M5,funding_x_momentum,10426,687,682,0.0009054184428079889,0.0026184223445670602,0.3457877773945189,0.005939964864871972,-0.0014233754577606089,0.002629682921585997,-0.5412726553747979,0.5884959071976441,-0.0065865955128405484,0.0037398445973193303,0.0036895689210080197,0.0009177438846914503,0.8811920794747321,-0.0011271271307586686,0.002962614900141569,-0.0014887208361141126,-1.4311615933801385,0.5447918664876271,0.5212929215422981,-0.0024534189901283298,-0.5288207785788976,-0.8301765717291385,-0.0009233754577606076,-0.0014233754577606078,-0.0024233754577606074,0.992998273546902,0.08508024908152784,-0.00017952558195692407,True,-0.0066293776150000965,0.0036777316776275605,194,1.0,50,1.0
R7,full,short,48,Q3|M1,funding_x_momentum,11153,676,660,0.006151804938040077,0.0027488984871232615,2.2379163751797826,0.00738636363636358,0.0044530868711229864,0.002760563803145398,1.6131077521371253,0.10718987513649642,-0.0009672667529737377,0.00987344049521971,0.005935487810604581,0.0014660326258096434,1.599715170209156,-0.00033337056210226094,0.0032654358137215477,-0.0003230444317959507,-0.35013377510349036,0.5449654801398727,0.5321438178068681,0.001523381028611599,0.3222806758904771,-0.6532874720400021,0.004953086871122984,0.004453086871122984,0.0034530868711229843,0.9956962252308796,0.10567554506198508,0.00018109728770823461,True,-0.0010478626559997733,0.010118812522761613,194,1.0,50,1.0
R7,full,short,48,Q3|M2,funding_x_momentum,14198,685,594,0.005931740333476959,0.002623302458581643,2.2611728640257938,0.00600626896247014,0.004188596838468803,0.002631904098913271,1.5914701604052748,0.11196718400311031,-0.0009790112230940841,0.009356204900031691,0.004364356580438799,0.0011188548662121674,1.759056736667163,-0.00012999766017938942,0.002367707392603724,-0.00070068452072804,-1.0967847841079503,0.5447246090998732,0.5298633610367658,0.0002397312398938088,0.05089032357936096,-0.7306817512302418,0.004688596838468804,0.004188596838468803,0.0031885968384688036,0.9964783772362305,0.08628351335548122,0.00019177195716708588,True,-0.0009881736445938657,0.009483351321091656,194,1.0,50,1.0
R7,full,short,48,Q3|M3,funding_x_momentum,14969,685,589,0.0065285340310794575,0.0025986371175523307,2.5122915342749805,0.006666666666666599,0.004770194347811809,0.0026077009781869036,1.8292719862108022,0.06779533643334214,-0.00034989213352625264,0.009890280829149872,0.0049632165033098394,0.0017172616515402138,2.8733088436987626,0.0005437932186898333,0.0028907300843905945,-0.0001250560457362588,-0.20704742207485852,0.5465294942881956,0.5330349388736723,0.0016767534579098166,0.37682196779969096,-0.5520235438042789,0.005270194347811808,0.004770194347811808,0.003770194347811809,0.9959917162135079,0.08148532603704646,0.00019963354349721254,True,-0.00034754719893904696,0.009839377019805695,194,1.0,50,1.0
R7,full,short,48,Q3|M4,funding_x_momentum,14024,684,611,0.00698286471484267,0.0027095656499814763,2.5771158985907605,0.008764543558289428,0.005215589340592826,0.0027245354367198367,1.9143040939383251,0.05600009388939221,-0.00013390954398280388,0.010565088225168457,0.007225665105241783,0.0009414896596551874,1.479028261611862,-0.00030835908422370106,0.0021913384035340757,-0.0007729070462002355,-1.230830001026167,0.5626069594980034,0.5500570450656018,-0.0014351439107784688,-0.31213136824477566,-0.6949889562708397,0.005715589340592825,0.005215589340592826,0.004215589340592826,0.994438106103822,0.08142404424409344,0.0002008139617094465,True,-0.00017467304039097623,0.01051032346802982,194,1.0,50,1.0
R7,full,short,48,Q3|M5,funding_x_momentum,10872,683,647,0.009931364791247038,0.002740596814165262,3.6237963716205948,0.011532442880840321,0.008148828883899182,0.002750245660599919,2.9629458199460093,0.0031535046207265506,0.002748835029590878,0.013548822738207485,0.009949495811096472,0.0025997414997109346,2.7158014358546616,0.0007202011223636079,0.004479281877058261,0.0007237888341005728,0.7524809663638518,0.5758830022075055,0.5619941133186166,0.0008743421171130026,0.14180912078080282,-0.8494529181371536,0.008648828883899179,0.008148828883899182,0.007148828883899181,0.9955849889624724,0.08808237029518254,0.0001617686077235716,True,0.0025961984169344835,0.013437771848714445,194,0.6117798964209508,50,0.15767523103632752
R7,full,short,48,Q4|M1,funding_x_momentum,16453,671,642,-0.0003363014848212811,0.0023857368137298386,-0.140963363136234,0.0007067137809186885,-0.0019173827911223979,0.0023958674408862293,-0.800287511070796,0.4238287516707633,-0.006621720316317279,0.002786954734072483,-0.0005905277652068202,-0.0023656379286672094,-2.4206340290695922,-0.0042845385147272826,-0.00044673734260713624,-0.004005541042395095,-4.065943463550359,0.503585754223897,0.4940440014586119,-0.0031632906572805247,-0.6980683058712749,-0.8316649540424437,-0.0014173827911223992,-0.001917382791122399,-0.0029173827911223985,0.9951987358696973,0.11849440971133117,0.0003749682271755572,True,-0.006622853200505282,0.0026544724289952726,194,1.0,50,1.0
R7,full,short,48,Q4|M2,funding_x_momentum,16912,671,636,0.00255159366555155,0.00246196325281196,1.036406072526557,0.001739887236538451,0.0010192077265726565,0.0024667967760133493,0.4131705280642628,0.6796142719592939,-0.0038244010818248575,0.0058628165349701705,0.0003406440382942317,0.0006242810138865682,0.9869458130645509,-0.0006177148602738912,0.0018662768880470275,-0.0009731015715830766,-1.531787518232148,0.5092242194891201,0.5006504257332072,-0.0018998152369484346,-0.42628164746116093,-0.8082178561504747,0.0015192077265726558,0.0010192077265726556,1.9207726572655666e-05,0.9965113528855251,0.09009601064148605,0.0003553609309915028,True,-0.003826334933578651,0.005876785914683005,194,1.0,50,1.0
R7,full,short,48,Q4|M3,funding_x_momentum,17064,669,631,0.0015587266646762414,0.002483852321981129,0.627544017364525,0.0016946313242056088,-9.905673580978849e-07,0.002489384958273853,-0.0003979165033538032,0.9996826277299294,-0.004888978403185125,0.004886997268468928,0.0002586624024958923,0.00012704029560392388,0.20413307109944712,-0.001094938906606029,0.0013490194978138766,-0.0014931028043364818,-2.3890323370933406,0.5107829348335677,0.5000586029067041,-0.002958449125276221,-0.659262917614288,-0.8454087263979242,0.0004990094326419006,-9.905673580998701e-07,-0.0010009905673580997,0.9963080168776371,0.08527116716725018,0.0003409939797658877,True,-0.005102410878774161,0.004869879350146378,194,1.0,50,1.0
R7,full,short,48,Q4|M4,funding_x_momentum,16155,668,638,0.00026466136116397695,0.002714388183110362,0.0975031363644926,0.002083876009377539,-0.0013613459162647493,0.0027226659393261654,-0.5000047551194142,0.6172371367401529,-0.006707403135066235,0.003984711302536737,0.0005258121645020392,-0.0012095155172939995,-1.6753148774570656,-0.0026271095265878166,0.00020807849199981762,-0.0028708658207888195,-3.9429985958537213,0.5137109254100898,0.502445063447849,-0.003502415850294768,-0.7739812364532226,-0.8205491881744456,-0.0008613459162647487,-0.001361345916264749,-0.002361345916264748,0.9962859795728877,0.08633311715261756,0.0003404727996272052,True,-0.006683896118743834,0.003940087945117306,194,1.0,50,1.0
R7,full,short,48,Q4|M5,funding_x_momentum,15512,672,642,0.003522345031098759,0.0024136556178054338,1.4593403487699617,0.006350162752036426,0.0018911176213763984,0.0024257129168386176,0.7796131224963972,0.4358943372691609,-0.002871809218662206,0.006654044461415003,0.005090926873263625,0.0014680272918293795,1.3730622927691318,-0.0006312801856794628,0.0035673347693382217,-0.00024390520754364293,-0.2267605708286975,0.5393888602372356,0.5283651366683858,-0.002119102859462785,-0.4585428593427613,-0.8104601665360633,0.0023911176213763973,0.0018911176213763977,0.0008911176213763975,0.9945848375451264,0.0966564409342012,0.00033794828493646486,True,-0.002717054161762342,0.006712041167935313,194,1.0,50,1.0
R7,full,short,48,Q5|M1,funding_x_momentum,13149,728,640,-0.004215547152174771,0.0026689833845445032,-1.5794579975979166,0.0,-0.004976239283876004,0.0026709872845866738,-1.8630711245209315,0.06285643479909922,-0.01022003225823065,0.00026755369047864325,-0.0013499999999999814,-0.00538818496144731,-3.604544292957995,-0.008322885879267373,-0.002453484043627247,-0.006205605817187918,-4.177450049966327,0.49167363698578054,0.48483005094669607,-0.004079471668699542,-0.7468347729576869,-0.9131727433259409,-0.004476239283876004,-0.004976239283876005,-0.0059762392838760055,0.9881377841989203,0.1801519828931611,0.0014673842454790151,True,-0.010240123184451765,0.0003084826637223577,194,1.0,50,1.0
R7,full,short,48,Q5|M2,funding_x_momentum,7836,708,642,-0.004140232645532149,0.002738368843162153,-1.511933885703718,0.0,-0.00477583825875719,0.0027347856570287847,-1.746330008160827,0.08118915638064492,-0.010145137547354393,0.0005934610298400115,-0.0014000000000000037,-0.002388205698177022,-1.549585939872179,-0.005414061789933186,0.000637650393579142,-0.0029556901590877486,-1.9412679832269097,0.47180403164072465,0.4658076039806073,-0.0010340167691015303,-0.1904151308789327,-0.8051115651744328,-0.0042758382587571924,-0.004775838258757194,-0.005775838258757193,0.9933656545037,0.10620147519963374,0.001083917257898784,True,-0.01017511413056999,0.0005185450730978297,194,1.0,50,1.0
R7,full,short,48,Q5|M3,funding_x_momentum,7422,698,639,-0.001775040389830577,0.0024777269753473714,-0.7163987023153431,0.0,-0.0027039954508149256,0.0024878143321969697,-1.0868960017715823,0.2774595795975938,-0.007588528254268961,0.00218053735263911,-0.0013500000000000716,-0.0011689651911976878,-0.9498954100647048,-0.00358514183154085,0.0012472114491454743,-0.002094671558436469,-1.692133756948196,0.4884128267313393,0.48181083265966046,-0.0005216188005337526,-0.10130160988877215,-0.6908341473802313,-0.0022039954508149273,-0.002703995450814927,-0.0037039954508149273,0.9948800862301267,0.09927889903485371,0.0009937427166847193,True,-0.007537567616487216,0.0022202890081046206,194,1.0,50,1.0
R7,full,short,48,Q5|M4,funding_x_momentum,8092,711,649,-0.0026861952476599257,0.002433071903428073,-1.1040344692958786,0.0,-0.003703362669346399,0.002434233708995618,-1.5213669318852843,0.12861425179315195,-0.008482543096170731,0.001075817757477933,-0.0013999999999999829,-0.0017277633489983426,-1.2535502964883851,-0.004433786779639931,0.0009782600816432463,-0.0027467114205078236,-1.9999793331854232,0.47664359861591693,0.4703410776075136,-0.0002865457748369734,-0.05793477412298408,-0.7755067332657862,-0.003203362669346399,-0.0037033626693464,-0.0047033626693463995,0.9966633712308453,0.10366647581277104,0.0010574958921264642,True,-0.008492472556665664,0.000833445880003915,194,1.0,50,1.0
R7,full,short,48,Q5|M5,funding_x_momentum,13784,727,657,-0.0058748806061624395,0.0028186867313979773,-2.0842616317453233,0.003036166207263602,-0.006250121410980501,0.002830634532348291,-2.20802839065042,0.02755501517866016,-0.011807353316075516,-0.0006928895058854875,0.002633642533446572,-0.005022238424310439,-2.356581140264613,-0.009206199593688878,-0.0008382772549320018,-0.005434579631324955,-2.5338212055811784,0.5149448636099826,0.5082704585026118,-0.0018481153586263539,-0.3171905865162315,-0.9055158770206418,-0.005750121410980502,-0.006250121410980503,-0.007250121410980502,0.9915844457341846,0.13035455790865438,0.0014308348741586072,True,-0.011716840796200154,-0.0007647029373986302,194,1.0,50,1.0
R7,full,short,72,Q1|M1,funding_x_momentum,14870,730,699,0.00675845849165454,0.0027206003870351085,2.4841790524847576,0.013511882212867088,-0.0022426807454582866,0.0027634025172485663,-0.8115649933225269,0.41730727773968695,-0.007667894640401369,0.0031825331494847956,0.007555014064966394,0.004552281333684209,3.3446125362418244,0.0018801794526425134,0.007224383214725905,-0.004576775704563439,-3.248328145560984,0.5709002891145027,0.5339877630605796,-0.003248802913180909,-0.4532548634194944,-0.7685652123566081,-0.0017426807454582855,-0.002242680745458286,-0.003242680745458287,0.9900490822295435,0.1368850822496694,-0.0067737811137521245,True,,,194,1.0,50,1.0
R7,full,short,72,Q1|M2,funding_x_momentum,11309,727,631,0.003915857699790296,0.0026192967758879027,1.4950034436105006,0.005714285714285672,-0.0009997380364934502,0.0026288250430080433,-0.3802984299592247,0.7038355975517934,-0.006160780223188875,0.0041613041502019735,0.001743800950831765,0.001818966919459552,2.3081893287897124,0.0002718394807496747,0.0033660943581694295,-0.003191498409149312,-3.93571161879038,0.5345300203377841,0.5061455477937925,-0.0014269658484174206,-0.22340996492567303,-0.6482469135446836,-0.0004997380364934508,-0.000999738036493451,-0.001999738036493451,0.9924838624104695,0.09418122823369979,-0.0029460460851746255,True,,,194,1.0,50,1.0
R7,full,short,72,Q1|M3,funding_x_momentum,10762,727,624,0.0031771528760385897,0.0025377398191075225,1.2519616282633486,0.006313073957207982,-0.0014837324593837613,0.002558239320858267,-0.5799818833548309,0.5621075281050723,-0.006506197188913565,0.0035387322701460424,0.003100075307505697,0.0003517961199735395,0.41536753102584495,-0.0013109701908230475,0.0020145624307701263,-0.0044304600256044255,-5.000447651202884,0.5400483181564765,0.5156104813231741,-0.0028638463926483108,-0.43646714542933285,-0.7201237102596949,-0.0009837324593837617,-0.0014837324593837623,-0.0024837324593837626,0.9928451960602118,0.08673602186052137,-0.0026700045390734652,True,,,194,1.0,50,1.0
R7,full,short,72,Q1|M4,funding_x_momentum,10324,729,624,0.006427918592553458,0.0025709574175603865,2.500204223006148,0.007442400485721257,0.0016662380756115465,0.002573574896369116,0.6474410664956088,0.5175514751045763,-0.003386310859545294,0.0067187870107683866,0.004123311490202843,0.0029955808218353253,3.368007427428319,0.001249442172768664,0.004741719470901987,-0.001838970754122417,-2.0375892008451557,0.5481402557148393,0.5237311119721039,-0.0005016027550731051,-0.07588716755310532,-0.6496619394573951,0.0021662380756115457,0.0016662380756115457,0.0006662380756115453,0.9928322355676095,0.08811851057883055,-0.0027369427170731713,True,,,194,1.0,50,1.0
R7,full,short,72,Q1|M5,funding_x_momentum,14577,730,694,0.008837898725694395,0.002733115141924282,3.2336357111804546,0.019950922863544274,-0.002005792016580763,0.0027855206179664468,-0.72007796447225,0.4717087504448782,-0.0074744289838397345,0.0034628449506782085,0.014154481762422136,0.007358302806924249,4.6989569998384235,0.0042840051281735,0.010432600485674999,-0.0035299672954703766,-2.183490457916754,0.594703985730946,0.5597859641901626,-0.0031260985113545927,-0.406166486197121,-0.8553731615427544,-0.0015057920165807625,-0.0020057920165807634,-0.0030057920165807643,0.9934828839953351,0.10575658605189986,-0.008656577338074855,True,,,194,1.0,50,1.0
R7,full,short,72,Q2|M1,funding_x_momentum,10485,686,685,-0.003678861836259326,0.003028071143788302,-1.2149192213683742,0.0036590615583296238,-0.0058089142721324295,0.003047472863934042,-1.906141426517442,0.05705195014650304,-0.011792470187244306,0.00017464164297944802,0.002299152254669737,-0.0006742212968347705,-0.5664157218702092,-0.003011353569140088,0.001662910975470547,-0.002884552893507751,-2.413262563303208,0.5213161659513591,0.5061516452074392,-0.003226950289961501,-0.44806744837090867,-0.757982565937797,-0.005308914272132429,-0.005808914272132431,-0.006808914272132431,0.9909394372913686,0.10481543571268265,-0.00044364878537055374,True,,,194,1.0,50,1.0
R7,full,short,72,Q2|M2,funding_x_momentum,13022,683,637,-0.0026463632307314054,0.0028624795415719446,-0.9245003125081349,0.002658632600459787,-0.004975671957965961,0.002869615918475763,-1.733915652589793,0.0833869448323916,-0.010610059182840624,0.0006587152669087024,0.0008389238972369446,-0.0003344188408360729,-0.4159575718773814,-0.0019129792612068673,0.0012441415795347213,-0.002719121331341057,-3.3384400054883865,0.5174320380893872,0.5023037935800952,-0.0036149672529689433,-0.5366878255132418,-0.8291773802592403,-0.004475671957965961,-0.004975671957965963,-0.005975671957965962,0.994701274765781,0.08385703002301824,-0.0003330930641550213,True,,,194,1.0,50,1.0
R7,full,short,72,Q2|M3,funding_x_momentum,14106,688,615,-0.0006066898468245791,0.0027353406548682705,-0.22179681559765224,0.0023070488185325533,-0.0027937850874988294,0.002743434340586392,-1.0183531809628348,0.30887020023560474,-0.00818034903056448,0.002592778855566821,0.00047073525319728596,0.00030816839730852814,0.41896571621668754,-0.0011360188340830066,0.001752355628700063,-0.0019540757341512567,-2.617114282548702,0.51460371473132,0.5005671345526727,-0.002687804502513306,-0.4084521267362465,-0.7877638280515644,-0.0022937850874988294,-0.0027937850874988307,-0.003793785087498832,0.9953211399404509,0.07881322734206744,-0.00023486539529914531,True,,,194,1.0,50,1.0
R7,full,short,72,Q2|M4,funding_x_momentum,13019,686,631,0.0005780179722724766,0.0029070969514445695,0.19882996058499286,0.003315963998105187,-0.0016140977582425298,0.0029136695241122525,-0.5539742049964705,0.5797780842644885,-0.007334937711244458,0.004106742194759399,0.001433123351332945,0.0006606086620415377,0.8335618276455683,-0.0008954378378354306,0.002216655161918506,-0.001549868789341997,-1.9359778431802017,0.5204301075268817,0.5055299539170507,-0.0025631553849372337,-0.39676334286167325,-0.77223568278322,-0.0011140977582425318,-0.0016140977582425314,-0.002614097758242532,0.9951612903225806,0.07811283250318965,-0.0002334427591263396,True,,,194,1.0,50,1.0
R7,full,short,72,Q2|M5,funding_x_momentum,10426,687,682,0.0013870134549721926,0.0031459701045557405,0.44088577096255027,0.00865084440987618,-0.0010685226252804213,0.003168770825487867,-0.33720413501847696,0.7360666168214853,-0.007290224642352282,0.00515317939179144,0.006780784844384187,0.0017016773986575555,1.34932400538628,-0.0007744671210385007,0.004177821918353612,-0.000866514520376411,-0.681501897480507,0.5473815461346634,0.5276232495683867,-0.0019606240104987046,-0.28991890351283167,-0.6965279699362654,-0.0005685226252804215,-0.0010685226252804224,-0.0020685226252804218,0.9903126798388644,0.08508024908152784,-0.00031369748571429034,True,,,194,1.0,50,1.0
R7,full,short,72,Q3|M1,funding_x_momentum,11153,676,660,0.009868693015367459,0.0035030469603392275,2.817174056499601,0.011753860336482957,0.008116186720618503,0.003526661253136724,2.301379729453661,0.021675272348882245,0.0011915859087037193,0.015040787532533288,0.010248297278349203,0.001950779696615772,1.6884025414609514,-0.00031782978612906175,0.004219389179360606,6.162394495066442e-05,0.05293780410360916,0.555635255088317,0.545413790011656,0.0019869908932513922,0.27416611524466206,-0.6605509078528125,0.008616186720618504,0.008116186720618502,0.007116186720618502,0.993096027974536,0.10567554506198508,0.00015538440682556103,True,,,194,1.0,50,1.0
R7,full,short,72,Q3|M2,funding_x_momentum,14198,685,594,0.009435244229531205,0.0033986467639340588,2.7761767800221646,0.010674471192763824,0.007703787975173265,0.003419793170355201,2.252705819157216,0.02459524931061558,0.0009891827974481751,0.014418393152898355,0.009330076534027483,0.0022085670691122145,2.8830541930146047,0.0007044728728530325,0.0037126612653713966,0.00036107691150982253,0.4674907385657649,0.5581772080574728,0.5466262853923087,0.0015588453757917021,0.223959379829269,-0.6987330999225678,0.008203787975173264,0.007703787975173264,0.006703787975173265,0.9935906465699395,0.08628351335548122,0.00019205377684836618,True,,,194,1.0,50,1.0
R7,full,short,72,Q3|M3,funding_x_momentum,14969,685,589,0.010970706305628413,0.0033257447882329787,3.2987216410725626,0.010813148788927252,0.009229216311421422,0.0033379782262469592,2.764912077272071,0.005847932202002346,0.002675250979429291,0.015783181643413552,0.009275293369011966,0.002566762417792321,3.490284684464279,0.001122845950708468,0.004010678884876174,0.0007159654987262043,0.9620967712912191,0.5630970672723629,0.5526755294274834,0.00293127122145678,0.43882637443020023,-0.5800968004831827,0.009729216311421422,0.009229216311421422,0.008229216311421423,0.9956576925646335,0.08148532603704646,0.0002189181803542614,True,,,194,1.0,50,0.2923966101001173
R7,full,short,72,Q3|M4,funding_x_momentum,14024,684,611,0.012104377250224051,0.003517805355776018,3.4408888571249157,0.014606703152333644,0.010404452728213864,0.0035437144152284904,2.936030252184701,0.0034366673233506193,0.003446515719967338,0.01736238973646039,0.01336131933567502,0.002260151331585363,2.8919013194559606,0.000725631781846476,0.00379467088132425,0.0005849988528878424,0.7628613051788067,0.5847119224187107,0.5711637193382773,-8.759448305118677e-05,-0.012770137699290142,-0.6637177329303572,0.010904452728213866,0.010404452728213864,0.009404452728213865,0.992156303479749,0.08142404424409344,0.00021461718556848596,True,,,194,0.6667134607300201,50,0.17183336616753098
R7,full,short,72,Q3|M5,funding_x_momentum,10872,683,647,0.013064114626358847,0.003455770697949216,3.7803765840458055,0.017233009995839155,0.01130173891470316,0.0034723026377323006,3.2548254267618004,0.0011909279629914904,0.004483998081522488,0.018119479747883832,0.01578578934493345,0.0028591392961422857,2.2351839319038835,0.00034759088149031005,0.005370687710794261,0.0009532114338375975,0.7397933719448242,0.5835172921265637,0.5712840323767476,0.0029627060102235887,0.38960507757033846,-0.6611474384574387,0.011801738914703163,0.011301738914703159,0.010301738914703162,0.9936534216335541,0.08808237029518254,0.00019727789317781246,True,,,194,0.23104002482034913,50,0.05954639814957452
R7,full,short,72,Q4|M1,funding_x_momentum,16453,671,642,-0.0008620429478840174,0.002680830942351903,-0.32155811627858333,0.0033025099075296716,-0.002412678615447335,0.0026955326076005567,-0.8950656388441891,0.3710748809347073,-0.007705429578118045,0.002880072347223375,0.0021824076645375907,-0.0027933088445466826,-2.349732439771427,-0.005127486347072535,-0.00045913134202082984,-0.004417585406834625,-3.695480709626074,0.5144645678862283,0.5060775495320287,-0.004130332351941663,-0.6216851024564103,-0.758143765796858,-0.0019126786154473345,-0.002412678615447337,-0.003412678615447337,0.9927069405615656,0.11849440971133117,0.00048485351965223605,True,,,194,1.0,50,1.0
R7,full,short,72,Q4|M2,funding_x_momentum,16912,671,636,0.0024630284736222204,0.002817447264999906,0.8742057053629725,0.004211528191001623,0.0010365293349076318,0.0028306700093245767,0.3661780891072347,0.7143483050703449,-0.004521567560159092,0.006594626229974355,0.0030459591328148763,0.0009873246533797446,1.1917700846829278,-0.0006393505137224757,0.002613999820481965,-0.0005055114773188539,-0.6051434767053667,0.5243614001892147,0.5148415326395459,-0.00196549242488492,-0.301387783854212,-0.7661965787108607,0.0015365293349076316,0.0010365293349076307,3.652933490763058e-05,0.9933774834437086,0.09009601064148605,0.00046450263095236327,True,,,194,1.0,50,1.0
R7,full,short,72,Q4|M3,funding_x_momentum,17064,669,631,0.001889657864090873,0.0028574949656559874,0.6612987553092922,0.004682744344744694,0.0004531326647643634,0.0028685690161986003,0.15796470721309347,0.8745325626030402,-0.005179410746152293,0.00608567607568102,0.0036824670540080654,0.0004594637567326222,0.6105256459959779,-0.001018225226666251,0.0019371527401314957,-0.0009846010027245325,-1.304611890725732,0.5284224097515237,0.5199835911861228,-0.004070225687682137,-0.6069336911772721,-0.8324875961704146,0.0009531326647643622,0.00045313266476436164,-0.0005468673352356389,0.9942569151429911,0.08527116716725018,0.0004422904055169039,True,,,194,1.0,50,1.0
R7,full,short,72,Q4|M4,funding_x_momentum,16155,668,638,0.0009929842855625885,0.002960562438133734,0.33540393297313514,0.00511855805407313,-0.0005522129995105222,0.0029773658546801696,-0.18547032056624468,0.8529167968485276,-0.0063983991577534535,0.00529397315873241,0.003966955933538215,-0.00010022881929985028,-0.11971358873960539,-0.0017441690898609434,0.0015437114512612427,-0.0017091323718512938,-2.0165053294815922,0.5288765088207985,0.5193438563912102,-0.003053634714919623,-0.473125028395848,-0.7451144749545489,-5.221299951052154e-05,-0.000552212999510524,-0.001552212999510524,0.9936242649334571,0.08633311715261756,0.000444652895589322,True,,,194,1.0,50,1.0
R7,full,short,72,Q4|M5,funding_x_momentum,15512,672,642,0.0017060974838538042,0.0028928741335877174,0.5897586293316941,0.008917955603744865,0.0002842052228963035,0.002913675434381214,0.097541826224945,0.9223253790171746,-0.005436859493909507,0.0060052699397021144,0.007764670911418462,-0.00030065187617496866,-0.21155891064153026,-0.003091040932917184,0.002489737180567246,-0.0017860471248843776,-1.2435839577671668,0.5439014956162971,0.5343604951005673,-0.004695747629826001,-0.6915563367935881,-0.8302938769639102,0.0007842052228963025,0.0002842052228963006,-0.0007157947771036992,0.9917483238782878,0.0966564409342012,0.00045886170696825767,True,,,194,1.0,50,1.0
R7,full,short,72,Q5|M1,funding_x_momentum,13147,728,640,-0.006302694420226485,0.0031642677450715384,-1.9918334755468021,0.0,-0.006461452849631929,0.003180965106896771,-2.0312869310080166,0.04259069618314261,-0.012706469851659241,-0.00021643584760461763,-0.00011290752930004193,-0.007869592205228596,-4.381800608527333,-0.011395503124838266,-0.004343681285618926,-0.008101912108936443,-4.513471039990851,0.4968443464375333,0.4913694776062657,-0.0050246523503782396,-0.5709539809597937,-0.8748981032241321,-0.00596145284963193,-0.00646145284963193,-0.00746145284963193,0.9846399513344993,0.1801519828931611,0.002146106243725361,True,,,194,1.0,50,1.0
R7,full,short,72,Q5|M2,funding_x_momentum,7835,708,642,-0.0061272510331876195,0.0036214394014418877,-1.691938026285359,0.0,-0.006412343906540018,0.0036237232888396836,-1.7695456842106867,0.07723569956081044,-0.013526942578900476,0.0007022547658204412,-0.0010999999999999743,-0.004771426640746732,-1.9645194080057258,-0.00953995240742006,-2.9008740734040583e-06,-0.004916394703978989,-2.0398638052974705,0.4874968104108191,0.4846899719316152,-0.0021357685839269716,-0.24881513889124654,-0.7767270484056858,-0.005912343906540019,-0.00641234390654002,-0.00741234390654002,0.991707068129625,0.10620147519963374,0.0015023737038466346,True,,,194,1.0,50,1.0
R7,full,short,72,Q5|M3,funding_x_momentum,7422,698,639,-0.0017342248191710306,0.0029892396228442934,-0.5801558382666215,0.0,-0.002312151335669299,0.0030113293793978275,-0.7678174800432019,0.4428567875417204,-0.008224559636526548,0.00360025696518795,-0.0009999999999999714,-0.0014347793448896108,-0.9108938850999208,-0.004527354200641179,0.0016577955108619572,-0.001954020916547414,-1.2251460478221734,0.493667475074104,0.49124225276205874,-0.0001584594109285208,-0.020693548642910124,-0.6827612055445533,-0.001812151335669303,-0.002312151335669304,-0.003312151335669305,0.9940716787927782,0.09927889903485371,0.0013459056546489489,True,,,194,1.0,50,1.0
R7,full,short,72,Q5|M4,funding_x_momentum,8092,711,649,-0.0031697468657359597,0.002896011690145598,-1.0945214332254989,0.0,-0.003774834031621819,0.002912647121479202,-1.2960148875517576,0.19539327303431217,-0.009493307067614216,0.0019436390043705786,-0.0010999999999999743,-0.001887711850737269,-1.0023409435547426,-0.005585221287402242,0.0018097975859277045,-0.0024920899926213136,-1.315884494739345,0.4825753830944142,0.4789915966386555,-0.0007236901903218224,-0.09460713573937377,-0.7800986014590322,-0.0032748340316218197,-0.003774834031621821,-0.004774834031621821,0.9949332674246169,0.10366647581277104,0.0014616223823127443,True,,,194,1.0,50,1.0
R7,full,short,72,Q5|M5,funding_x_momentum,13784,727,657,-0.009534143707589645,0.003568613857853425,-2.6716658308681724,0.005438744205504331,-0.009437841015513754,0.003595806003230854,-2.6246802544502668,0.0088562058393536,-0.016497309095067622,-0.002378372935959888,0.00553020985028684,-0.009474060053027776,-3.375805099622461,-0.01498380486795663,-0.003964315238098922,-0.009393007177595723,-3.313996810285971,0.5210388856645386,0.5185722576900754,-0.004565949855237413,-0.49758875202028024,-0.9272443587541027,-0.008937841015513757,-0.009437841015513756,-0.010437841015513755,0.9882472431804992,0.13035455790865438,0.0018921293121421053,True,,,194,1.0,50,0.44281029196767996
R7,live_diag,long,24,Q1|M1,funding_x_momentum,13385,730,655,-0.001695649397733529,0.0016574485883158558,-1.023047960393444,-0.0055796652200867936,-0.0012726077873841462,0.001658283241235232,-0.7674248618928322,0.4430777705827742,-0.004528195764297344,0.001982980189529052,-0.0061073392933618225,-0.001170200213687252,-1.301091039178712,-0.0029359217715611164,0.000595521344186612,-0.0007204696212846181,-0.7985466590285926,0.45024652622142536,0.44232780516958015,-0.0013939667136783121,-0.5828726024343097,-0.8819849002910272,-0.0007726077873841467,-0.001272607787384147,-0.0022726077873841473,0.9955924099805767,0.14030604179738324,-0.002496014856306746,True,,,194,1.0,50,1.0
R7,live_diag,long,24,Q1|M2,funding_x_momentum,10273,727,590,-0.0010364488319272874,0.00147418257228454,-0.7030668055728696,-0.0020130850528434774,-0.0020452826930085484,0.001476805769062801,-1.3849368250413254,0.1664977943040634,-0.004944609006161063,0.0008540436201439662,-0.003373731321068966,-0.0003976200083492126,-0.8313707328925893,-0.001336578112815862,0.0005413380961174369,-0.0013871009891626483,-2.8468040751583192,0.4736688406502482,0.45916480093448847,-0.002089361343007812,-0.9502156248071415,-0.9305057345846613,-0.0015452826930085484,-0.002045282693008549,-0.003045282693008549,0.9967876959018787,0.09522118323071777,-0.0010323657597656245,True,,,194,1.0,50,1.0
R7,live_diag,long,24,Q1|M3,funding_x_momentum,9554,725,563,-0.0021112247230250457,0.001638789037163623,-1.28828340631269,-0.002827347420070958,-0.003207240267513037,0.001651023902475857,-1.9425765203662377,0.05245526896248665,-0.006448613836508795,3.413330148272159e-05,-0.004320823426164807,-0.0007766454348060057,-1.3558499057068607,-0.0019012138932650196,0.00034792302365300814,-0.0018486903054221232,-3.1025663625726794,0.4672388528365083,0.45174795897006487,-0.0025577505077695305,-1.1107221333071984,-0.9398656365704545,-0.002707240267513041,-0.0032072402675130413,-0.004207240267513041,0.9968599539459913,0.08978702907660649,-0.0008960838030239394,True,,,194,1.0,50,1.0
R7,live_diag,long,24,Q1|M4,funding_x_momentum,9790,730,594,-0.001326858496958756,0.0014855014848559357,-0.8932057695569622,-0.0025917931402009153,-0.002386166519797937,0.0014867826612648238,-1.60491952318572,0.10894520042979502,-0.005305059767908711,0.000532726728312837,-0.004054647848990322,-0.0005125466672386506,-1.044271651439853,-0.0014761308392034346,0.00045103750472613323,-0.0015671371405231876,-3.1297096022528956,0.4692543411644535,0.4517875383043922,-0.002113053397732055,-0.9686627958243762,-0.9225142249246034,-0.0018861665197979403,-0.0023861665197979403,-0.0033861665197979407,0.9985699693564862,0.08921723021402354,-0.0009531853508592468,True,,,194,1.0,50,1.0
R7,live_diag,long,24,Q1|M5,funding_x_momentum,13517,730,651,-0.0033187486072196208,0.0016814798368894011,-1.9737070492376714,-0.010944112067707401,-0.0015049845993667672,0.0016963686436034138,-0.8871801568849386,0.37527490607395253,-0.0048353429019773984,0.0018253737032438641,-0.01106955382692258,-0.0027021866719289175,-2.593323252423734,-0.0047478229905978464,-0.0006565503532599886,-0.0008923493898357761,-0.8338540362742751,0.4140711696382333,0.41022416216616114,-0.0012180687686534806,-0.4895187144172481,-0.8139686744833822,-0.0010049845993667676,-0.001504984599366768,-0.002504984599366768,0.9980025153510395,0.10715343942088262,-0.003710643662713122,True,,,194,1.0,50,1.0
R7,live_diag,long,24,Q2|M1,funding_x_momentum,8943,684,644,0.0025855043580653133,0.0018545848760782538,1.3941148725059582,-0.0007147962830592602,0.0006547124807401802,0.0018577110565415039,0.3524296625326959,0.7246249414636584,-0.0029928074405982342,0.004302232402078595,-0.0027505382656802715,0.0003840077205487095,0.533245090895825,-0.0010299338601584915,0.0017979493012559105,-0.0015333233823170592,-2.1141822196878333,0.4888739796488874,0.46751649334675166,-0.0017291845702379267,-0.6990893946223782,-0.9172049213678841,0.0011547124807401784,0.0006547124807401774,-0.00034528751925982183,0.99809907189981,0.1085450401410404,-7.317248263499997e-05,True,,,194,1.0,50,1.0
R7,live_diag,long,24,Q2|M2,funding_x_momentum,11689,683,599,0.001455653046798902,0.0016679339353795743,0.8727282393637713,0.0,-0.0004971158926174429,0.001667613068453029,-0.2981002619981836,0.7657175673506917,-0.003771396758765177,0.0027771649735302915,-0.0021704436998834747,0.00034713522778268056,0.7546333477275341,-0.0005560611814340476,0.0012503316369994089,-0.0015979692587426294,-3.4559824321530046,0.49662075455556504,0.4747198220549234,-0.0013070875596877612,-0.5715909038052542,-0.912135442716467,2.8841073825572455e-06,-0.000497115892617443,-0.0014971158926174433,0.9986311917187098,0.08557929995991156,-4.526175533281899e-05,True,,,194,1.0,50,1.0
R7,live_diag,long,24,Q2|M3,funding_x_momentum,12486,685,580,0.0010553669017216321,0.0016643658991833518,0.6340954847966214,-0.00023776091786631426,-0.0009100237147977624,0.001665710939316564,-0.5463275129664108,0.5850192417079215,-0.004180552787978353,0.0023605053583828288,-0.0022999999999999982,0.000270431847362148,0.5888494500578998,-0.000631286300263435,0.001172149994987731,-0.001686571669610048,-3.645965309577431,0.4933525548614448,0.470446900528592,-0.0014475212753547381,-0.6557124663902787,-0.9113784721707517,-0.000410023714797762,-0.000910023714797763,-0.0019100237147977625,0.998318116290245,0.08082462584203802,-3.026361010830313e-05,True,,,194,1.0,50,1.0
R7,live_diag,long,24,Q2|M4,funding_x_momentum,12335,685,596,0.0004339600455000165,0.0015857315952278446,0.273665509854247,-0.0011785503830289423,-0.0015117304200057734,0.0015865269949793235,-0.9528551514028761,0.3410005520067948,-0.004626786303948432,0.0016033254639368855,-0.0032137608938692646,-0.0005321837028299531,-1.242490913208922,-0.0013731635694823122,0.0003087961638224061,-0.0024680466584505152,-5.732648448211677,0.48167963683527887,0.46108949416342415,-0.002171799402093839,-1.0002140809609907,-0.9347352148199141,-0.001011730420005774,-0.0015117304200057745,-0.0025117304200057743,0.9985408560311284,0.07971113943293766,-3.21294487741514e-05,True,,,194,1.0,50,1.0
R7,live_diag,long,24,Q2|M5,funding_x_momentum,9097,686,642,-0.0005698357701070516,0.0017850881796205728,-0.3192199559733639,-0.0048661800486617945,-0.002353075189339986,0.0017894114678108355,-1.314999502165221,0.18895075353966478,-0.005866474124835486,0.0011603237461555137,-0.006757290675680537,-0.0011286086557103752,-1.478537009861512,-0.0026273521191188982,0.0003701348076981478,-0.0028908482169334275,-3.78443455377117,0.4505881059690008,0.43014180499065624,-0.0024058808778720086,-1.009343449276813,-0.9309600702250098,-0.0018530751893399882,-0.002353075189339988,-0.003353075189339988,0.9965922831702759,0.08836588416705897,-0.00014706466688727305,True,,,194,1.0,50,1.0
R7,live_diag,long,24,Q3|M1,funding_x_momentum,9567,675,623,-0.003492888482093102,0.002009102356692537,-1.7385318724344296,-0.0059392104343775065,-0.005653182046700269,0.002012044048467777,-2.8096711158015215,0.005103231821599369,-0.009603820766779198,-0.0017025433266213393,-0.008099876021424665,7.080515659063977e-05,0.10559809101880782,-0.0012457452491253561,0.0013873555623066356,-0.0020632199484357603,-3.074026909999609,0.44622138601442457,0.4258388209470053,-0.002743475221921045,-1.1208168888960426,-0.9623572197647471,-0.0051531820467002705,-0.005653182046700271,-0.00665318204670027,0.9984321103794292,0.10919485562939825,0.00012655745707704897,True,,,194,0.9900269733902776,50,0.25516159107996844
R7,live_diag,long,24,Q3|M2,funding_x_momentum,13143,684,567,-0.0028644931249871557,0.001853096974946562,-1.5457869521748906,-0.003451251078516071,-0.0050057481047829575,0.0018567920829381964,-2.695912025250473,0.00719274403692014,-0.008651463668811098,-0.0013600325407548174,-0.005660502282943845,-0.0003661706668121677,-0.8492445275791468,-0.0012127529393695994,0.00048041160574526393,-0.002488660450875529,-5.732238253523682,0.46252758122194326,0.4428212736818078,-0.003059479014128157,-1.3155604433997652,-0.9620657775857321,-0.004505748104782959,-0.005005748104782959,-0.006005748104782958,0.9980217606330366,0.08731657504693757,0.00013606839673705641,True,,,194,1.0,50,0.359637201846007
R7,live_diag,long,24,Q3|M3,funding_x_momentum,13801,683,563,-0.0031821464926305885,0.001815727482283878,-1.7525463064688467,-0.0032829940906106136,-0.005351737385759517,0.0018178672350355782,-2.9439649291301384,0.003350706396336628,-0.008921035334710878,-0.0017824394368081567,-0.005444888178913787,-0.00047703444836316077,-1.1686940247985698,-0.0012784696702851286,0.000324400773558807,-0.002628872999628888,-6.431082793630028,0.46380697050938335,0.44293891746974856,-0.0037340530669597483,-1.6541042281297655,-0.9681687054092107,-0.004851737385759516,-0.005351737385759516,-0.006351737385759516,0.9981160785450329,0.08230271446527342,0.00014242422722322785,True,,,194,0.6500370408893059,50,0.1675353198168314
R7,live_diag,long,24,Q3|M4,funding_x_momentum,13223,682,584,-0.0036385574769668477,0.001854680244908318,-1.9618246794593488,-0.004664723032069995,-0.005784977669681901,0.0018594079095018976,-3.1111934288972636,0.001941303840625789,-0.009435848363819192,-0.002134106975544611,-0.006858962790797866,-0.0007580279859617316,-1.6480226261271145,-0.0016611422677896789,0.00014508629586621575,-0.0028782513668314264,-6.21849492093313,0.4507297890040082,0.4281176737502836,-0.0028413303438375665,-1.3038969417537203,-0.9287161039039168,-0.005284977669681902,-0.005784977669681901,-0.006784977669681903,0.9973530968766543,0.08228690858639401,0.00013339710266909108,True,,,194,0.376612945081403,50,0.09706519203128945
R7,live_diag,long,24,Q3|M5,funding_x_momentum,9710,681,609,-0.006215070913773584,0.0019439810994064538,-3.197084022921417,-0.009027592941279416,-0.008336201641219496,0.0019475318526941472,-4.280392964914791,2.1341691794032915e-05,-0.012160110102350744,-0.004512293180088247,-0.01126140813077566,-0.0023768778851278607,-3.576597926155259,-0.003681721687001216,-0.001072034083254505,-0.0044740774625201514,-6.704472131433017,0.41822863027806384,0.39814624098867146,-0.005281228065155602,-2.0952910216225162,-0.9883381145347016,-0.007836201641219492,-0.008336201641219494,-0.009336201641219493,0.9977342945417096,0.09189746489768968,7.242324628406033e-05,True,,,194,0.004140288208042385,50,0.0010670845897016456
R7,live_diag,long,24,Q4|M1,funding_x_momentum,14587,671,628,0.0007276859662729352,0.0018161833525150565,0.4006676777789166,-0.002105263157894721,-0.0014950201446365583,0.0018194383190491487,-0.8216932275109311,0.41154424783142557,-0.005067516932462523,0.0020774766431894062,-0.004434765387355906,0.001014393540876482,1.5112601030012165,-0.0003035614925536172,0.002332348574306581,-0.0011897002686075896,-1.7656037671385307,0.47885103174059096,0.4602728456845136,-0.002505785696664161,-1.0544756067688614,-0.9391230245913174,-0.0009950201446365596,-0.0014950201446365598,-0.00249502014463656,0.9976006032768904,0.12417762754907141,0.00022416893073116286,True,,,194,1.0,50,1.0
R7,live_diag,long,24,Q4|M2,funding_x_momentum,16212,670,625,-0.0006414261532023968,0.0017607042189120012,-0.36430091227858574,-0.0014948614196890753,-0.0028721629624711338,0.0017633273150540188,-1.6288314358603049,0.10382018203317626,-0.006334494273397642,0.0005901683484553742,-0.0037992451438428453,-0.00025004486817145025,-0.5798525093815041,-0.001096755307944188,0.0005966655716012875,-0.0024696643054703117,-5.696233762620471,0.48019985196151,0.46083148285220826,-0.002118122740591925,-0.9300039991330691,-0.9376947009976055,-0.0023721629624711355,-0.002872162962471136,-0.003872162962471136,0.998272884283247,0.09173506752740472,0.0002031490484429008,True,,,194,1.0,50,1.0
R7,live_diag,long,24,Q4|M3,funding_x_momentum,16177,672,620,0.00014037009516601836,0.001707169008094336,0.0822239007974433,-0.0007719027402547374,-0.002085913207235154,0.001710028870642532,-1.2198116903437928,0.22296547049943363,-0.005443573677636369,0.0012717472631660616,-0.0030726738934057068,6.0784118452316436e-05,0.15961574202538148,-0.0006869489110949899,0.0008085171479996228,-0.0021515549731666583,-5.617579211046826,0.48859491871175126,0.4668356308339,-0.002006119170396169,-0.8752182784360221,-0.9368830895727127,-0.0015859132072351555,-0.0020859132072351557,-0.0030859132072351557,0.9978982506027075,0.08566475463020243,0.00020639625720125874,True,,,194,1.0,50,1.0
R7,live_diag,long,24,Q4|M4,funding_x_momentum,15787,669,625,0.00029035521064425557,0.0018148707939772875,0.15998671178565965,-0.0013642564802183177,-0.001942833169120397,0.0018185301658755067,-1.0683535558427464,0.2857475557393788,-0.005513566188243875,0.00162789985000308,-0.003645329171957225,0.0001827545434278223,0.41071014080865853,-0.0006909577465887115,0.0010564668334443561,-0.0020332677498940046,-4.536534854766926,0.48172547032368407,0.45955533033508583,-0.0019958137194868142,-0.8721502347735974,-0.9062070840208621,-0.0014428331691203977,-0.0019428331691203977,-0.002942833169120398,0.9974029264584785,0.08768592686183078,0.0001976490105423558,True,,,194,1.0,50,1.0
R7,live_diag,long,24,Q4|M5,funding_x_momentum,14195,671,629,-0.00047952973415306665,0.0018906756795983332,-0.2536287631599201,-0.005891766075065252,-0.0026781192374422903,0.0018941238453793522,-1.4139092562376356,0.15785371715708393,-0.006397262273243939,0.0010410237983593585,-0.008181223296660859,-0.00041514415253511024,-0.5179630763971103,-0.001988885873857994,0.0011585975687877733,-0.002602850301407073,-3.235530555804859,0.4479041916167665,0.4288129623106728,-0.0021599590346123225,-0.8791337196283,-0.9159958489015149,-0.002178119237442293,-0.0026781192374422925,-0.003678119237442293,0.9983092638252906,0.10159130327240976,0.00018111446122361793,True,,,194,1.0,50,1.0
R7,live_diag,long,24,Q5|M1,funding_x_momentum,11680,726,602,0.0018125187438583715,0.0020125339456287666,0.9006152406995027,-0.0018694501154754017,-0.0007268651364802331,0.002013083360063699,-0.36107056016658606,0.7181520327010018,-0.0046790429779909135,0.003225312705030447,-0.0046871130708015084,0.0031917475447594845,2.826588279434194,0.0009748802517505718,0.005408614837768397,0.0006720360786399417,0.5993631031035643,0.480222602739726,0.4589041095890411,-0.0003988864628489065,-0.14451867825390757,-0.8834528662073218,-0.0002268651364802341,-0.0007268651364802344,-0.0017268651364802342,0.9922089041095891,0.18952192545945554,0.0008068929674691442,True,,,194,1.0,50,1.0
R7,live_diag,long,24,Q5|M2,funding_x_momentum,7144,704,612,-0.00037954385287013344,0.0021681951921181507,-0.1750505924235308,-0.0021900447872397755,-0.0032833013919299457,0.002155459361786067,-1.523249034585983,0.1281467420265258,-0.007515220424241117,0.0009486176403812252,-0.004851388764668575,0.0009021470762320712,1.0194605110309252,-0.0008352671838965374,0.0026395613363606797,-0.0019817502465186146,-2.3338119924643252,0.4755039193729003,0.4518477043673012,-0.0030710248970763133,-1.1605156351463808,-0.983183616779841,-0.002783301391929949,-0.0032833013919299496,-0.00428330139192995,0.9969204927211646,0.112844852049848,0.0006238883192923292,True,,,194,1.0,50,1.0
R7,live_diag,long,24,Q5|M3,funding_x_momentum,6443,698,593,-5.058979267954184e-05,0.001803876617652574,-0.028045040433738472,-0.001887014978181445,-0.002650003017839079,0.0018052080746539364,-1.4679764925974488,0.14256236699800787,-0.006194309296289023,0.0008943032606108657,-0.004450015189950768,0.0004046286802287701,0.6133655033638231,-0.0008905813732279609,0.0016998387336855012,-0.002176776397810427,-3.296800702401018,0.478969424181282,0.4566195871488437,-0.0033001891394676187,-1.2950399544906412,-0.9814665144853851,-0.002150003017839083,-0.0026500030178390832,-0.003650003017839083,0.9982927207822443,0.10371604338261638,0.0005741808379975096,True,,,194,1.0,50,1.0
R7,live_diag,long,24,Q5|M4,funding_x_momentum,7325,707,615,-0.0006397199883639696,0.0018088445709100562,-0.3536622209845908,-0.0038363171355499937,-0.0032882107665945758,0.001809455568941281,-1.817237639340611,0.06960514224806573,-0.006840777482049748,0.00026435594886059684,-0.0064945298764853224,0.0006596781782213835,0.8444260502749673,-0.0008741042450614491,0.002193460601504216,-0.001979900537887452,-2.538717751706008,0.45870307167235497,0.4367235494880546,-0.0028903864676823572,-1.1118249918013534,-0.9668767642908317,-0.002788210766594576,-0.0032882107665945766,-0.004288210766594577,0.9979522184300341,0.11131842303330873,0.0005898088385772871,True,,,194,1.0,50,1.0
R7,live_diag,long,24,Q5|M5,funding_x_momentum,12218,728,625,0.0020513478022246697,0.001966102389995319,1.0433575650297409,-0.006359045506061312,-0.0008811539351951879,0.0019706163927687265,-0.44714635401827846,0.6549027589234,-0.004749940827050602,0.0029876329566602263,-0.009066372739791275,0.002089268314066483,1.5092191472530616,-0.0006285075057171395,0.004807044133850105,-0.0008331288489133171,-0.6018823018843384,0.44982812244229825,0.4268292682926829,-0.003412438772534696,-1.2411606909245114,-0.9727845623673753,-0.0003811539351951888,-0.0008811539351951894,-0.0018811539351951893,0.9959076771975773,0.14068423822081758,0.000864432666831027,True,,,194,1.0,50,1.0
R7,live_diag,long,48,Q1|M1,funding_x_momentum,13384,730,655,-0.003950347583797637,0.002332401018477561,-1.6936828412020526,-0.010334012443131646,-0.00116568730370422,0.0023489516083130125,-0.4962585434194628,0.6198620133017619,-0.005777225273161395,0.003445850665752955,-0.00930011516417314,-0.0023942466914900254,-1.964711246391501,-0.004786680312522608,-1.8130704574422125e-06,0.00047449187452932554,0.3819951683878889,0.4336620349619005,0.4341102644554012,-0.0006222090174978391,-0.12815421900717947,-0.7417182622577561,-0.0006656873037042206,-0.0011656873037042216,-0.002165687303704222,0.9925295084416554,0.14030604179738324,-0.004705641623513475,True,-0.0057973739793769265,0.0034758979818799813,194,1.0,50,1.0
R7,live_diag,long,48,Q1|M2,funding_x_momentum,10273,727,590,-0.0021295609020672607,0.002146845636352011,-0.9919487763851894,-0.0037439161362784468,-0.002193295603947648,0.0021564970204201064,-1.0170640548904504,0.3094627068208361,-0.006427029739586455,0.002040438531691159,-0.004668328451228896,-0.0010227672090500715,-1.5293394835993006,-0.0023357094202249764,0.00029017500212483367,-0.000999143027925799,-1.4474896845675036,0.4684123430351407,0.4592621434829164,-0.002365975635523228,-0.5364846518504229,-0.8240873001599758,-0.0016932956039476476,-0.0021932956039476476,-0.003193295603947648,0.9936727343521854,0.09522118323071777,-0.002070198038793103,True,-0.006425809990244515,0.0017975309596222847,194,1.0,50,1.0
R7,live_diag,long,48,Q1|M3,funding_x_momentum,9554,725,563,-0.0025633230989792794,0.002159588957987724,-1.186949530140101,-0.003778467249119788,-0.002707146853047697,0.002180800883673182,-1.241354436947942,0.21487798673449704,-0.006988615310164552,0.001574321604069158,-0.004836932873193976,-0.0012044164375783896,-1.6461650038313083,-0.002640825145240119,0.00023199227008333947,-0.001270711111512521,-1.6549445491404078,0.47027423068871677,0.4606447561230898,-0.0024914759673051925,-0.5558593321699565,-0.8040482097588614,-0.0022071468530476986,-0.002707146853047699,-0.003707146853047699,0.9942432489009839,0.08978702907660649,-0.001821945264764711,True,-0.007065455922540712,0.0013869010239350328,194,1.0,50,1.0
R7,live_diag,long,48,Q1|M4,funding_x_momentum,9790,730,594,-0.0026230179213517493,0.0021337274979604977,-1.229312517113331,-0.004905826609220676,-0.0027950770220261547,0.00213875106461842,-1.3068734684767214,0.19166891507877162,-0.006993942467699696,0.0014037884236473863,-0.005946928388673693,-0.0014037273360558648,-1.9964402040203684,-0.0027840994669703434,-2.335520514138616e-05,-0.0015202055088017583,-2.1215144960877677,0.46016343207354443,0.452093973442288,-0.002430075321514384,-0.5422355538445984,-0.8292812913298709,-0.002295077022026156,-0.002795077022026157,-0.0037950770220261565,0.9963227783452503,0.08921723021402354,-0.0018710716403526747,True,-0.006935850431641592,0.0015243700295693968,194,1.0,50,1.0
R7,live_diag,long,48,Q1|M5,funding_x_momentum,13517,730,651,-0.005469938855983583,0.002363771355311885,-2.314072739603809,-0.015624999999999889,-0.0010647956335728883,0.0024115309318681467,-0.4415434276631983,0.6589509246648515,-0.005799191360361516,0.00366960009321574,-0.014746875757944108,-0.004653677355922029,-3.217271726126582,-0.007493415269103559,-0.0018139394427404993,-0.00022559189328548665,-0.1486401676128944,0.40541540282607086,0.4091884293852186,-0.0005464517572573475,-0.11034798861181663,-0.7273311494237402,-0.0005647956335728876,-0.0010647956335728885,-0.002064795633572888,0.996670858918399,0.10715343942088262,-0.006258414216894301,True,-0.005976122478017584,0.0036291008967381587,194,1.0,50,1.0
R7,live_diag,long,48,Q2|M1,funding_x_momentum,8943,684,644,0.0035299202617992387,0.0025385767848680727,1.3905115192261892,-0.0015673981191222097,0.0017048897677552405,0.0025457573344058655,0.6696984605381218,0.5032770316298141,-0.0032935866100011913,0.006703366145511673,-0.003626958702453673,0.000580340156313677,0.6044373179695873,-0.0013048264093355113,0.0024655067219628655,-0.0011994663338334426,-1.235840566458527,0.48428938834842894,0.4682992284468299,-0.0009782665438854612,-0.20067359765570647,-0.7674738851504119,0.0022048897677552385,0.0017048897677552368,0.0007048897677552371,0.9960863244996087,0.1085450401410404,-0.00027085456219129195,True,-0.0032566711034975084,0.006992845197826179,194,1.0,50,1.0
R7,live_diag,long,48,Q2|M2,funding_x_momentum,11689,683,599,0.0012629311662236949,0.0023704691570692626,0.532776881933838,-0.0012777919754664024,-0.0005680505055750384,0.0023739922007903628,-0.23928069577731545,0.8109600344162966,-0.005229286219204867,0.0040931852080547905,-0.0034172741078306295,-2.3192788289083105e-05,-0.03590004890755388,-0.001291654696782063,0.0012452691202038968,-0.0018132850566855777,-2.757806818597385,0.4882368038326632,0.4726666096329883,-0.0009017436682568513,-0.19782897518175524,-0.7966551298804393,-6.80505055750383e-05,-0.0005680505055750387,-0.0015680505055750385,0.9970057318846779,0.08557929995991156,-0.00017804704050111507,True,-0.005388478107987905,0.0041030972378253375,194,1.0,50,1.0
R7,live_diag,long,48,Q2|M3,funding_x_momentum,12486,685,580,0.0015280037848594277,0.0023761249506039552,0.6430654181174458,-0.00024487704889197826,-0.00028629629718761004,0.0023848306711927053,-0.1200488993394349,0.9044797675445718,-0.004968788416488786,0.004396195822113567,-0.00244913030038063,0.0005431193905368311,0.8498745928270458,-0.0007116320741268846,0.0017978708552005467,-0.0012262163301214087,-1.8790055901434164,0.49519461797212877,0.4766938971648246,-0.0005116541221724648,-0.113859192659818,-0.7643242323574773,0.00021370370281239092,-0.0002862962971876104,-0.0012862962971876102,0.9965561428800256,0.08082462584203802,-0.00019525559752471206,True,-0.004957081966311574,0.004124410461397176,194,1.0,50,1.0
R7,live_diag,long,48,Q2|M4,funding_x_momentum,12335,685,596,0.0008824325300106912,0.002369177968369333,0.37246358939343643,-0.0008319467554076532,-0.000983846556488103,0.0023733305092043266,-0.41454258168953617,0.6786071438093516,-0.005643758700392394,0.003676065587416188,-0.002892379082634398,-0.0003863575792608331,-0.598816770221875,-0.001653171219384689,0.0008804560608630229,-0.0022029357353138272,-3.3833894699911147,0.491488326848249,0.47341115434500647,-0.0012401315188434042,-0.28058435031876583,-0.8046393414521174,-0.0004838465564881025,-0.0009838465564881035,-0.0019838465564881035,0.996757457846952,0.07971113943293766,-0.00014566022852960237,True,-0.005397858374658014,0.003583708970710533,194,1.0,50,1.0
R7,live_diag,long,48,Q2|M5,funding_x_momentum,9097,686,642,-0.0011412774857701802,0.0026446562342125773,-0.431540958331768,-0.006651884700665245,-0.0027195582216078106,0.0026528091363554815,-1.025161661401706,0.305649854327688,-0.00792819868932874,0.0024890822461131196,-0.00843611767320524,-0.001272038100760612,-1.2020526959068634,-0.003349785456156623,0.0008057092546353989,-0.0027928783369527022,-2.6316753019345334,0.44915906342750356,0.43157084753215347,-0.0015604277399764758,-0.32380687072342934,-0.801321964601937,-0.0022195582216078106,-0.0027195582216078124,-0.0037195582216078115,0.9948334615807409,0.08836588416705897,-0.00028900923425414783,True,-0.007917697097972779,0.0024905937110168384,194,1.0,50,1.0
R7,live_diag,long,48,Q3|M1,funding_x_momentum,9567,675,623,-0.006059775835820472,0.002761520720365957,-2.1943618931156994,-0.009636443276390572,-0.00834806051620664,0.0027718096035870285,-3.011772708126607,0.002694768002025118,-0.013790509805715372,-0.0029056112266979102,-0.0121619322293831,-0.0013517543613998948,-1.575737567970173,-0.0030361439989110943,0.00033263527611130457,-0.00355143126232825,-4.114404519454041,0.43618689244277203,0.42082157416117905,-0.005157164421656091,-1.0762735791041296,-0.9258156408633547,-0.007848060516206647,-0.008348060516206648,-0.009348060516206649,0.9959234869865161,0.10919485562939825,0.0001747473908480211,True,-0.013830984374800966,-0.0030325276901851978,194,0.5227849923928729,50,0.1347384001012559
R7,live_diag,long,48,Q3|M2,funding_x_momentum,13143,684,567,-0.006044955971007435,0.0026102383705501834,-2.3158635775219585,-0.006684733514001895,-0.008294904512140632,0.0026199147385308026,-3.1660971214629123,0.0016139067544812557,-0.01343898551125849,-0.003150823513022776,-0.0090381167404783,-0.0016950764411786013,-2.7841587055701176,-0.0028904776106538077,-0.0004996752717033948,-0.003874039873663955,-6.311422247784496,0.44829947500570644,0.4301909761850415,-0.004405961197297482,-0.9106905272023663,-0.9157216860217825,-0.007794904512140635,-0.008294904512140636,-0.009294904512140635,0.9961956935250704,0.08731657504693757,0.0001833140594210601,True,-0.01314706575782822,-0.0032035124470114235,194,0.31309791036936363,50,0.08069533772406279
R7,live_diag,long,48,Q3|M3,funding_x_momentum,13801,683,563,-0.006227346083811027,0.0025513768571438673,-2.4407786197379773,-0.0074898196625946545,-0.00845884363496034,0.00255910953568357,-3.305385532355057,0.000998268110058841,-0.013483549596019337,-0.003434137673901343,-0.00990690656716421,-0.001629242435176037,-2.8238689935166112,-0.0027620618276090157,-0.0004964230427430586,-0.003789962736524691,-6.529558040410371,0.4418520397072676,0.423085283675096,-0.005871674432728156,-1.282729661146574,-0.9303958323198446,-0.007958843634960338,-0.008458843634960338,-0.00945884363496034,0.996232157090066,0.08230271446527342,0.00019284650083641958,True,-0.013560997815396188,-0.0036802786827540047,194,0.19366401335141517,50,0.04991340550294205
R7,live_diag,long,48,Q3|M4,funding_x_momentum,13223,682,584,-0.007013035618326769,0.0026396263428893805,-2.6568289247523493,-0.008893280632411127,-0.00921425319677849,0.0026529984586971746,-3.4731468337540585,0.0005470423606298724,-0.01442331986213048,-0.004005186531426499,-0.011262983803912803,-0.001408749568362786,-2.1738505122474,-0.0026811527911081824,-0.0001363463456173894,-0.0035169362950811605,-5.364153427687097,0.4339408606216441,0.4170763064357559,-0.0036157204957876043,-0.7946507333533152,-0.8730179011114174,-0.00871425319677849,-0.009214253196778491,-0.010214253196778492,0.9950843227709294,0.08228690858639401,0.00016403805593554838,True,-0.014510378779323823,-0.0040495278919557166,194,0.10612621796219525,50,0.02735211803149362
R7,live_diag,long,48,Q3|M5,funding_x_momentum,9710,681,609,-0.009667959222980674,0.00274164563477055,-3.5263343666183875,-0.013645360279591623,-0.011831877488762084,0.0027506197850211355,-4.301531441456991,1.945654439828835e-05,-0.01723263432683934,-0.006431120650684828,-0.0160012846676712,-0.0033007359419470897,-3.7514742199542943,-0.00502828581260851,-0.001573186071285669,-0.005386791024538308,-6.081943304472092,0.40957775489186404,0.3927909371781668,-0.004511024900680349,-0.7128955843978249,-0.8971385813453105,-0.011331877488762087,-0.011831877488762087,-0.01283187748876209,0.9959835221421215,0.09189746489768968,0.00010892639540894893,True,-0.017305915829940004,-0.006406894830236493,194,0.0037745696132679397,50,0.0009728272199144174
R7,live_diag,long,48,Q4|M1,funding_x_momentum,14587,671,628,-0.00021268367680252355,0.0025162463677995514,-0.08452418631348674,-0.0043627298223745115,-0.002601907470122672,0.0025260861592678817,-1.0300153304655153,0.30337560128074403,-0.007561932264534331,0.0023581173242889874,-0.007062865923311316,0.0018674715188108958,2.0614210599233993,8.869817128317396e-05,0.003646244866338618,-0.00046950405757919573,-0.5134903478291459,0.4710358538424625,0.4525947761705628,-0.0013940023396373203,-0.2958757897787738,-0.795295563222481,-0.00210190747012267,-0.0026019074701226727,-0.003601907470122673,0.995543977514225,0.12417762754907141,0.00036871469838863584,True,-0.007290868834103759,0.0023836752731592496,194,1.0,50,1.0
R7,live_diag,long,48,Q4|M2,funding_x_momentum,16211,670,625,-0.002511771201335129,0.0024392979132213813,-1.0297107162355739,-0.003575928890099833,-0.004947752257682155,0.0024472255248092823,-2.0217802599405887,0.04359783733992988,-0.009752945567451259,-0.00014255894791305023,-0.006244409086161818,-0.0004451384473300233,-0.6872802283957083,-0.0017168709356292658,0.0008265940409692191,-0.0028171509509158123,-4.311686548688033,0.4750801875154207,0.4552800394769307,-0.001559323467181649,-0.33777653722605816,-0.8203539253106849,-0.0044477522576821535,-0.004947752257682154,-0.005947752257682154,0.9961756723414754,0.09173506752740472,0.0003350917900928678,True,-0.009647049551817393,3.6017035558678775e-05,194,1.0,50,1.0
R7,live_diag,long,48,Q4|M3,funding_x_momentum,16177,672,620,-0.0017217582523418214,0.0025096307972109727,-0.686060377588314,-0.0028901734104046506,-0.0041952689274063265,0.0025146370784284522,-1.6683397232129424,0.0957162257333569,-0.009132799807776358,0.0007422619529637055,-0.005455982356388998,-8.711993311493171e-05,-0.142854130774587,-0.0012845685705492253,0.0011103287043193618,-0.0024974337720529006,-4.0967494395011625,0.4779007232490573,0.45917042714965695,-0.0014858024117682834,-0.3235913846443456,-0.8159512328871618,-0.0036952689274063243,-0.004195268927406326,-0.005195268927406325,0.9957965012054151,0.08566475463020243,0.0003434806269786979,True,-0.009148532923295089,0.000755678351587274,194,1.0,50,1.0
R7,live_diag,long,48,Q4|M4,funding_x_momentum,15787,669,625,-0.0008226140588363746,0.0025388591197768786,-0.3240093364883783,-0.0031438631790745575,-0.003203917834397161,0.002548023267022148,-1.257413099740471,0.20904482920338585,-0.008207043884955701,0.0017992082161613792,-0.005656614552014381,0.0001725933476748192,0.2608348391972582,-0.0011266608897148695,0.001471847585064508,-0.002150280363844905,-3.2227905327078945,0.47589789066953825,0.4579084056502185,-0.0009171199779616437,-0.18796480674272095,-0.7779201065893652,-0.002703917834397161,-0.0032039178343971617,-0.004203917834397162,0.9955659720022804,0.08768592686183078,0.0003323511497104963,True,-0.00804160996830438,0.0017708055788211963,194,1.0,50,1.0
R7,live_diag,long,48,Q4|M5,funding_x_momentum,14195,671,629,-0.0031943071268379373,0.0025390714491270077,-1.258061141972281,-0.009672830725462211,-0.005545305736687623,0.002549099155129406,-2.175398209021851,0.02995022553146531,-0.010550517046075451,-0.0005400944272997941,-0.012197038020349497,-0.001509852075737016,-1.3986333888910703,-0.0036295005543280916,0.0006097964028540597,-0.0037828312697974495,-3.485392049310189,0.44022543148996124,0.4239520958083832,-0.0014815629685848693,-0.30849752442298034,-0.7917999995171452,-0.005045305736687621,-0.005545305736687622,-0.006545305736687623,0.995420922860162,0.10159130327240976,0.0003270712738853351,True,-0.01056992530950793,-0.00020562650657942336,194,1.0,50,1.0
R7,live_diag,long,48,Q5|M1,funding_x_momentum,11680,726,602,0.004565340897991385,0.0028136348949845064,1.6225775796743962,-0.0028731524254244634,0.0014518748404747054,0.002817537928103279,0.5152991290704946,0.6065015219727175,-0.004079658019892583,0.0069834077008419934,-0.0064632892980051645,0.005813946568244421,3.586398995692338,0.002631316593547678,0.008996576542941163,0.0027414452858323395,1.698787548301738,0.47893835616438357,0.4563356164383562,0.0004827229195930112,0.08488894565314681,-0.781458981769551,0.0019518748404747071,0.0014518748404747047,0.00045187484047470476,0.9878424657534246,0.18952192545945554,0.0015408811908476177,True,-0.003876736116195572,0.00676669827238811,194,1.0,50,1.0
R7,live_diag,long,48,Q5|M2,funding_x_momentum,7144,704,612,0.004060606118440686,0.0029174118163469084,1.3918522217837759,-0.0007809322444729538,0.00044798816149982477,0.002889713137617375,0.1550285928620582,0.8768434022133985,-0.005225541282059706,0.006121517605059355,-0.004015236790077063,0.0036672004465663475,2.7909219241132224,0.0010874160878103362,0.006246984805322359,8.849046246368019e-05,0.07136514436863828,0.4909014557670773,0.4652855543113102,-0.002334712741227444,-0.43637509161902066,-0.903949695429603,0.0009479881614998247,0.00044798816149982325,-0.000552011838500177,0.9951007838745801,0.112844852049848,0.0011373677887185174,True,-0.005066874390435849,0.006187378355341181,194,1.0,50,1.0
R7,live_diag,long,48,Q5|M3,funding_x_momentum,6443,698,593,0.002416053782543007,0.0026337823877678438,0.9173323482471292,-0.0012132241431604962,-0.0006279936929535903,0.0026419647568375203,-0.23769949668265453,0.8121842296697809,-0.0058151828466338155,0.004559195460726634,-0.004211939738977024,0.0015380549501570694,1.3202690915607587,-0.0007491879425614145,0.0038252978428755533,-0.001479067155947987,-1.2639933576832207,0.48890268508458795,0.4668632624553779,-0.0033220424622698126,-0.6104476014143265,-0.9453031961591831,-0.00012799369295359066,-0.0006279936929535908,-0.0016279936929535909,0.9958094055564178,0.10371604338261638,0.001026804697630917,True,-0.005717045433646042,0.004451723770030297,194,1.0,50,1.0
R7,live_diag,long,48,Q5|M4,funding_x_momentum,7325,707,615,0.0019254754916691427,0.0025874813447864615,0.7441504826880394,-0.001697138008177057,-0.0012608186618513516,0.0025785466244409774,-0.48896484938475526,0.6250188739990007,-0.006323380819223333,0.0038017434955206295,-0.004913461348689087,0.0016722735041139975,1.4034034046836434,-0.0006671995323657952,0.00401174654059379,-0.001464566801217857,-1.2517084670473781,0.4853242320819113,0.46361774744027306,-0.0042176436387698375,-0.8348907133179456,-0.9427481100836915,-0.0007608186618513521,-0.0012608186618513536,-0.0022608186618513536,0.995494880546075,0.11131842303330873,0.0011003570049369082,True,-0.006234119660053292,0.003949456668542812,194,1.0,50,1.0
R7,live_diag,long,48,Q5|M5,funding_x_momentum,12218,728,625,0.005450183265249123,0.002961700483507384,1.840220945905631,-0.009215905326234564,0.0017468697382333675,0.002981137210384799,0.5859742826154202,0.5580751670841423,-0.004105822429045928,0.0075995619055126635,-0.012609880733431687,0.004566346792317961,2.2089983927011723,0.0005080368676888018,0.008624656716947121,0.0008874710723214776,0.4252598177524999,0.4495007366181044,0.42854804386970047,-0.003948926740854529,-0.6961055959827679,-0.908496571192825,0.0022468697382333675,0.0017468697382333664,0.0007468697382333668,0.9927975118677361,0.14068423822081758,0.0015334506784830887,True,-0.003985456188409013,0.007726398682572528,194,1.0,50,1.0
R7,live_diag,long,72,Q1|M1,funding_x_momentum,13383,730,655,-0.0066699603648934895,0.002804652366183749,-2.378177219150055,-0.0156138599743334,-0.0015725809645803766,0.002845120826746524,-0.5527290615557678,0.5806190868422243,-0.007158227263196955,0.004013065334036203,-0.013549485266492356,-0.004221152669838471,-2.8490210235151947,-0.007129894242600049,-0.0013124110970768933,0.0009982419160481353,0.6526549495992054,0.41670401912445837,0.420663379650381,-0.00016493770023030485,-0.021993327239935214,-0.7144148701417381,-0.001072580964580377,-0.0015725809645803777,-0.0025725809645803783,0.9902883609741521,0.14030604179738324,-0.006791981589468922,True,,,194,1.0,50,1.0
R7,live_diag,long,72,Q1|M2,funding_x_momentum,10273,727,590,-0.0028396377102521088,0.0025879248963426664,-1.0972643426651099,-0.0055506865322815235,-0.0018263042770197335,0.002609013742145717,-0.6999979522981492,0.4841537522034156,-0.0069484519165882086,0.0032958433625487416,-0.005677807307847735,-0.0011079891118691676,-1.3447892861100825,-0.0027255251624585075,0.0005095469387201724,1.9999848681666155e-05,0.023147054614644565,0.4634478730653169,0.45916480093448847,-0.0019443892239173362,-0.29850298425823535,-0.7403236124529646,-0.001326304277019733,-0.0018263042770197341,-0.002826304277019734,0.9913365131899153,0.09522118323071777,-0.0031044942458758828,True,,,194,1.0,50,1.0
R7,live_diag,long,72,Q1|M3,funding_x_momentum,9554,725,563,-0.003963298607572506,0.002591865500784652,-1.5291297354637696,-0.007744824634689507,-0.003159817442980632,0.002617474473125053,-1.2072008630548612,0.22775068436678794,-0.008298599519254985,0.001978964633293721,-0.008328867389635284,-0.0014046006949564888,-1.626346857153556,-0.0031001656200581387,0.00029096423014516085,-0.000491399827606675,-0.5426032862959734,0.45248063638266695,0.4459912078710488,-0.001991214802123018,-0.29715851723841874,-0.7514603331454761,-0.0026598174429806336,-0.003159817442980635,-0.0041598174429806345,0.9913125392505757,0.08978702907660649,-0.0027705174575018456,True,,,194,1.0,50,1.0
R7,live_diag,long,72,Q1|M4,funding_x_momentum,9790,730,594,-0.004445246358541426,0.0025359525447008696,-1.7528901981349057,-0.007430379193931802,-0.00377917215414905,0.0025492840748690027,-1.482444499380967,0.1386559866161574,-0.008784020814020339,0.0012256765057222386,-0.008169991657901962,-0.002398320176192261,-2.5697691240032587,-0.004230561974953308,-0.0005660783774312139,-0.001658389194141326,-1.735873286075146,0.45280898876404496,0.4460674157303371,-0.0024962562733392532,-0.3460070723501357,-0.7923326962957228,-0.0032791721541490498,-0.0037791721541490498,-0.00477917215414905,0.9932584269662922,0.08921723021402354,-0.0027237522727272716,True,,,194,1.0,50,1.0
R7,live_diag,long,72,Q1|M5,funding_x_momentum,13517,730,651,-0.009079289449474705,0.0026786568583831035,-3.389493290661785,-0.020415346708905324,-0.002578593678203359,0.0027317862508708926,-0.9439221964680817,0.345523422554892,-0.007941737351169095,0.002784549994762376,-0.01832920971390497,-0.008032714298227075,-5.255369255125579,-0.011033457401882638,-0.005031971194571511,-0.0015016554577115552,-0.9408036435756457,0.4034179181771103,0.4080047347784272,-0.0014123247834950837,-0.18554781784316557,-0.7343195929343762,-0.0020785936782033586,-0.002578593678203359,-0.003578593678203361,0.9943034697048162,0.10715343942088262,-0.008252972203125004,True,,,194,1.0,50,1.0
R7,live_diag,long,72,Q2|M1,funding_x_momentum,8943,684,644,0.0036030500180181052,0.0031107146363979266,1.1582708281432983,-0.0045811518324606615,0.0019116717461912542,0.0031293330454505797,0.6108879171459363,0.5414779184797349,-0.004232644543660077,0.008055988036042586,-0.006852574444444598,0.0006044058892592662,0.48883518231050177,-0.001823235919713245,0.0030320476982317775,-0.001035356812621006,-0.8247229030867808,0.47176562674717654,0.455440008945544,-0.0008379344183388092,-0.11555476757203466,-0.7542441316745679,0.002411671746191258,0.001911671746191258,0.0009116717461912569,0.9937381191993738,0.1085450401410404,-0.00047352302689322056,True,,,194,1.0,50,1.0
R7,live_diag,long,72,Q2|M2,funding_x_momentum,11689,683,599,0.0015868904035600088,0.002841535617978931,0.5584622601664587,-0.004021937842778822,-2.8754345996421837e-05,0.002845485224761873,-0.010105252259332384,0.9919402807046627,-0.005615761825200759,0.005558253133207914,-0.006095822124379426,0.0001474096752454458,0.181427122632869,-0.0014478936967308538,0.0017427130472217453,-0.0014188193187691755,-1.721352703690586,0.4729232611857302,0.4596629309607323,-0.0005477232132576534,-0.07984637735678168,-0.7572581913398271,0.00047124565400357923,-2.875434599642077e-05,-0.0010287543459964212,0.9958080246385491,0.08557929995991156,-0.000369743953608247,True,,,194,1.0,50,1.0
R7,live_diag,long,72,Q2|M3,funding_x_momentum,12486,685,580,0.0014613471387570705,0.0027973822019916684,0.5223980969481491,-0.00267469737362519,-0.0002008159827167848,0.0028088687683412296,-0.07149354394202481,0.943025953153269,-0.005715899450029329,0.0053142674845957595,-0.004870550878413191,0.0003886550659311388,0.49416812315334346,-0.0011555566910082847,0.0019328668228705622,-0.001215673356800975,-1.5142592960964902,0.48246035559827005,0.4687650168188371,-0.00031617459125863115,-0.047472928268880964,-0.7273787116296815,0.00029918401728321514,-0.00020081598271678457,-0.0012008159827167862,0.9950344385711998,0.08082462584203802,-0.00034731673374114485,True,,,194,1.0,50,1.0
R7,live_diag,long,72,Q2|M4,funding_x_momentum,12335,685,596,-0.00012960270585328151,0.0028461717735304946,-0.04553579901908648,-0.0028901734104045396,-0.0018799549337062058,0.002853386338607318,-0.6588504711996956,0.5102144925495301,-0.007482446584180122,0.0037225367167677105,-0.005013875882352801,-0.0008421117283554016,-1.081471058629442,-0.002370987024561867,0.0006867635678510641,-0.002532542437324242,-3.216203284951281,0.4803826199740597,0.4653047989623865,-0.001793140307389717,-0.27374667341244824,-0.7890510399959982,-0.0013799549337062044,-0.001879954933706206,-0.0028799549337062053,0.9952983138780804,0.07971113943293766,-0.0002634361801596345,True,,,194,1.0,50,1.0
R7,live_diag,long,72,Q2|M5,funding_x_momentum,9097,686,642,-0.0014875982967385753,0.0032105832174394956,-0.4633420771211047,-0.009190057022643083,-0.0028908719330942396,0.0032259337854191232,-0.8961349256952119,0.3704968971486278,-0.00922482667045843,0.003443082804269951,-0.011230065659405469,-0.001989685114586869,-1.5887242848499272,-0.004448647820601131,0.00046927759142739375,-0.003309676114749045,-2.6199759379811867,0.4468506100912389,0.43354952182038037,-0.0022181753457440525,-0.31938213884956845,-0.7472478706856175,-0.0023908719330942383,-0.0028908719330942383,-0.0038908719330942383,0.992854787292514,0.08836588416705897,-0.0004634392593002714,True,,,194,1.0,50,1.0
R7,live_diag,long,72,Q3|M1,funding_x_momentum,9567,675,623,-0.010051006131061184,0.003568243859984412,-2.81679350556077,-0.014840764331210177,-0.012259076452686073,0.0035917766946429943,-3.4130953828421586,0.0006809031614856903,-0.019311550424232424,-0.005206602481139723,-0.01739031020140132,-0.002264669038238094,-2.1627913062392428,-0.004320648624562344,-0.0002086894519138442,-0.00434071548574983,-4.108317668254303,0.42604787289641477,0.4109961325389359,-0.005770026600735702,-0.7818484952008391,-0.8899438847615488,-0.011759076452686075,-0.012259076452686072,-0.013259076452686076,0.9932058116441936,0.10919485562939825,0.00012603114396968126,True,,,194,0.13209521332822394,50,0.034045158074284515
R7,live_diag,long,72,Q3|M2,funding_x_momentum,13143,684,567,-0.010019005501028225,0.003348361094057993,-2.9922117775194463,-0.012299465240641738,-0.012273262352698258,0.0033675284083266627,-3.6445905912333156,0.00028823868659058876,-0.018885265407438442,-0.005661259297958073,-0.014917762855709877,-0.00310325534895613,-4.157699014014303,-0.004568745291726321,-0.001637765406185939,-0.005245460813397981,-6.9580810113615055,0.4325496461994978,0.4169519896522864,-0.00558421909297092,-0.7812231880919389,-0.8920108785327803,-0.011773262352698257,-0.012273262352698256,-0.013273262352698257,0.9939891957696112,0.08731657504693757,0.0001714532501530862,True,,,194,0.05591830519857422,50,0.014411934329529438
R7,live_diag,long,72,Q3|M3,funding_x_momentum,13801,683,563,-0.010816496969307785,0.0032509404792568316,-3.327190097242398,-0.012411347517730431,-0.013027417668095655,0.0032659166832749737,-3.988900799218218,7.359087397464541e-05,-0.019439927132959417,-0.006614908203231894,-0.014805544783526968,-0.003055356774359591,-4.490577025426058,-0.004391273190660572,-0.0017194403580586101,-0.0051543280130744145,-7.511399680352047,0.42359249329758714,0.40989783349032677,-0.006978078293790249,-1.0237500127032824,-0.8977681558086125,-0.012527417668095652,-0.013027417668095656,-0.014027417668095656,0.9943482356350989,0.08230271446527342,0.00020548372003205572,True,,,194,0.014276629551081211,50,0.003679543698732271
R7,live_diag,long,72,Q3|M4,funding_x_momentum,13223,682,584,-0.011028702172276125,0.0034742589992914127,-3.174404146186415,-0.013450292397660935,-0.013272896455961539,0.0034969992872517226,-3.7955101976565326,0.00016052961543956457,-0.020139146352157536,-0.006406646559765541,-0.015889784748441427,-0.0022001691746945866,-2.718197340350561,-0.003789432029436021,-0.0006109063199531523,-0.0043001977214719295,-5.230503629480893,0.42070634500491566,0.4051274294789382,-0.0045357843765728816,-0.661434341879994,-0.8437031540517804,-0.012772896455961538,-0.013272896455961537,-0.01427289645596154,0.9934205550933979,0.08228690858639401,0.00016279524817295368,True,,,194,0.031142745395275527,50,0.008026480771978229
R7,live_diag,long,72,Q3|M5,funding_x_momentum,9710,681,609,-0.013573657706524436,0.003481845998329684,-3.8984084054941,-0.02055148332865836,-0.015739263049929075,0.0034972511531987114,-4.500466898276202,7.980903845765862e-06,-0.02260602561550091,-0.00887250048435724,-0.02310953907603909,-0.004100857439011141,-3.5719600506562346,-0.006355044000014177,-0.001846670878008105,-0.006141422203782267,-5.3030329265921425,0.3969104016477858,0.3803295571575695,-0.0071867173387683,-0.9196470220389166,-0.8844473519648524,-0.015239263049929074,-0.015739263049929078,-0.016739263049929076,0.9942327497425335,0.09189746489768968,0.00012972640252744127,True,,,194,0.0015482953460785774,50,0.0003990451922882931
R7,live_diag,long,72,Q4|M1,funding_x_momentum,14587,671,628,-0.0004581580222198517,0.0028337179402468074,-0.16168088422376564,-0.007518796992481258,-0.0028761321559718843,0.0028479163734422223,-1.009907517928821,0.31290581309270504,-0.008468092752048514,0.0027158284401047447,-0.010365991952685684,0.0016157745920115474,1.5220161401014518,-0.0004686915811344572,0.003700240765157552,-0.0007370941571715158,-0.6917630076025681,0.4599300747240694,0.44279152670185784,-0.000589180715206341,-0.08474538641007351,-0.7258727290405991,-0.0023761321559718847,-0.0028761321559718843,-0.0038761321559718856,0.9930074724069377,0.12417762754907141,0.0004666655139799556,True,,,194,1.0,50,1.0
R7,live_diag,long,72,Q4|M2,funding_x_momentum,16211,670,625,-0.0027843520890703352,0.0028054501592429774,-0.9924796132616609,-0.007499385296287131,-0.005342848736851601,0.002820078002821532,-1.894574806620951,0.05858167318838932,-0.010880163055418562,0.00019446558171535948,-0.01050812313454663,-0.0007276461073231587,-0.8822108652053172,-0.002347151199952011,0.0008918589853056938,-0.00321161063132807,-3.842772018251169,0.45330619294349866,0.4360350357759684,-0.0009049189636277882,-0.13210496927429047,-0.7339963099847528,-0.004842848736851603,-0.005342848736851603,-0.006342848736851604,0.9935849987663459,0.09173506752740472,0.00043199785199898974,True,,,194,1.0,50,1.0
R7,live_diag,long,72,Q4|M3,funding_x_momentum,16177,672,620,-0.0012676131281693006,0.0028354333665195548,-0.4470615120556593,-0.0047998464049150424,-0.003848890104999299,0.002846523397666427,-1.3521371748268818,0.1767890266671586,-0.009438100345710312,0.0017403201357117145,-0.007719064132885634,-5.313371734049657e-05,-0.07323619029351484,-0.0014776801858013752,0.001371412751120382,-0.0025584633460380827,-3.509317866228473,0.4679483216912901,0.4485380478457069,-0.0005269282176754412,-0.07845979022942205,-0.7121784782974903,-0.0033488901049992985,-0.003848890104999299,-0.004848890104999299,0.9936329356493787,0.08566475463020243,0.000450257471071281,True,,,194,1.0,50,1.0
R7,live_diag,long,72,Q4|M4,funding_x_momentum,15787,669,625,-0.0013976798865086863,0.002830677631789156,-0.4937615893849664,-0.0062937062937061805,-0.0038713243408826687,0.0028466829654472605,-1.3599422162117798,0.1743090744407099,-0.009460893666025434,0.0017182449842600973,-0.00914653182862318,-0.0009503374574560176,-1.178282999635476,-0.002534004663985366,0.0006333297490733309,-0.0033485663021808184,-4.1067647067025375,0.45955533033508583,0.44105909925888387,-0.0016922650713687853,-0.2512217636819044,-0.7530167419243187,-0.0033713243408826686,-0.0038713243408826695,-0.004871324340882669,0.9932222714892,0.08768592686183078,0.0004262973258928447,True,,,194,1.0,50,1.0
R7,live_diag,long,72,Q4|M5,funding_x_momentum,14195,671,629,-0.0012110794729991842,0.002983944875543108,-0.4058652299261244,-0.012605042016806789,-0.0037324104031278026,0.003001782773511353,-1.2433979020946253,0.21415809746350084,-0.009626491824896647,0.002161671018641042,-0.01548608105990784,0.0006598860152699725,0.4562616458688397,-0.0021799175292053167,0.0034996895597452617,-0.0017740912877489228,-1.2150634474946915,0.43416696019725254,0.41831630855935187,0.0014491021127615883,0.20276959569690245,-0.5430181636773866,-0.0032324104031278018,-0.0037324104031278026,-0.004732410403127802,0.9929552659387109,0.10159130327240976,0.0004431416559063272,True,,,194,1.0,50,1.0
R7,live_diag,long,72,Q5|M1,funding_x_momentum,11680,726,602,0.006108465941354483,0.0033254341976427944,1.8368927419115424,-0.004912195189631985,0.0023513795586086713,0.0033454038011251205,0.7028686814482183,0.4823641508511933,-0.004216501515756545,0.008919260632973887,-0.00945093612809002,0.007736411132860224,4.126835532847284,0.004056002024887869,0.011416820240832579,0.004037961300390898,2.1525772741545905,0.47268835616438354,0.45085616438356163,0.001322596022767263,0.14321427490966226,-0.7575640805419953,0.002851379558608671,0.002351379558608671,0.0013513795586086702,0.9845890410958904,0.18952192545945554,0.0022648210226086716,True,,,194,1.0,50,1.0
R7,live_diag,long,72,Q5|M2,funding_x_momentum,7143,704,612,0.0075667901294797415,0.003939369117975071,1.9208126740276752,-0.0035684875102938163,0.0036245026404728977,0.003919673330428458,0.9246950791372975,0.35544319281083275,-0.004071222137489452,0.011320227418435247,-0.007500529170305725,0.008218873430880966,3.4840241736931614,0.003587310423539823,0.01285043643822211,0.004326720978652673,1.872436798942458,0.47998320268757,0.4543673012318029,0.00017909002835955824,0.019547023943525584,-0.8124668462595985,0.004124502640472896,0.0036245026404728956,0.0026245026404728956,0.9931410974244121,0.112844852049848,0.0015537434334037931,True,,,194,1.0,50,1.0
R7,live_diag,long,72,Q5|M3,funding_x_momentum,6443,698,593,0.0010850284690231793,0.0031228948461532935,0.3474431649082553,-0.002680965147453196,-0.0024842840639385097,0.003139870409880732,-0.7912059224230452,0.4290941486308681,-0.008649068295780712,0.0036805001679036933,-0.006271243288224433,-1.6651610700176596e-05,-0.011911964955054316,-0.0027612305920218638,0.0027279273706215107,-0.003566829640278978,-2.5395412090081875,0.48300481142325,0.46174142480211083,-0.005247531242332206,-0.6470479901668842,-0.940720976022192,-0.001984284063938509,-0.002484284063938509,-0.00348428406393851,0.9942573335402762,0.10371604338261638,0.001433281492350912,True,,,194,1.0,50,1.0
R7,live_diag,long,72,Q5|M4,funding_x_momentum,7325,707,615,0.004124422224021992,0.003201638141535332,1.2882224791475474,-0.003603603603603678,0.0006110546154886064,0.003216293662755162,0.18998719630755387,0.8493740079534883,-0.005703636892193574,0.006925746123170786,-0.007154941530522839,0.0034012825159533155,2.1048268447605096,0.00022865129478391154,0.0065739137371227194,-4.96814317768778e-05,-0.030599858828748404,0.4808191126279863,0.45815699658703074,-0.0024235700536830206,-0.3140267439771403,-0.8603592584836314,0.0011110546154886045,0.0006110546154886042,-0.00038894538451139676,0.9933105802047781,0.11131842303330873,0.0015379471577789867,True,,,194,1.0,50,1.0
R7,live_diag,long,72,Q5|M5,funding_x_momentum,12218,728,625,0.009133513334331862,0.003800946774671401,2.402957440813275,-0.013183535298494198,0.00489361546956933,0.0038295503000053935,1.2778564286157668,0.20170961407175866,-0.0026247338143634436,0.012411964753502104,-0.01744650082776039,0.009292337349634347,3.266799250946989,0.003707966650309251,0.014876708048959443,0.005069784496153524,1.76605115614433,0.44057947290882304,0.4169258471108201,-0.0019524417614680911,-0.21837784104964053,-0.8010081698870294,0.0053936154695693305,0.0048936154695693275,0.0038936154695693287,0.9894418071697495,0.14068423822081758,0.0020689821515427064,True,,,194,1.0,50,1.0
R7,live_diag,short,24,Q1|M1,funding_x_momentum,13385,730,655,0.001695649397733529,0.0016574485883158558,1.023047960393444,0.0055796652200867936,-0.002727392212615856,0.001658283241235232,-1.6447083012093033,0.10046167758311995,-0.005982980189529054,0.000528195764297342,0.0021073392933618224,0.001170200213687252,1.301091039178712,-0.000595521344186612,0.0029359217715611164,-0.003279530378715384,-3.6349319245916925,0.5460182279994024,0.5155386224413566,-0.0026060332863216905,-1.0896855633091531,-0.952832461326704,-0.0022273922126158554,-0.002727392212615856,-0.0037273922126158554,0.9955924099805767,0.14030604179738324,-0.002496014856306746,True,,,194,1.0,50,1.0
R7,live_diag,short,24,Q1|M2,funding_x_momentum,10273,727,590,0.0010364488319272874,0.00147418257228454,0.7030668055728696,0.0020130850528434774,-0.0019547173069914534,0.001476805769062801,-1.3236116407047496,0.18604926925600984,-0.004854043620143968,0.0009446090061610611,-0.0006262686789310339,0.0003976200083492126,0.8313707328925893,-0.0005413380961174369,0.001336578112815862,-0.0026128990108373524,-5.362559474865103,0.5217560595736397,0.49138518446412927,-0.0019106386569921912,-0.8689347638742662,-0.9086862700391378,-0.0014547173069914534,-0.001954717306991454,-0.0029547173069914543,0.9967876959018787,0.09522118323071777,-0.0010323657597656245,True,,,194,1.0,50,1.0
R7,live_diag,short,24,Q1|M3,funding_x_momentum,9554,725,563,0.0021112247230250457,0.001638789037163623,1.28828340631269,0.002827347420070958,-0.0007927597324869605,0.001651023902475857,-0.48016248056623945,0.6312570996523014,-0.0040341333014827195,0.002448613836508798,0.00032082342616480703,0.0007766454348060057,1.3558499057068607,-0.00034792302365300814,0.0019012138932650196,-0.002151309694577878,-3.6104376564844802,0.5274230688716768,0.5021980322378061,-0.0014422494922304717,-0.6263075416876421,-0.8865047512900713,-0.0002927597324869611,-0.0007927597324869616,-0.001792759732486961,0.9968599539459913,0.08978702907660649,-0.0008960838030239394,True,,,194,1.0,50,1.0
R7,live_diag,short,24,Q1|M4,funding_x_momentum,9790,730,594,0.001326858496958756,0.0014855014848559357,0.8932057695569622,0.0025917931402009153,-0.0016138334802020598,0.0014867826612648238,-1.085453524746618,0.27808013792081193,-0.004532726728312834,0.001305059767908714,5.464784899032217e-05,0.0005125466672386506,1.044271651439853,-0.00045103750472613323,0.0014761308392034346,-0.0024328628594768127,-4.85863939752397,0.5262512768130746,0.5,-0.0018869466022679478,-0.8650112549384581,-0.9110975629449461,-0.0011138334802020618,-0.001613833480202062,-0.002613833480202062,0.9985699693564862,0.08921723021402354,-0.0009531853508592468,True,,,194,1.0,50,1.0
R7,live_diag,short,24,Q1|M5,funding_x_momentum,13517,730,651,0.0033187486072196208,0.0016814798368894011,1.9737070492376714,0.010944112067707401,-0.0024950154006332342,0.0016963686436034138,-1.470797877596547,0.14177786669304862,-0.005825373703243866,0.0008353429019773971,0.00706955382692258,0.0027021866719289175,2.593323252423734,0.0006565503532599886,0.0047478229905978464,-0.0031076506101642256,-2.9039376662683094,0.5823037656284679,0.5528593622845306,-0.0027819312313465223,-1.118005349953564,-0.9701447114085634,-0.0019950154006332333,-0.002495015400633234,-0.0034950154006332347,0.9980025153510395,0.10715343942088262,-0.003710643662713122,True,,,194,1.0,50,1.0
R7,live_diag,short,24,Q2|M1,funding_x_momentum,8943,684,644,-0.0025855043580653133,0.0018545848760782538,-1.3941148725059582,0.0007147962830592602,-0.004654712480740177,0.0018577110565415039,-2.5056170411160945,0.012455704298973237,-0.008302232402078592,-0.0010071925594017624,-0.0012494617343197288,-0.0003840077205487095,-0.533245090895825,-0.0017979493012559105,0.0010299338601584915,-0.0024666766176829427,-3.4011115378312593,0.5068768869506877,0.4876439673487644,-0.0022708154297620756,-0.9180645093733939,-0.9349229225717842,-0.00415471248074018,-0.0046547124807401795,-0.0056547124807401795,0.99809907189981,0.1085450401410404,-7.317248263499997e-05,True,,,194,1.0,50,0.6227852149486618
R7,live_diag,short,24,Q2|M2,funding_x_momentum,11689,683,599,-0.001455653046798902,0.0016679339353795743,-0.8727282393637713,0.0,-0.0035028841073825594,0.001667613068453029,-2.1005376928546324,0.03604868409701937,-0.006777164973530293,-0.00022860324123482505,-0.0018295563001165254,-0.00034713522778268056,-0.7546333477275341,-0.0012503316369994089,0.0005560611814340476,-0.0024020307412573718,-5.194953531089151,0.49901616904782276,0.4795106510394388,-0.002692912440312242,-1.1776137292548206,-0.9488089024347671,-0.0030028841073825594,-0.00350288410738256,-0.004502884107382559,0.9986311917187098,0.08557929995991156,-4.526175533281899e-05,True,,,194,1.0,50,1.0
R7,live_diag,short,24,Q2|M3,funding_x_momentum,12486,685,580,-0.0010553669017216321,0.0016643658991833518,-0.6340954847966214,0.00023776091786631426,-0.00308997628520224,0.001665710939316564,-1.855049524060908,0.06401986025336445,-0.006360505358382831,0.00018055278797835146,-0.0017000000000000019,-0.000270431847362148,-0.5888494500578998,-0.001172149994987731,0.000631286300263435,-0.0023134283303899526,-5.0010797588848295,0.502002242511613,0.482139996796412,-0.0025524787246452648,-1.1562469916275977,-0.9336358396775665,-0.0025899762852022393,-0.0030899762852022402,-0.00408997628520224,0.998318116290245,0.08082462584203802,-3.026361010830313e-05,True,,,194,1.0,50,1.0
R7,live_diag,short,24,Q2|M4,funding_x_momentum,12335,685,596,-0.0004339600455000165,0.0015857315952278446,-0.273665509854247,0.0011785503830289423,-0.002488269579994228,0.0015865269949793238,-1.5683751917670055,0.11725674721864895,-0.005603325463936887,0.0006267863039484314,-0.0007862391061307355,0.0005321837028299531,1.242490913208922,-0.0003087961638224061,0.0013731635694823122,-0.0015319533415494853,-3.5583403239547926,0.5137808041504539,0.4908398184176394,-0.001828200597906164,-0.8419709385148998,-0.9048289007384964,-0.001988269579994228,-0.0024882695799942275,-0.0034882695799942276,0.9985408560311284,0.07971113943293766,-3.21294487741514e-05,True,,,194,1.0,50,1.0
R7,live_diag,short,24,Q2|M5,funding_x_momentum,9097,686,642,0.0005698357701070516,0.0017850881796205728,0.3192199559733639,0.0048661800486617945,-0.0016469248106600115,0.0017894114678108357,-0.9203723348631814,0.3577026966499231,-0.005160323746155512,0.0018664741248354886,0.0027572906756805366,0.0011286086557103752,1.478537009861512,-0.0003701348076981478,0.0026273521191188982,-0.001109151783066573,-1.4520002498321092,0.546224029899967,0.5240189073320874,-0.0015941191221279943,-0.668783607736207,-0.8943389693467323,-0.0011469248106600134,-0.0016469248106600145,-0.002646924810660014,0.9965922831702759,0.08836588416705897,-0.00014706466688727305,True,,,194,1.0,50,1.0
R7,live_diag,short,24,Q3|M1,funding_x_momentum,9567,675,623,0.003492888482093102,0.002009102356692537,1.7385318724344296,0.0059392104343775065,0.00165318204670027,0.002012044048467777,0.8216430688777467,0.4115710433753144,-0.00229745667337866,0.0056038207667792,0.004099876021424665,-7.080515659063977e-05,-0.10559809101880782,-0.0013873555623066356,0.0012457452491253561,-0.0019367800515642404,-2.8856419315704755,0.5497021009720916,0.533082470994042,-0.0012565247780789576,-0.5133394977779677,-0.8573050028645725,0.0021531820467002682,0.0016531820467002678,0.0006531820467002675,0.9984321103794292,0.10919485562939825,0.00012655745707704897,True,,,194,1.0,50,1.0
R7,live_diag,short,24,Q3|M2,funding_x_momentum,13143,684,567,0.0028644931249871557,0.001853096974946562,1.5457869521748906,0.003451251078516071,0.0010057481047829572,0.0018567920829381964,0.5416589794972934,0.588230358346703,-0.0026399674592451827,0.004651463668811097,0.001660502282943845,0.0003661706668121677,0.8492445275791468,-0.00048041160574526393,0.0012127529393695994,-0.0015113395491244718,-3.481133143135978,0.5332876816556342,0.5160161302594537,-0.0009405209858718451,-0.40441924899195264,-0.8311629245948235,0.0015057481047829574,0.001005748104782957,5.748104782957037e-06,0.9980217606330366,0.08731657504693757,0.00013606839673705641,True,,,194,1.0,50,1.0
R7,live_diag,short,24,Q3|M3,funding_x_momentum,13801,683,563,0.0031821464926305885,0.001815727482283878,1.7525463064688467,0.0032829940906106136,0.0013517373857595137,0.0018178672350355782,0.7435842176522085,0.4573845145438201,-0.0022175605631918464,0.004921035334710874,0.0014448881789137866,0.00047703444836316077,1.1686940247985698,-0.000324400773558807,0.0012784696702851286,-0.0013711270003711126,-3.3542248945510154,0.5320628939931888,0.5135859720310122,-0.00026594693304025436,-0.11780870237020934,-0.721129396917736,0.0018517373857595144,0.0013517373857595135,0.00035173738575951366,0.9981160785450329,0.08230271446527342,0.00014242422722322785,True,,,194,1.0,50,1.0
R7,live_diag,short,24,Q3|M4,funding_x_momentum,13223,682,584,0.0036385574769668477,0.001854680244908318,1.9618246794593488,0.004664723032069995,0.0017849776696818992,0.0018594079095018976,0.9599709996716445,0.3374110142907091,-0.001865893024455391,0.005435848363819189,0.002858962790797866,0.0007580279859617316,1.6480226261271145,-0.00014508629586621575,0.0016611422677896789,-0.0011217486331685743,-2.4235507219099004,0.5441276563563487,0.5256749602964531,-0.001158669656162436,-0.5317177653945485,-0.8763156882765065,0.0022849776696819007,0.0017849776696818997,0.0007849776696819,0.9973530968766543,0.08228690858639401,0.00013339710266909108,True,,,194,1.0,50,1.0
R7,live_diag,short,24,Q3|M5,funding_x_momentum,9710,681,609,0.006215070913773584,0.0019439810994064538,3.197084022921417,0.009027592941279416,0.004336201641219495,0.001947531852694147,2.2265112815592443,0.026307257624561303,0.0005122931800882469,0.008160110102350742,0.00726140813077566,0.0023768778851278607,3.576597926155259,0.001072034083254505,0.003681721687001216,0.0004740774625201479,0.7104121826751889,0.57826982492276,0.562821833161689,0.0012812280651556,0.5083184495067288,-0.6935089457642021,0.004836201641219493,0.004336201641219492,0.003336201641219492,0.9977342945417096,0.09189746489768968,7.242324628406033e-05,True,,,194,1.0,50,1.0
R7,live_diag,short,24,Q4|M1,funding_x_momentum,14587,671,628,-0.0007276859662729352,0.0018161833525150565,-0.4006676777789166,0.002105263157894721,-0.002504979855363444,0.0018194383190491487,-1.3767874564016902,0.16903852153545465,-0.006077476643189409,0.0010675169324625205,0.0004347653873559062,-0.001014393540876482,-1.5112601030012165,-0.002332348574306581,0.0003035614925536172,-0.002810299731392412,-4.170694017193222,0.5170357167340783,0.5027764447795983,-0.0014942143033358415,-0.6287898187982772,-0.8848455361579852,-0.0020049798553634425,-0.002504979855363443,-0.003504979855363443,0.9976006032768904,0.12417762754907141,0.00022416893073116286,True,,,194,1.0,50,1.0
R7,live_diag,short,24,Q4|M2,funding_x_momentum,16212,670,625,0.0006414261532023968,0.0017607042189120012,0.36430091227858574,0.0014948614196890753,-0.0011278370375288676,0.0017633273150540188,-0.639607308240624,0.5226472145337792,-0.004590168348455376,0.0023344942733976404,-0.00020075485615715476,0.00025004486817145025,0.5798525093815041,-0.0005966655716012875,0.001096755307944188,-0.001530335694529689,-3.529690181784933,0.5147421662965704,0.49740932642487046,-0.001881877259408078,-0.8262757127275822,-0.9024061736277367,-0.0006278370375288661,-0.0011278370375288665,-0.0021278370375288668,0.998272884283247,0.09173506752740472,0.0002031490484429008,True,,,194,1.0,50,1.0
R7,live_diag,short,24,Q4|M3,funding_x_momentum,16177,672,620,-0.00014037009516601836,0.001707169008094336,-0.0822239007974433,0.0007719027402547374,-0.0019140867927648485,0.001710028870642532,-1.1193301035003247,0.26340045325579786,-0.005271747263166064,0.001443573677636367,-0.0009273261065942933,-6.0784118452316436e-05,-0.15961574202538148,-0.0008085171479996228,0.0006869489110949899,-0.0018484450268333426,-4.826177571572351,0.5063361562712493,0.4903875873153242,-0.0019938808296038326,-0.8698790046195684,-0.8967939202554257,-0.0014140867927648466,-0.001914086792764847,-0.002914086792764847,0.9978982506027075,0.08566475463020243,0.00020639625720125874,True,,,194,1.0,50,1.0
R7,live_diag,short,24,Q4|M4,funding_x_momentum,15787,669,625,-0.00029035521064425557,0.0018148707939772875,-0.15998671178565965,0.0013642564802183177,-0.0020571668308796043,0.0018185301658755067,-1.131225024188262,0.2583669521639874,-0.005627899850003081,0.0015135661882438728,-0.00035467082804277504,-0.0001827545434278223,-0.41071014080865853,-0.0010564668334443561,0.0006909577465887115,-0.001966732250105996,-4.388083863064837,0.5140305314499272,0.49547095711661493,-0.002004186280513189,-0.8758089585279799,-0.9034479716940782,-0.0015571668308796034,-0.0020571668308796043,-0.003057166830879604,0.9974029264584785,0.08768592686183078,0.0001976490105423558,True,,,194,1.0,50,1.0
R7,live_diag,short,24,Q4|M5,funding_x_momentum,14195,671,629,0.00047952973415306665,0.0018906756795983332,0.2536287631599201,0.005891766075065252,-0.0013218807625577109,0.0018941238453793522,-0.6978850753515363,0.4854915501476861,-0.00504102379835936,0.0023972622732439377,0.004181223296660859,0.00041514415253511024,0.5179630763971103,-0.0011585975687877733,0.001988885873857994,-0.0013971496985929282,-1.7367577914055303,0.5482916519901374,0.5343430785487848,-0.0018400409653876802,-0.7489225639226347,-0.9291689484800651,-0.0008218807625577088,-0.0013218807625577102,-0.0023218807625577102,0.9983092638252906,0.10159130327240976,0.00018111446122361793,True,,,194,1.0,50,1.0
R7,live_diag,short,24,Q5|M1,funding_x_momentum,11680,726,602,-0.0018125187438583715,0.0020125339456287666,-0.9006152406995027,0.0018694501154754017,-0.0032731348635197696,0.002013083360063699,-1.6259311106799865,0.10439947394360898,-0.00722531270503045,0.0006790429779909104,0.0006871130708015084,-0.0031917475447594845,-2.826588279434194,-0.005408614837768397,-0.0009748802517505718,-0.004672036078639944,-4.166809090923435,0.513527397260274,0.5018835616438356,-0.0036011135371510966,-1.304702508363796,-0.9819631164932013,-0.002773134863519767,-0.0032731348635197683,-0.004273134863519768,0.9922089041095891,0.18952192545945554,0.0008068929674691442,True,,,194,1.0,50,1.0
R7,live_diag,short,24,Q5|M2,funding_x_momentum,7144,704,612,0.00037954385287013344,0.0021681951921181507,0.1750505924235308,0.0021900447872397755,-0.0007166986080700524,0.002155459361786067,-0.3325038832911135,0.7396080713285148,-0.0049486176403812235,0.0035152204242411183,0.0008513887646685748,-0.0009021470762320712,-1.0194605110309252,-0.0026395613363606797,0.0008352671838965374,-0.0020182497534813886,-2.3767957070965804,0.5188969764837627,0.5069988801791714,-0.0009289751029236896,-0.3510522277533558,-0.8436420661048266,-0.0002166986080700518,-0.0007166986080700525,-0.0017166986080700524,0.9969204927211646,0.112844852049848,0.0006238883192923292,True,,,194,1.0,50,1.0
R7,live_diag,short,24,Q5|M3,funding_x_momentum,6443,698,593,5.058979267954184e-05,0.001803876617652574,0.028045040433738472,0.001887014978181445,-0.001349996982160919,0.0018052080746539364,-0.7478345577529711,0.45481255193182846,-0.004894303260610864,0.0021943092962890256,0.0004500151899507676,-0.0004046286802287701,-0.6133655033638231,-0.0016998387336855012,0.0008905813732279609,-0.0018232236021895735,-2.7613331614486634,0.5165295669719075,0.5042681980443893,-0.0006998108605323846,-0.27461548010612385,-0.8004840473132322,-0.0008499969821609186,-0.0013499969821609197,-0.0023499969821609195,0.9982927207822443,0.10371604338261638,0.0005741808379975096,True,,,194,1.0,50,1.0
R7,live_diag,short,24,Q5|M4,funding_x_momentum,7325,707,615,0.0006397199883639696,0.0018088445709100562,0.3536622209845908,0.0038363171355499937,-0.0007117892334054243,0.001809455568941281,-0.39337204274205795,0.6941636450281005,-0.004264355948860597,0.0028407774820497483,0.0024945298764853224,-0.0006596781782213835,-0.8444260502749673,-0.002193460601504216,0.0008741042450614491,-0.0020200994621125475,-2.590262625085671,0.5365187713310581,0.5230034129692833,-0.0011096135323176457,-0.4268273707567454,-0.8814911028086668,-0.00021178923340542507,-0.0007117892334054262,-0.0017117892334054263,0.9979522184300341,0.11131842303330873,0.0005898088385772871,True,,,194,1.0,50,1.0
R7,live_diag,short,24,Q5|M5,funding_x_momentum,12218,728,625,-0.0020513478022246697,0.001966102389995319,-1.0433575650297409,0.006359045506061312,-0.003118846064804813,0.0019706163927687265,-1.5826753883960225,0.11393097728029601,-0.006987632956660227,0.0007499408270506009,0.005066372739791275,-0.002089268314066483,-1.5092191472530616,-0.004807044133850105,0.0006285075057171395,-0.003166871151086685,-2.2878618363454093,0.5458340153871337,0.5369945981339008,-0.0005875612274653063,-0.21370578277060615,-0.9080887577849128,-0.002618846064804812,-0.0031188460648048123,-0.004118846064804813,0.9959076771975773,0.14068423822081758,0.000864432666831027,True,,,194,1.0,50,1.0
R7,live_diag,short,48,Q1|M1,funding_x_momentum,13384,730,655,0.003950347583797637,0.002332401018477561,1.6936828412020526,0.010334012443131646,-0.002834312696295781,0.0023489516083130125,-1.20662881528298,0.2279676088656618,-0.007445850665752956,0.001777225273161394,0.00530011516417314,0.0023942466914900254,1.964711246391501,1.8130704574422125e-06,0.004786680312522608,-0.004474491874529328,-3.602241405622708,0.5632750634991782,0.5291349170775437,-0.003377790982502166,-0.6957118157381283,-0.8597668195999726,-0.0023343126962957813,-0.002834312696295781,-0.0038343126962957805,0.9925295084416554,0.14030604179738324,-0.004705641623513475,True,-0.007475897981879962,0.001797373979376926,194,1.0,50,1.0
R7,live_diag,short,48,Q1|M2,funding_x_momentum,10273,727,590,0.0021295609020672607,0.002146845636352011,0.9919487763851894,0.0037439161362784468,-0.0018067043960523536,0.0021564970204201064,-0.8377959157580427,0.4024218151423001,-0.00604043853169116,0.0024270297395864535,0.0006683284512288955,0.0010227672090500715,1.5293394835993006,-0.00029017500212483367,0.0023357094202249764,-0.0030008569720742016,-4.347435142451361,0.528472695415166,0.5013141244037769,-0.0016340243644767751,-0.37051480122176644,-0.727785880697233,-0.0013067043960523542,-0.0018067043960523547,-0.0028067043960523547,0.9936727343521854,0.09522118323071777,-0.002070198038793103,True,-0.005797530959622281,0.0024258099902445185,194,1.0,50,1.0
R7,live_diag,short,48,Q1|M3,funding_x_momentum,9554,725,563,0.0025633230989792794,0.002159588957987724,1.186949530140101,0.003778467249119788,-0.001292853146952301,0.002180800883673182,-0.5928341081624625,0.5534778129731571,-0.005574321604069156,0.002988615310164554,0.0008369328731939758,0.0012044164375783896,1.6461650038313083,-0.00023199227008333947,0.002640825145240119,-0.002729288888487478,-3.554562266836153,0.5273184006698765,0.5024073686414068,-0.0015085240326948106,-0.3365583984673259,-0.7411174300227938,-0.0007928531469523038,-0.0012928531469523041,-0.0022928531469523046,0.9942432489009839,0.08978702907660649,-0.001821945264764711,True,-0.005386901023935027,0.0030654559225406905,194,1.0,50,1.0
R7,live_diag,short,48,Q1|M4,funding_x_momentum,9790,730,594,0.0026230179213517493,0.0021337274979604977,1.229312517113331,0.004905826609220676,-0.0012049229779738436,0.00213875106461842,-0.5633769155779786,0.5733519693403679,-0.005403788423647384,0.0029939424676996974,0.0019469283886736927,0.0014037273360558648,1.9964402040203684,2.335520514138616e-05,0.0027840994669703434,-0.0024797944911982427,-3.460663660232605,0.5367722165474974,0.5132788559754852,-0.0015699246784856187,-0.35030559340953077,-0.7338305158707694,-0.0007049229779738458,-0.001204922977973846,-0.0022049229779738462,0.9963227783452503,0.08921723021402354,-0.0018710716403526747,True,-0.0055243700295693875,0.002935850431641613,194,1.0,50,1.0
R7,live_diag,short,48,Q1|M5,funding_x_momentum,13517,730,651,0.005469938855983583,0.002363771355311885,2.314072739603809,0.015624999999999889,-0.0029352043664271146,0.0024115309318681467,-1.2171539363806927,0.2239406029295135,-0.007669600093215743,0.0017991913603615135,0.010746875757944108,0.004653677355922029,3.217271726126582,0.0018139394427404993,0.007493415269103559,-0.0037744081067145165,-2.486918503368076,0.5913294370052526,0.5579640452763187,-0.003453548242742656,-0.6973938634093428,-0.8950730900152281,-0.0024352043664271133,-0.0029352043664271138,-0.003935204366427114,0.996670858918399,0.10715343942088262,-0.006258414216894301,True,-0.007629100896738144,0.001976122478017555,194,1.0,50,1.0
R7,live_diag,short,48,Q2|M1,funding_x_momentum,8943,684,644,-0.0035299202617992387,0.0025385767848680727,-1.3905115192261892,0.0015673981191222097,-0.00570488976775524,0.002545757334405865,-2.2409401283672077,0.025351458234164546,-0.010703366145511671,-0.0007064133899988088,-0.00037304129754632716,-0.000580340156313677,-0.6044373179695873,-0.0024655067219628655,0.0013048264093355113,-0.0028005336661665577,-2.8854608209971224,0.5140333221514033,0.49480040254948005,-0.0030217334561145424,-0.6198536866922788,-0.8439578563720875,-0.0052048897677552395,-0.00570488976775524,-0.006704889767755241,0.9960863244996087,0.1085450401410404,-0.00027085456219129195,True,-0.010992845197826201,-0.0007433288965025094,194,1.0,50,1.0
R7,live_diag,short,48,Q2|M2,funding_x_momentum,11689,683,599,-0.0012629311662236949,0.0023704691570692626,-0.532776881933838,0.0012777919754664024,-0.003431949494424965,0.0023739922007903628,-1.4456448059443419,0.1487375529578538,-0.008093185208054793,0.0012292862192048635,-0.0005827258921693706,2.3192788289083105e-05,0.03590004890755388,-0.0012452691202038968,0.001291654696782063,-0.0021867149433144237,-3.325752538888872,0.5091111301223372,0.49413978954572674,-0.0030982563317431514,-0.6797107609793022,-0.8592949233858793,-0.0029319494944249633,-0.0034319494944249638,-0.004431949494424965,0.9970057318846779,0.08557929995991156,-0.00017804704050111507,True,-0.008103097237825298,0.0013884781079879463,194,1.0,50,1.0
R7,live_diag,short,48,Q2|M3,funding_x_momentum,12486,685,580,-0.0015280037848594277,0.0023761249506039552,-0.6430654181174458,0.00024487704889197826,-0.0037137037028123917,0.0023848306711927053,-1.5572190292886028,0.119882392813576,-0.008396195822113569,0.0009687884164887848,-0.00155086969961937,-0.0005431193905368311,-0.8498745928270458,-0.0017978708552005467,0.0007116320741268846,-0.0027737836698785933,-4.250436805905494,0.5015217043088259,0.48550376421592184,-0.003488345877827538,-0.7762670682320211,-0.871947873651495,-0.003213703702812392,-0.003713703702812392,-0.004713703702812392,0.9965561428800256,0.08082462584203802,-0.00019525559752471206,True,-0.008124410461397173,0.0009570819663115578,194,1.0,50,1.0
R7,live_diag,short,48,Q2|M4,funding_x_momentum,12335,685,596,-0.0008824325300106912,0.002369177968369333,-0.37246358939343643,0.0008319467554076532,-0.003016153443511899,0.0023733305092043266,-1.2708526822600374,0.2042143708453103,-0.00767606558741619,0.001643758700392392,-0.001107620917365602,0.0003863575792608331,0.598816770221875,-0.0008804560608630229,0.001653171219384689,-0.0017970642646861737,-2.7600298150187994,0.5055933852140078,0.4892996108949416,-0.002759868481156598,-0.6244304680464672,-0.8486512856517792,-0.002516153443511898,-0.0030161534435118984,-0.004016153443511899,0.996757457846952,0.07971113943293766,-0.00014566022852960237,True,-0.0075837089707105855,0.0013978583746580028,194,1.0,50,1.0
R7,live_diag,short,48,Q2|M5,funding_x_momentum,9097,686,642,0.0011412774857701802,0.0026446562342125773,0.431540958331768,0.006651884700665245,-0.0012804417783921925,0.0026528091363554815,-0.4826739175632162,0.6294819464756134,-0.006489082246113123,0.003928198689328737,0.00443611767320524,0.001272038100760612,1.2020526959068634,-0.0008057092546353989,0.003349785456156623,-0.0012071216630473015,-1.1374474229829374,0.5487523359349236,0.5273166978124656,-0.002439572260023528,-0.5062395644375123,-0.8660502524572244,-0.0007804417783921916,-0.0012804417783921914,-0.0022804417783921912,0.9948334615807409,0.08836588416705897,-0.00028900923425414783,True,-0.006490593711016814,0.003917697097972798,194,1.0,50,1.0
R7,live_diag,short,48,Q3|M1,funding_x_momentum,9567,675,623,0.006059775835820472,0.002761520720365957,2.1943618931156994,0.009636443276390572,0.004348060516206644,0.0027718096035870285,1.5686721449336825,0.11719507858012991,-0.0010943887733020864,0.009790509805715376,0.0081619322293831,0.0013517543613998948,1.575737567970173,-0.00033263527611130457,0.0030361439989110943,-0.00044856873767175093,-0.5196759011330297,0.560886380265496,0.5476115814779973,0.0011571644216560883,0.24149423828294814,-0.6797660362833629,0.004848060516206645,0.004348060516206646,0.0033480605162066464,0.9959234869865161,0.10919485562939825,0.0001747473908480211,True,-0.0009674723098148292,0.009830984374800986,194,1.0,50,1.0
R7,live_diag,short,48,Q3|M2,funding_x_momentum,13143,684,567,0.006044955971007435,0.0026102383705501834,2.3158635775219585,0.006684733514001895,0.004294904512140633,0.0026199147385308026,1.6393298793185662,0.101606419398508,-0.0008491764869772234,0.00943898551125849,0.005038116740478301,0.0016950764411786013,2.7841587055701176,0.0004996752717033948,0.0028904776106538077,-0.00012596012633604522,-0.20520892133698804,0.5488092520733471,0.535189834893099,0.0004059611972974794,0.08391018446038839,-0.7227104767516301,0.004794904512140634,0.004294904512140632,0.003294904512140632,0.9961956935250704,0.08731657504693757,0.0001833140594210601,True,-0.0007964875529885573,0.009147065757828273,194,1.0,50,1.0
R7,live_diag,short,48,Q3|M3,funding_x_momentum,13801,683,563,0.006227346083811027,0.0025513768571438673,2.4407786197379773,0.0074898196625946545,0.0044588436349603374,0.00255910953568357,1.7423418469539347,0.08190074148400008,-0.0005658623260986597,0.009483549596019335,0.00590690656716421,0.001629242435176037,2.8238689935166112,0.0004964230427430586,0.0027620618276090157,-0.00021003726347531063,-0.36186384876401045,0.5552496195927832,0.5417723353380189,0.0018716744327281535,0.4088871647051764,-0.6045404668490153,0.004958843634960336,0.004458843634960336,0.0034588436349603357,0.996232157090066,0.08230271446527342,0.00019284650083641958,True,-0.0003197213172460099,0.009560997815396164,194,1.0,50,1.0
R7,live_diag,short,48,Q3|M4,funding_x_momentum,13223,682,584,0.007013035618326769,0.0026396263428893805,2.6568289247523493,0.008893280632411127,0.005214253196778488,0.0026529984586971746,1.9654188564207027,0.049772969433713066,5.186531426497332e-06,0.010423319862130478,0.007262983803912803,0.001408749568362786,2.1738505122474,0.0001363463456173894,0.0026811527911081824,-0.0004830637049188403,-0.7367855460321404,0.5632609846479619,0.5491189593889435,-0.00038427950421239873,-0.08445564036014165,-0.6664563925981926,0.005714253196778488,0.00521425319677849,0.004214253196778488,0.9950843227709294,0.08228690858639401,0.00016403805593554838,True,4.952789195582769e-05,0.010510378779323823,194,1.0,50,1.0
R7,live_diag,short,48,Q3|M5,funding_x_momentum,9710,681,609,0.009667959222980674,0.00274164563477055,3.5263343666183875,0.013645360279591623,0.007831877488762082,0.0027506197850211355,2.84731373322173,0.00454240454022189,0.0024311206506848265,0.013232634326839337,0.012001284667671199,0.0033007359419470897,3.7514742199542943,0.001573186071285669,0.00502828581260851,0.0013867910245383068,1.5657530332941854,0.588259526261586,0.5753861997940268,0.0005110249006803462,0.08075934033470117,-0.8458152809683992,0.008331877488762086,0.007831877488762086,0.006831877488762084,0.9959835221421215,0.09189746489768968,0.00010892639540894893,True,0.0024068948302364917,0.013305915829940038,194,0.8812264808030466,50,0.2271202270110945
R7,live_diag,short,48,Q4|M1,funding_x_momentum,14587,671,628,0.00021268367680252355,0.0025162463677995514,0.08452418631348674,0.0043627298223745115,-0.001398092529877329,0.0025260861592678817,-0.5534619334926123,0.580132330242843,-0.006358117324288988,0.0035619322645343305,0.003062865923311316,-0.0018674715188108958,-2.0614210599233993,-0.003646244866338618,-8.869817128317396e-05,-0.0035304959424208053,-3.8612564901577078,0.5258792075135394,0.5157331870843902,-0.0026059976603626826,-0.5531207473597578,-0.8062995966413925,-0.0008980925298773305,-0.0013980925298773307,-0.0023980925298773305,0.995543977514225,0.12417762754907141,0.00036871469838863584,True,-0.006383675273159236,0.0032908688341037567,194,1.0,50,1.0
R7,live_diag,short,48,Q4|M2,funding_x_momentum,16211,670,625,0.002511771201335129,0.0024392979132213813,1.0297107162355739,0.003575928890099833,0.000947752257682153,0.0024472255248092823,0.38727622283851976,0.6986752657691425,-0.0038574410520869516,0.005752945567451258,0.0022444090861618183,0.0004451384473300233,0.6872802283957083,-0.0008265940409692191,0.0017168709356292658,-0.0011828490490841893,-1.81036601265785,0.5219590426844313,0.513631877621515,-0.0024406765328183534,-0.5286929140073338,-0.8375371127924103,0.0014477522576821517,0.0009477522576821523,-5.224774231784823e-05,0.9961756723414754,0.09173506752740472,0.0003350917900928678,True,-0.004036017035558737,0.005647049551817363,194,1.0,50,1.0
R7,live_diag,short,48,Q4|M3,funding_x_momentum,16177,672,620,0.0017217582523418214,0.0025096307972109727,0.686060377588314,0.0028901734104046506,0.00019526892740632523,0.0025146370784284522,0.07765292617428536,0.9381273588140714,-0.004742261952963706,0.0051327998077763575,0.001455982356388998,8.711993311493171e-05,0.142854130774587,-0.0011103287043193618,0.0012845685705492253,-0.0015025662279471012,-2.4647850209440008,0.519008468813748,0.50825245719231,-0.002514197588231719,-0.5475645162516108,-0.8034526431664297,0.0006952689274063235,0.0001952689274063229,-0.0008047310725936769,0.9957965012054151,0.08566475463020243,0.0003434806269786979,True,-0.004755678351587254,0.0051485329232951295,194,1.0,50,1.0
R7,live_diag,short,48,Q4|M4,funding_x_momentum,15787,669,625,0.0008226140588363746,0.0025388591197768786,0.3240093364883783,0.0031438631790745575,-0.0007960821656028399,0.002548023267022148,-0.31243127796600306,0.754810579747262,-0.00579920821616138,0.0042070438849557005,0.001656614552014381,-0.0001725933476748192,-0.2608348391972582,-0.001471847585064508,0.0011266608897148695,-0.001849719636155096,-2.7723170577185754,0.5211249762462786,0.5095331601950972,-0.00308288002203836,-0.6318398480876519,-0.8583482024869576,-0.0002960821656028409,-0.0007960821656028404,-0.001796082165602841,0.9955659720022804,0.08768592686183078,0.0003323511497104963,True,-0.005770805578821187,0.004041609968304373,194,1.0,50,1.0
R7,live_diag,short,48,Q4|M5,funding_x_momentum,14195,671,629,0.0031943071268379373,0.0025390714491270077,1.258061141972281,0.009672830725462211,0.0015453057366876203,0.002549099155129406,0.606216409266815,0.5445769998139495,-0.0034599055727002085,0.006550517046075449,0.008197038020349497,0.001509852075737016,1.3986333888910703,-0.0006097964028540597,0.0036295005543280916,-0.00021716873020255267,-0.2000930286397087,0.557661148291652,0.5466009158154279,-0.002518437031415133,-0.5243999789957107,-0.8497434142705231,0.002045305736687619,0.0015453057366876207,0.0005453057366876201,0.995420922860162,0.10159130327240976,0.0003270712738853351,True,-0.003794373493420628,0.006569925309507905,194,1.0,50,1.0
R7,live_diag,short,48,Q5|M1,funding_x_momentum,11680,726,602,-0.004565340897991385,0.0028136348949845064,-1.6225775796743962,0.0028731524254244634,-0.005451874840474707,0.002817537928103279,-1.934978332002374,0.05338266580647406,-0.010983407700841996,7.965801989258132e-05,0.0024632892980051644,-0.005813946568244421,-3.586398995692338,-0.008996576542941163,-0.002631316593547678,-0.006741445285832341,-4.177461927952491,0.5148972602739726,0.5080479452054795,-0.0044827229195930135,-0.7883065146777759,-0.9224048010277697,-0.0049518748404747065,-0.005451874840474707,-0.006451874840474706,0.9878424657534246,0.18952192545945554,0.0015408811908476177,True,-0.010766698272388095,-0.00012326388380443052,194,1.0,50,1.0
R7,live_diag,short,48,Q5|M2,funding_x_momentum,7144,704,612,-0.004060606118440686,0.0029174118163469084,-1.3918522217837759,0.0007809322444729538,-0.004447988161499826,0.002889713137617375,-1.539249036036594,0.12419475872476088,-0.010121517605059357,0.0012255412820597047,1.523679007706287e-05,-0.0036672004465663475,-2.7909219241132224,-0.006246984805322359,-0.0010874160878103362,-0.004088490462463682,-3.2972560429693436,0.5033594624860023,0.49762038073908177,-0.001665287258772559,-0.3112545142220861,-0.7759282701562299,-0.003947988161499827,-0.004447988161499826,-0.005447988161499826,0.9951007838745801,0.112844852049848,0.0011373677887185174,True,-0.010187378355341187,0.0010668743904358442,194,1.0,50,1.0
R7,live_diag,short,48,Q5|M3,funding_x_momentum,6443,698,593,-0.002416053782543007,0.0026337823877678438,-0.9173323482471292,0.0012132241431604962,-0.003372006307046411,0.0026419647568375203,-1.2763252417805768,0.20226690297959415,-0.008559195460726636,0.0018151828466338137,0.00021193973897702407,-0.0015380549501570694,-1.3202690915607587,-0.0038252978428755533,0.0007491879425614145,-0.002520932844052014,-2.1543594942481916,0.5067515132702157,0.4996119819959646,-0.00067795753773019,-0.12457924829936871,-0.7138590078763212,-0.0028720063070464107,-0.0033720063070464116,-0.004372006307046411,0.9958094055564178,0.10371604338261638,0.001026804697630917,True,-0.008451723770030282,0.0017170454336460578,194,1.0,50,1.0
R7,live_diag,short,48,Q5|M4,funding_x_momentum,7325,707,615,-0.0019254754916691427,0.0025874813447864615,-0.7441504826880394,0.001697138008177057,-0.0027391813381486474,0.0025785466244409774,-1.0622966101078335,0.2884653170856096,-0.007801743495520629,0.002323380819223334,0.0009134613486890871,-0.0016722735041139975,-1.4034034046836434,-0.00401174654059379,0.0006671995323657952,-0.002535433198782146,-2.16693646196924,0.5113993174061433,0.5045733788395904,0.00021764363876983488,0.04308297911927424,-0.7124447261600171,-0.002239181338148649,-0.002739181338148649,-0.00373918133814865,0.995494880546075,0.11131842303330873,0.0011003570049369082,True,-0.007949456668542808,0.0022341196600532912,194,1.0,50,1.0
R7,live_diag,short,48,Q5|M5,funding_x_momentum,12218,728,625,-0.005450183265249123,0.002961700483507384,-1.840220945905631,0.009215905326234564,-0.005746869738233367,0.002981137210384799,-1.9277441233547157,0.05427727055174795,-0.011599561905512663,0.0001058224290459292,0.008609880733431687,-0.004566346792317961,-2.2089983927011723,-0.008624656716947121,-0.0005080368676888018,-0.004887471072321481,-2.341986259956823,0.5472254051399574,0.5412506138484203,-5.1073259145473564e-05,-0.009003049139511025,-0.7918444313295374,-0.005246869738233368,-0.0057468697382333685,-0.006746869738233369,0.9927975118677361,0.14068423822081758,0.0015334506784830887,True,-0.011726398682572517,-1.4543811590975836e-05,194,1.0,50,1.0
R7,live_diag,short,72,Q1|M1,funding_x_momentum,13383,730,655,0.0066699603648934895,0.002804652366183749,2.378177219150055,0.0156138599743334,-0.002427419035419624,0.002845120826746524,-0.8531866248349973,0.39383721212514095,-0.008013065334036203,0.003158227263196955,0.009549485266492352,0.004221152669838471,2.8490210235151947,0.0013124110970768933,0.007129894242600049,-0.004998241916048138,-3.2678725200372507,0.5802330793366204,0.5425070969669804,-0.003835062299769699,-0.5113796301670285,-0.7960630873963465,-0.0019274190354196241,-0.002427419035419625,-0.0034274190354196253,0.9902883609741521,0.14030604179738324,-0.006791981589468922,True,,,194,1.0,50,1.0
R7,live_diag,short,72,Q1|M2,funding_x_momentum,10273,727,590,0.0028396377102521088,0.0025879248963426664,1.0972643426651099,0.0055506865322815235,-0.0021736957229802688,0.002609013742145717,-0.8331484376132752,0.4050361574861658,-0.007295843362548744,0.0029484519165882063,0.001677807307847735,0.0011079891118691676,1.3447892861100825,-0.0005095469387201724,0.0027255251624585075,-0.004019999848681668,-4.652593003545941,0.5335345079334177,0.5057918816314612,-0.002055610776082668,-0.3155777370015657,-0.6797337123735196,-0.0016736957229802685,-0.0021736957229802683,-0.0031736957229802697,0.9913365131899153,0.09522118323071777,-0.0031044942458758828,True,,,194,1.0,50,1.0
R7,live_diag,short,72,Q1|M3,funding_x_momentum,9554,725,563,0.003963298607572506,0.002591865500784652,1.5291297354637696,0.007744824634689507,-0.0008401825570193663,0.002617474473125053,-0.32098978066298245,0.7483111538974233,-0.005978964633293719,0.004298599519254986,0.004328867389635284,0.0014046006949564888,1.626346857153556,-0.00029096423014516085,0.0031001656200581387,-0.0035086001723933277,-3.8741934304524333,0.5452166631777267,0.5207243039564581,-0.0020087851978769855,-0.29978063150955336,-0.6797601544126147,-0.00034018255701936836,-0.0008401825570193691,-0.001840182557019369,0.9913125392505757,0.08978702907660649,-0.0027705174575018456,True,,,194,1.0,50,1.0
R7,live_diag,short,72,Q1|M4,funding_x_momentum,9790,730,594,0.004445246358541426,0.0025359525447008696,1.7528901981349057,0.007430379193931802,-0.00022082784585095034,0.0025492840748690027,-0.08662347520540557,0.9309946902863904,-0.0052256765057222395,0.004784020814020338,0.004169991657901962,0.002398320176192261,2.5697691240032587,0.0005660783774312139,0.004230561974953308,-0.0023416108058586754,-2.451016720703848,0.545250255362615,0.5219611848825332,-0.0015037437266607486,-0.20843451451030415,-0.7195051114970492,0.0002791721541490481,-0.00022082784585095302,-0.001220827845850953,0.9932584269662922,0.08921723021402354,-0.0027237522727272716,True,,,194,1.0,50,1.0
R7,live_diag,short,72,Q1|M5,funding_x_momentum,13517,730,651,0.009079289449474705,0.0026786568583831035,3.389493290661785,0.020415346708905324,-0.001421406321796641,0.0027317862508708926,-0.5203212079069134,0.6029983469762972,-0.006784549994762376,0.0039417373511690945,0.014329209713904967,0.008032714298227075,5.255369255125579,0.005031971194571511,0.011033457401882638,-0.002498344542288446,-1.565240306104747,0.59377080713176,0.5612192054449952,-0.00258767521650492,-0.33996251805560707,-0.8531504912363846,-0.0009214063217966409,-0.001421406321796643,-0.002421406321796643,0.9943034697048162,0.10715343942088262,-0.008252972203125004,True,,,194,1.0,50,1.0
R7,live_diag,short,72,Q2|M1,funding_x_momentum,8943,684,644,-0.0036030500180181052,0.0031107146363979266,-1.1582708281432983,0.0045811518324606615,-0.005911671746191259,0.0031293330454505806,-1.8891155592357414,0.059301586239824,-0.012055988036042593,0.0002326445436600733,0.0028525744444445975,-0.0006044058892592662,-0.48883518231050177,-0.0030320476982317775,0.001823235919713245,-0.0029646431873789967,-2.36151354422647,0.5259979872525998,0.5109023817510903,-0.003162065581661194,-0.43606247140530735,-0.7854038307009878,-0.005411671746191257,-0.005911671746191262,-0.006911671746191261,0.9937381191993738,0.1085450401410404,-0.00047352302689322056,True,,,194,1.0,50,1.0
R7,live_diag,short,72,Q2|M2,funding_x_momentum,11689,683,599,-0.0015868904035600088,0.002841535617978931,-0.5584622601664587,0.004021937842778822,-0.003971245654003581,0.002845485224761873,-1.3956303900105187,0.16328203678237135,-0.009558253133207918,0.0016157618252007552,0.002095822124379426,-0.0001474096752454458,-0.181427122632869,-0.0017427130472217453,0.0014478936967308538,-0.0025811806812308276,-3.131563184666106,0.5244246727692703,0.5103943878860467,-0.0034522767867423494,-0.5032684180296346,-0.8255408616929891,-0.0034712456540035804,-0.003971245654003581,-0.004971245654003582,0.9958080246385491,0.08557929995991156,-0.000369743953608247,True,,,194,1.0,50,1.0
R7,live_diag,short,72,Q2|M3,funding_x_momentum,12486,685,580,-0.0014613471387570705,0.0027973822019916684,-0.5223980969481491,0.00267469737362519,-0.0037991840172832167,0.0028088687683412296,-1.352567289758722,0.17664283232978387,-0.00931426748459576,0.0017158994500293275,0.0008705508784131906,-0.0003886550659311388,-0.49416812315334346,-0.0019328668228705622,0.0011555566910082847,-0.0027843266431990263,-3.4681952016519504,0.5150568636873298,0.5024026910139356,-0.003683825408741372,-0.5531183852822841,-0.8222190961088844,-0.003299184017283217,-0.0037991840172832184,-0.004799184017283218,0.9950344385711998,0.08082462584203802,-0.00034731673374114485,True,,,194,1.0,50,1.0
R7,live_diag,short,72,Q2|M4,funding_x_momentum,12335,685,596,0.00012960270585328151,0.0028461717735304946,0.04553579901908648,0.0028901734104045396,-0.0021200450662937956,0.0028533863386073174,-0.7429926461793283,0.4577423566039385,-0.0077225367167677115,0.00348244658418012,0.001013875882352801,0.0008421117283554016,1.081471058629442,-0.0006867635678510641,0.002370987024561867,-0.0014674575626757586,-1.8635983208206028,0.5175097276264592,0.5030804150453956,-0.0022068596926102853,-0.33690643004924964,-0.7639600390699859,-0.0016200450662937967,-0.0021200450662937974,-0.0031200450662937974,0.9952983138780804,0.07971113943293766,-0.0002634361801596345,True,,,194,1.0,50,1.0
R7,live_diag,short,72,Q2|M5,funding_x_momentum,9097,686,642,0.0014875982967385753,0.0032105832174394956,0.4633420771211047,0.009190057022643083,-0.0011091280669057629,0.0032259337854191232,-0.3438161291217146,0.7310905410140758,-0.007443082804269954,0.005224826670458428,0.007230065659405469,0.001989685114586869,1.5887242848499272,-0.00046927759142739375,0.004448647820601131,-0.000690323885250958,-0.5464679642552681,0.5510607892711883,0.5332527206771464,-0.0017818246542559506,-0.2565545461602217,-0.741255684988694,-0.0006091280669057636,-0.0011091280669057642,-0.0021091280669057644,0.992854787292514,0.08836588416705897,-0.0004634392593002714,True,,,194,1.0,50,1.0
R7,live_diag,short,72,Q3|M1,funding_x_momentum,9567,675,623,0.010051006131061184,0.003568243859984412,2.81679350556077,0.014840764331210177,0.008259076452686073,0.0035917766946429943,2.299440403687732,0.021786164491662516,0.0012066024811397229,0.015311550424232424,0.013390310201401317,0.002264669038238094,2.1627913062392428,0.0002086894519138442,0.004320648624562344,0.0003407154857498284,0.32247389964838175,0.5716525556600816,0.5611999581896101,0.0017700266007356978,0.2398416385245451,-0.685344518858096,0.008759076452686072,0.00825907645268607,0.007259076452686071,0.9932058116441936,0.10919485562939825,0.00012603114396968126,True,,,194,1.0,50,1.0
R7,live_diag,short,72,Q3|M2,funding_x_momentum,13143,684,567,0.010019005501028225,0.003348361094057993,2.9922117775194463,0.012299465240641738,0.008273262352698256,0.0033675284083266627,2.456775815830243,0.014267784707471132,0.0016612592979580714,0.01488526540743844,0.010917762855709877,0.00310325534895613,4.157699014014303,0.001637765406185939,0.004568745291726321,0.0012454608133979797,1.652098365498138,0.5648634253975501,0.5547439701742373,0.0015842190929709163,0.22162967996809288,-0.6999473795764668,0.008773262352698255,0.008273262352698253,0.007273262352698254,0.9939891957696112,0.08731657504693757,0.0001714532501530862,True,,,194,1.0,50,0.7133892353735566
R7,live_diag,short,72,Q3|M3,funding_x_momentum,13801,683,563,0.010816496969307785,0.0032509404792568316,3.327190097242398,0.012411347517730431,0.009027417668095653,0.0032659166832749737,2.7641298121062907,0.005862269642535589,0.0026149082032318922,0.015439927132959413,0.010805544783526968,0.003055356774359591,4.490577025426058,0.0017194403580586101,0.004391273190660572,0.001154328013074413,1.682201646157318,0.5732917904499674,0.560973842475183,0.002978078293790246,0.436912221780637,-0.6093257331095032,0.009527417668095653,0.00902741766809565,0.008027417668095652,0.9943482356350989,0.08230271446527342,0.00020548372003205572,True,,,194,1.0,50,0.29311348212677946
R7,live_diag,short,72,Q3|M4,funding_x_momentum,13223,682,584,0.011028702172276125,0.0034742589992914127,3.174404146186415,0.013450292397660935,0.009272896455961537,0.0034969992872517226,2.651672389458526,0.008196617036928255,0.0024066465597655396,0.016139146352157532,0.011889784748441427,0.0022001691746945866,2.718197340350561,0.0006109063199531523,0.003789432029436021,0.00030019772147192836,0.3651425756263485,0.5774786357105044,0.564244120093776,0.0005357843765728792,0.0781311802074308,-0.6525938500372722,0.009772896455961537,0.009272896455961537,0.008272896455961534,0.9934205550933979,0.08228690858639401,0.00016279524817295368,True,,,194,1.0,50,0.40983085184641277
R7,live_diag,short,72,Q3|M5,funding_x_momentum,9710,681,609,0.013573657706524436,0.003481845998329684,3.8984084054941,0.02055148332865836,0.011739263049929073,0.0034972511531987114,3.356711467288222,0.0008328596849203169,0.004872500484357239,0.018606025615500905,0.019109539076039087,0.004100857439011141,3.5719600506562346,0.001846670878008105,0.006355044000014177,0.002141422203782265,1.8490883836970393,0.6007209062821833,0.5885684860968075,0.0031867173387682976,0.407787724566376,-0.6516411078995903,0.012239263049929073,0.011739263049929073,0.01073926304992907,0.9942327497425335,0.09189746489768968,0.00012972640252744127,True,,,194,0.16157477887454147,50,0.04164298424601585
R7,live_diag,short,72,Q4|M1,funding_x_momentum,14587,671,628,0.0004581580222198517,0.0028337179402468074,0.16168088422376564,0.007518796992481258,-0.0011238678440281167,0.0028479163734422223,-0.39462810583504565,0.6932435188875048,-0.006715828440104746,0.004468092752048512,0.0063659919526856835,-0.0016157745920115474,-1.5220161401014518,-0.003700240765157552,0.0004686915811344572,-0.0032629058428284854,-3.062237758091201,0.5377390827449099,0.5290327003496264,-0.003410819284793662,-0.49059853930137354,-0.7318676932005832,-0.0006238678440281164,-0.0011238678440281173,-0.002123867844028118,0.9930074724069377,0.12417762754907141,0.0004666655139799556,True,,,194,1.0,50,1.0
R7,live_diag,short,72,Q4|M2,funding_x_momentum,16211,670,625,0.0027843520890703352,0.0028054501592429774,0.9924796132616609,0.007499385296287131,0.0013428487368516008,0.002820078002821532,0.47617432408183735,0.634106357239259,-0.0041944655817153596,0.006880163055418562,0.00650812313454663,0.0007276461073231587,0.8822108652053172,-0.0008918589853056938,0.002347151199952011,-0.0007883893686719321,-0.9433274930237732,0.5434863064396743,0.5351591413767579,-0.003095081036372215,-0.4518366855438887,-0.8173551031364115,0.001842848736851601,0.0013428487368515997,0.00034284873685159974,0.9935849987663459,0.09173506752740472,0.00043199785199898974,True,,,194,1.0,50,1.0
R7,live_diag,short,72,Q4|M3,funding_x_momentum,16177,672,620,0.0012676131281693006,0.0028354333665195548,0.4470615120556593,0.0047998464049150424,-0.0001511098950007022,0.002846523397666427,-0.05308577302564305,0.957679438172865,-0.0057403201357117154,0.0054381003457103115,0.003719064132885634,5.313371734049657e-05,0.07323619029351484,-0.001371412751120382,0.0014776801858013752,-0.001441536653961919,-1.977284662844833,0.5297644804351858,0.5197502627186746,-0.003473071782324561,-0.5171415656861871,-0.7810376926886378,0.0003488901049992972,-0.00015110989500070386,-0.0011511098950007037,0.9936329356493787,0.08566475463020243,0.000450257471071281,True,,,194,1.0,50,1.0
R7,live_diag,short,72,Q4|M4,funding_x_momentum,15787,669,625,0.0013976798865086863,0.002830677631789156,0.4937615893849664,0.0062937062937061805,-0.00012867565911733102,0.0028466829654472605,-0.04520196336549686,0.9639598992105645,-0.005718244984260097,0.005460893666025435,0.005146531828623181,0.0009503374574560176,1.178282999635476,-0.0006333297490733309,0.002534004663985366,-0.0006514336978191834,-0.7989344326908555,0.5370874770380692,0.5279027047570786,-0.0023077349286312176,-0.34259008750451614,-0.7599651939521466,0.00037132434088266777,-0.0001286756591173336,-0.0011286756591173334,0.9932222714892,0.08768592686183078,0.0004262973258928447,True,,,194,1.0,50,1.0
R7,live_diag,short,72,Q4|M5,funding_x_momentum,14195,671,629,0.0012110794729991842,0.002983944875543108,0.4058652299261244,0.012605042016806789,-0.0002675895968721984,0.003001782773511353,-0.08914355803274329,0.9289945801248473,-0.006161671018641043,0.005626491824896646,0.01148608105990784,-0.0006598860152699725,-0.4562616458688397,-0.0034996895597452617,0.0021799175292053167,-0.00222590871225108,-1.524510228077416,0.5641423036280381,0.5542092286016203,-0.005449102112761592,-0.7624805889007692,-0.8626470410831277,0.00023241040312780098,-0.00026758959687220074,-0.0012675895968722007,0.9929552659387109,0.10159130327240976,0.0004431416559063272,True,,,194,1.0,50,1.0
R7,live_diag,short,72,Q5|M1,funding_x_momentum,11680,726,602,-0.006108465941354483,0.0033254341976427944,-1.8368927419115424,0.004912195189631985,-0.006351379558608676,0.0033454038011251205,-1.898538991458248,0.0580235885832302,-0.012919260632973892,0.0002165015157565408,0.0054509361280900195,-0.007736411132860224,-4.126835532847284,-0.011416820240832579,-0.004056002024887869,-0.008037961300390901,-4.284917942150799,0.5216609589041096,0.5154965753424657,-0.005322596022767265,-0.5763450947347987,-0.873436123355141,-0.005851379558608671,-0.006351379558608674,-0.007351379558608674,0.9845890410958904,0.18952192545945554,0.0022648210226086716,True,,,194,1.0,50,1.0
R7,live_diag,short,72,Q5|M2,funding_x_momentum,7143,704,612,-0.0075667901294797415,0.003939369117975071,-1.9208126740276752,0.0035684875102938163,-0.007624502640472893,0.003919673330428458,-1.945188284259255,0.05215235565255408,-0.015320227418435244,7.122213748945744e-05,0.003500529170305725,-0.008218873430880966,-3.4840241736931614,-0.01285043643822211,-0.003587310423539823,-0.00832672097865267,-3.603481447470293,0.5170772676371781,0.5158174692049272,-0.004179090028359561,-0.4561324468746378,-0.8460586740116625,-0.007124502640472897,-0.007624502640472899,-0.008624502640472898,0.9931410974244121,0.112844852049848,0.0015537434334037931,True,,,194,1.0,50,1.0
R7,live_diag,short,72,Q5|M3,funding_x_momentum,6443,698,593,-0.0010850284690231793,0.0031228948461532935,-0.3474431649082553,0.002680965147453196,-0.001515715936061491,0.003139870409880732,-0.4827320042546168,0.6294382668759505,-0.007680500167903694,0.004649068295780712,0.002271243288224433,1.6651610700176596e-05,0.011911964955054316,-0.0027279273706215107,0.0027612305920218638,-0.0004331703597210244,-0.3084122568148227,0.5132702157380102,0.5093900356976564,0.0012475312423322043,0.1538271133118004,-0.7065141227209869,-0.0010157159360614932,-0.0015157159360614937,-0.002515715936061494,0.9942573335402762,0.10371604338261638,0.001433281492350912,True,,,194,1.0,50,1.0
R7,live_diag,short,72,Q5|M4,funding_x_momentum,7325,707,615,-0.004124422224021992,0.003201638141535332,-1.2882224791475474,0.003603603603603678,-0.004611054615488606,0.003216293662755162,-1.4336547277647078,0.15211542201768766,-0.010925746123170786,0.001703636892193574,0.003154941530522839,-0.0034012825159533155,-2.1048268447605096,-0.0065739137371227194,-0.00022865129478391154,-0.0039503185682231235,-2.4330858872805154,0.5169965870307167,0.5131740614334471,-0.0015764299463169823,-0.20426113220770414,-0.7346149537157476,-0.004111054615488606,-0.004611054615488606,-0.005611054615488608,0.9933105802047781,0.11131842303330873,0.0015379471577789867,True,,,194,1.0,50,1.0
R7,live_diag,short,72,Q5|M5,funding_x_momentum,12218,728,625,-0.009133513334331862,0.003800946774671401,-2.402957440813275,0.013183535298494198,-0.008893615469569332,0.0038295503000053935,-2.32236549277256,0.02048968243547292,-0.016411964753502106,-0.0013752661856365582,0.01344650082776039,-0.009292337349634347,-3.266799250946989,-0.014876708048959443,-0.003707966650309251,-0.009069784496153525,-3.1594446287735862,0.555982975937142,0.5533638893435914,-0.00204755823853191,-0.22901648406546374,-0.8641674486045419,-0.00839361546956933,-0.008893615469569327,-0.00989361546956933,0.9894418071697495,0.14068423822081758,0.0020689821515427064,True,,,194,1.0,50,1.0
